,Price for consumption [EUR/MWh] - MBA|DK2
0,28.32
1,10.07
2,-4.08
3,-9.91
4,-7.41
5,-12.55
6,-17.25
7,-15.07
8,-4.93
9,-6.33
10,-4.93
11,0.45
12,0.12
13,-0.02
14,0.0
15,-0.03
16,1.97
17,54.28
18,54.28
19,51.0
20,-6.98
21,-16.01
22,-4.87
23,43.0
24,-33.57
25,-45.92
26,-48.29
27,-33.6
28,-33.54
29,-17.79
30,-0.01
31,37.43
32,45.44
33,44.94
34,44.99
35,45.44
36,44.44
37,44.44
38,45.0
39,48.2
40,47.82
41,48.43
42,49.0
43,49.0
44,48.93
45,48.93
46,48.43
47,46.1
48,51.98
49,51.98
50,51.98
51,48.4
52,48.79
53,45.92
54,51.07
55,51.0
56,51.0
57,50.47
58,49.5
59,51.0
60,62.0
61,52.99
62,50.97
63,50.47
64,50.6
65,51.48
66,65.67
67,61.51
68,57.6
69,54.44
70,48.0
71,45.42
72,46.78
73,47.97
74,47.07
75,48.29
76,48.43
77,46.91
78,52.5
79,53.99
80,54.44
81,48.79
82,48.79
83,48.29
84,46.78
85,45.78
86,45.0
87,45.0
88,46.78
89,46.78
90,46.28
91,46.28
92,44.5
93,44.27
94,43.96
95,31.41
96,26.9
97,25.12
98,24.12
99,22.04
100,18.37
101,22.09
102,23.35
103,45.6
104,45.6
105,46.11
106,46.11
107,46.11
108,51.36
109,47.12
110,47.12
111,47.12
112,48.0
113,50.0
114,60.16
115,58.01
116,47.63
117,46.62
118,45.1
119,44.59
120,43.76
121,43.25
122,42.4
123,41.0
124,41.0
125,41.0
126,41.0
127,43.25
128,43.76
129,44.9
130,48.0
131,97.65
132,93.74
133,73.66
134,46.38
135,47.0
136,48.85
137,61.91
138,61.36
139,93.74
140,93.61
141,71.29
142,47.32
143,47.32
144,48.62
145,47.98
146,44.0
147,44.0
148,44.0
149,45.5
150,53.51
151,49.86
152,133.92
153,93.74
154,93.74
155,69.52
156,67.13
157,65.15
158,49.4
159,49.86
160,53.26
161,53.0
162,51.32
163,50.89
164,50.6
165,50.03
166,21.15
167,14.38
168,17.94
169,-13.12
170,7.78
171,14.33
172,18.56
173,50.83
174,35.81
175,43.87
176,46.93
177,53.57
178,53.96
179,53.96
180,43.94
181,43.21
182,43.81
183,3.35
184,6.7
185,52.94
186,52.94
187,37.94
188,51.81
189,51.8
190,51.8
191,50.39
192,20.04
193,7.24
194,3.43
195,10.04
196,14.2
197,25.41
198,36.98
199,43.89
200,50.98
201,47.07
202,47.07
203,45.8
204,43.64
205,43.49
206,93.76
207,47.58
208,53.82
209,55.94
210,54.19
211,49.63
212,48.09
213,48.09
214,54.0
215,52.8
216,52.5
217,53.5
218,53.5
219,51.48
220,51.44
221,53.0
222,59.0
223,90.0
224,90.0
225,81.79
226,71.45
227,71.56
228,76.39
229,75.0
230,76.06
231,75.4
232,76.78
233,83.45
234,85.15
235,78.16
236,49.11
237,48.64
238,44.5
239,42.97
240,42.0
241,46.58
242,42.52
243,42.52
244,44.05
245,44.05
246,46.61
247,60.53
248,60.02
249,51.22
250,51.22
251,49.69
252,50.2
253,46.3
254,45.46
255,42.2
256,45.93
257,51.51
258,50.44
259,49.64
260,48.93
261,48.34
262,47.54
263,45.03
264,47.24
265,51.2
266,51.2
267,49.22
268,42.03
269,50.6
270,50.6
271,50.6
272,50.6
273,50.6
274,53.3
275,53.0
276,50.32
277,46.66
278,46.66
279,46.66
280,46.66
281,50.76
282,48.0
283,46.5
284,46.5
285,46.5
286,45.12
287,44.4
288,44.01
289,44.02
290,37.03
291,26.54
292,23.25
293,0.0
294,40.06
295,43.36
296,26.23
297,43.36
298,43.36
299,43.7
300,44.89
301,43.36
302,43.36
303,43.36
304,45.0
305,46.93
306,46.93
307,46.93
308,40.01
309,40.22
310,3.04
311,-7.28
312,-3.14
313,-12.27
314,-15.03
315,-11.09
316,-4.94
317,1.59
318,52.03
319,55.09
320,55.09
321,54.26
322,54.07
323,54.07
324,46.42
325,43.87
326,43.36
327,43.87
328,46.93
329,48.0
330,50.93
331,50.52
332,51.89
333,51.0
334,49.4
335,49.4
336,50.53
337,50.53
338,50.53
339,50.0
340,49.0
341,48.46
342,50.91
343,53.73
344,57.02
345,52.06
346,52.06
347,59.0
348,49.51
349,49.51
350,50.53
351,50.53
352,50.53
353,50.53
354,50.02
355,50.02
356,49.51
357,48.48
358,48.48
359,44.5
360,44.5
361,46.09
362,46.09
363,46.09
364,46.09
365,46.09
366,48.4
367,62.99
368,62.99
369,49.68
370,49.5
371,49.0
372,49.0
373,48.14
374,7.47
375,0.0
376,54.83
377,49.17
378,49.17
379,49.17
380,51.35
381,50.09
382,46.4
383,43.21
384,51.0
385,51.0
386,51.8
387,53.41
388,53.74
389,54.0
390,55.46
391,60.6
392,62.65
393,59.0
394,61.1
395,61.1
396,59.0
397,49.82
398,49.82
399,49.82
400,65.74
401,65.74
402,63.17
403,59.57
404,57.55
405,49.3
406,49.3
407,49.3
408,54.3
409,53.79
410,50.12
411,50.15
412,50.65
413,53.03
414,55.94
415,71.91
416,75.02
417,55.33
418,54.5
419,54.5
420,53.28
421,53.28
422,65.83
423,80.38
424,80.38
425,73.24
426,73.7
427,57.89
428,52.5
429,51.74
430,51.74
431,51.9
432,53.76
433,53.18
434,53.41
435,48.81
436,48.29
437,48.2
438,46.0
439,48.4
440,51.38
441,52.0
442,53.95
443,48.5
444,48.2
445,47.27
446,45.5
447,46.75
448,49.32
449,107.17
450,52.4
451,49.84
452,47.78
453,46.3
454,45.0
455,45.0
456,46.5
457,46.5
458,46.5
459,45.67
460,45.67
461,46.18
462,45.16
463,47.21
464,48.9
465,55.68
466,56.2
467,56.2
468,56.2
469,56.2
470,49.5
471,49.5
472,50.29
473,86.0
474,86.0
475,71.84
476,64.0
477,57.37
478,57.01
479,49.26
480,49.26
481,47.21
482,47.21
483,47.21
484,52.71
485,55.05
486,67.5
487,92.0
488,87.95
489,55.93
490,260.0
491,260.0
492,260.0
493,90.0
494,53.37
495,52.34
496,52.34
497,53.88
498,56.0
499,56.96
500,68.8
501,61.6
502,57.94
503,51.5
504,50.32
505,50.32
506,50.32
507,52.48
508,53.44
509,55.17
510,62.33
511,73.91
512,54.43
513,53.92
514,53.92
515,53.92
516,53.92
517,54.43
518,105.0
519,105.0
520,99.0
521,81.0
522,74.13
523,53.92
524,53.92
525,53.92
526,55.23
527,53.3
528,53.2
529,52.62
530,52.14
531,51.19
532,52.07
533,55.68
534,62.43
535,79.48
536,87.38
537,83.1
538,85.35
539,85.96
540,77.65
541,76.4
542,83.53
543,82.83
544,292.69
545,300.0
546,300.0
547,292.69
548,55.0
549,55.0
550,56.83
551,54.96
552,55.98
553,55.8
554,55.57
555,55.33
556,55.8
557,60.05
558,75.98
559,155.0
560,155.0
561,200.0
562,135.0
563,135.0
564,61.0
565,57.84
566,57.84
567,57.33
568,59.0
569,106.82
570,100.29
571,73.38
572,60.35
573,59.75
574,58.45
575,57.19
576,58.0
577,58.0
578,56.7
579,55.52
580,55.28
581,58.98
582,69.39
583,56.35
584,56.3
585,56.04
586,107.15
587,107.15
588,93.76
589,93.76
590,93.76
591,65.85
592,65.08
593,70.87
594,71.74
595,57.28
596,55.43
597,58.7
598,58.7
599,56.5
600,56.5
601,56.4
602,56.0
603,50.85
604,51.52
605,52.01
606,48.5
607,48.5
608,49.0
609,49.95
610,52.0
611,59.18
612,59.22
613,59.22
614,56.5
615,54.1
616,58.0
617,58.0
618,56.2
619,52.01
620,51.7
621,49.0
622,49.0
623,50.14
624,51.48
625,40.46
626,20.83
627,20.06
628,16.78
629,26.58
630,38.61
631,51.46
632,51.45
633,55.55
634,57.05
635,57.05
636,55.58
637,55.3
638,55.3
639,55.3
640,53.49
641,54.31
642,51.95
643,50.4
644,50.4
645,48.5
646,48.5
647,48.5
648,51.02
649,50.51
650,50.32
651,50.39
652,50.97
653,53.57
654,55.14
655,64.04
656,52.46
657,51.43
658,51.43
659,50.5
660,50.9
661,50.9
662,52.0
663,58.0
664,59.67
665,61.38
666,59.64
667,56.44
668,55.17
669,56.29
670,56.09
671,55.55
672,51.31
673,50.69
674,50.59
675,52.8
676,51.56
677,54.18
678,56.58
679,67.67
680,51.5
681,51.5
682,52.43
683,52.43
684,55.1
685,54.48
686,53.0
687,53.0
688,70.5
689,71.96
690,72.82
691,68.14
692,58.08
693,57.57
694,56.0
695,54.5
696,51.46
697,54.07
698,54.58
699,54.58
700,54.7
701,56.64
702,63.85
703,94.0
704,94.0
705,53.8
706,66.09
707,63.73
708,60.21
709,57.84
710,56.97
711,57.68
712,61.57
713,68.2
714,62.53
715,59.73
716,56.64
717,56.1
718,55.1
719,53.0
720,47.17
721,45.47
722,45.43
723,46.82
724,45.08
725,48.43
726,57.36
727,69.07
728,53.5
729,53.5
730,68.9
731,68.8
732,267.8
733,267.8
734,267.8
735,267.8
736,93.78
737,66.68
738,65.37
739,52.55
740,52.55
741,52.92
742,52.62
743,51.46
744,48.66
745,48.66
746,48.66
747,48.66
748,48.66
749,48.66
750,50.0
751,50.21
752,52.28
753,52.28
754,62.12
755,62.12
756,56.05
757,55.64
758,55.66
759,55.59
760,85.4
761,73.0
762,73.0
763,61.0
764,56.94
765,54.5
766,52.71
767,49.19
768,52.5
769,52.5
770,52.5
771,52.3
772,52.23
773,52.23
774,52.23
775,52.23
776,52.47
777,56.85
778,56.85
779,56.85
780,56.85
781,55.0
782,53.26
783,52.3
784,52.75
785,57.92
786,57.92
787,54.72
788,54.3
789,53.0
790,51.71
791,51.71
792,50.5
793,51.63
794,51.63
795,51.63
796,51.63
797,51.63
798,51.63
799,51.5
800,51.5
801,51.41
802,52.8
803,54.0
804,54.0
805,54.0
806,50.28
807,48.01
808,48.01
809,55.6
810,59.0
811,57.94
812,55.24
813,48.5
814,46.98
815,46.98
816,50.18
817,46.47
818,45.95
819,45.95
820,46.98
821,46.98
822,48.01
823,49.56
824,48.01
825,48.01
826,48.53
827,48.01
828,47.5
829,47.5
830,48.1
831,48.1
832,48.1
833,49.5
834,55.9
835,48.1
836,48.1
837,48.01
838,38.52
839,32.51
840,34.49
841,36.71
842,38.42
843,39.39
844,39.82
845,41.72
846,47.47
847,55.25
848,55.07
849,54.83
850,54.55
851,54.09
852,53.49
853,50.05
854,50.05
855,48.6
856,49.53
857,49.53
858,63.63
859,50.7
860,50.05
861,49.0
862,49.3
863,49.58
864,45.5
865,45.5
866,45.5
867,47.3
868,49.65
869,51.17
870,48.8
871,60.05
872,63.88
873,54.84
874,53.73
875,53.32
876,53.19
877,52.81
878,52.93
879,50.5
880,50.5
881,60.27
882,60.9
883,57.06
884,55.83
885,51.63
886,50.2
887,45.9
888,47.39
889,46.32
890,48.47
891,48.47
892,49.5
893,49.5
894,50.34
895,48.98
896,47.43
897,47.43
898,51.47
899,51.35
900,51.09
901,53.71
902,53.71
903,50.69
904,50.76
905,51.37
906,51.4
907,50.41
908,49.72
909,48.82
910,38.71
911,33.68
912,32.73
913,33.24
914,32.57
915,31.16
916,35.71
917,38.99
918,49.96
919,52.23
920,47.9
921,47.9
922,46.24
923,45.0
924,43.8
925,43.9
926,44.18
927,44.18
928,44.18
929,45.0
930,47.26
931,46.7
932,39.08
933,33.96
934,27.56
935,24.47
936,0.02
937,0.08
938,-4.09
939,-4.0
940,0.06
941,0.09
942,0.05
943,6.37
944,12.08
945,11.18
946,25.29
947,11.56
948,11.22
949,11.07
950,4.92
951,4.96
952,11.61
953,36.27
954,36.17
955,25.97
956,16.96
957,0.09
958,49.6
959,49.6
960,49.5
961,49.5
962,48.51
963,12.45
964,-13.13
965,-18.76
966,-17.42
967,10.98
968,20.62
969,43.5
970,45.67
971,43.91
972,43.91
973,44.0
974,44.0
975,44.0
976,44.0
977,44.0
978,47.49
979,44.42
980,42.6
981,42.4
982,42.4
983,30.58
984,31.57
985,5.68
986,-0.02
987,-2.01
988,5.09
989,45.0
990,44.5
991,46.6
992,45.6
993,45.6
994,46.6
995,45.95
996,45.95
997,47.71
998,45.95
999,45.95
1000,45.95
1001,46.47
1002,51.06
1003,45.44
1004,43.4
1005,43.4
1006,43.91
1007,41.87
1008,40.69
1009,38.01
1010,38.02
1011,38.02
1012,42.8
1013,46.31
1014,47.9
1015,57.57
1016,57.06
1017,57.33
1018,55.66
1019,87.09
1020,44.84
1021,42.8
1022,43.31
1023,43.0
1024,44.33
1025,45.35
1026,45.35
1027,44.0
1028,40.76
1029,39.4
1030,38.9
1031,34.2
1032,34.14
1033,33.0
1034,32.71
1035,33.31
1036,32.71
1037,30.62
1038,38.8
1039,40.32
1040,39.3
1041,38.79
1042,38.79
1043,37.6
1044,37.6
1045,36.0
1046,37.0
1047,39.0
1048,40.32
1049,88.86
1050,95.98
1051,40.0
1052,39.7
1053,40.32
1054,40.32
1055,41.85
1056,40.94
1057,39.15
1058,39.5
1059,39.5
1060,39.41
1061,39.41
1062,40.94
1063,40.94
1064,40.94
1065,40.94
1066,53.01
1067,52.71
1068,48.1
1069,38.89
1070,39.5
1071,74.12
1072,80.41
1073,107.21
1074,113.91
1075,42.0
1076,42.0
1077,42.0
1078,43.84
1079,42.76
1080,39.5
1081,38.94
1082,38.94
1083,38.59
1084,38.94
1085,40.2
1086,46.41
1087,82.9
1088,68.45
1089,56.8
1090,80.41
1091,40.5
1092,40.99
1093,38.9
1094,38.9
1095,39.5
1096,41.2
1097,41.36
1098,42.0
1099,40.48
1100,39.45
1101,37.92
1102,37.92
1103,36.0
1104,35.42
1105,34.8
1106,34.29
1107,33.78
1108,33.78
1109,32.75
1110,32.75
1111,35.82
1112,38.0
1113,36.08
1114,-3.35
1115,0.0
1116,35.62
1117,35.31
1118,35.31
1119,37.36
1120,38.89
1121,43.75
1122,52.0
1123,50.9
1124,45.3
1125,45.03
1126,44.5
1127,43.9
1128,43.8
1129,43.8
1130,43.8
1131,43.8
1132,43.8
1133,43.8
1134,43.0
1135,40.62
1136,41.58
1137,42.47
1138,43.05
1139,43.3
1140,43.21
1141,39.5
1142,39.5
1143,40.0
1144,40.0
1145,50.0
1146,50.0
1147,41.7
1148,40.5
1149,37.35
1150,37.35
1151,35.81
1152,33.0
1153,29.67
1154,28.99
1155,29.67
1156,32.3
1157,38.0
1158,80.43
1159,105.65
1160,39.91
1161,39.4
1162,39.4
1163,39.4
1164,38.5
1165,38.5
1166,38.9
1167,46.65
1168,49.68
1169,42.27
1170,52.74
1171,50.65
1172,41.0
1173,39.0
1174,37.35
1175,35.81
1176,35.0
1177,34.43
1178,35.42
1179,33.2
1180,32.8
1181,33.82
1182,38.95
1183,39.46
1184,38.0
1185,37.92
1186,37.92
1187,36.9
1188,36.9
1189,37.92
1190,38.0
1191,38.43
1192,38.95
1193,38.95
1194,39.46
1195,37.92
1196,37.92
1197,36.9
1198,36.9
1199,35.36
1200,35.2
1201,34.05
1202,32.95
1203,35.06
1204,35.4
1205,36.94
1206,43.42
1207,93.81
1208,93.81
1209,96.9
1210,96.9
1211,80.41
1212,40.3
1213,40.01
1214,39.5
1215,39.5
1216,40.5
1217,42.0
1218,54.25
1219,54.34
1220,50.75
1221,44.06
1222,45.14
1223,44.0
1224,43.0
1225,43.0
1226,35.49
1227,35.36
1228,36.08
1229,37.9
1230,40.07
1231,40.58
1232,40.58
1233,41.1
1234,48.29
1235,50.0
1236,49.83
1237,47.26
1238,46.0
1239,42.89
1240,46.3
1241,61.4
1242,124.36
1243,67.01
1244,49.21
1245,46.13
1246,41.61
1247,42.69
1248,42.25
1249,41.2
1250,40.82
1251,40.56
1252,39.35
1253,39.0
1254,40.0
1255,55.03
1256,57.95
1257,55.62
1258,54.14
1259,53.06
1260,38.35
1261,38.8
1262,45.88
1263,40.4
1264,40.4
1265,50.63
1266,52.4
1267,47.05
1268,45.51
1269,37.8
1270,37.8
1271,37.8
1272,38.04
1273,36.54
1274,36.06
1275,39.4
1276,39.4
1277,39.4
1278,39.4
1279,41.1
1280,41.57
1281,43.0
1282,43.0
1283,42.98
1284,40.02
1285,36.5
1286,36.5
1287,39.33
1288,41.44
1289,38.8
1290,39.3
1291,36.84
1292,36.0
1293,36.1
1294,36.1
1295,36.2
1296,36.0
1297,35.96
1298,35.0
1299,34.0
1300,34.73
1301,36.04
1302,34.73
1303,34.0
1304,34.0
1305,35.75
1306,38.58
1307,37.97
1308,37.67
1309,36.1
1310,35.39
1311,35.86
1312,38.0
1313,37.7
1314,37.8
1315,43.3
1316,43.3
1317,43.3
1318,43.3
1319,42.9
1320,42.9
1321,42.6
1322,42.3
1323,42.1
1324,41.9
1325,43.6
1326,46.48
1327,64.1
1328,40.86
1329,40.86
1330,53.48
1331,41.85
1332,41.07
1333,42.5
1334,43.3
1335,44.8
1336,39.0
1337,39.0
1338,39.33
1339,39.0
1340,38.0
1341,37.0
1342,35.8
1343,35.75
1344,41.07
1345,41.07
1346,42.0
1347,42.0
1348,41.07
1349,37.48
1350,37.6
1351,38.6
1352,40.05
1353,40.05
1354,57.12
1355,38.6
1356,37.48
1357,35.43
1358,36.97
1359,37.5
1360,36.97
1361,36.97
1362,36.97
1363,35.94
1364,34.91
1365,34.91
1366,34.0
1367,30.8
1368,34.74
1369,34.74
1370,34.74
1371,34.74
1372,34.74
1373,35.76
1374,37.0
1375,39.0
1376,39.0
1377,38.32
1378,38.32
1379,38.32
1380,41.38
1381,41.38
1382,42.8
1383,42.8
1384,42.59
1385,43.34
1386,43.42
1387,42.56
1388,41.32
1389,41.23
1390,36.27
1391,35.0
1392,34.05
1393,30.41
1394,29.8
1395,27.61
1396,28.96
1397,33.95
1398,37.56
1399,38.2
1400,40.13
1401,37.6
1402,36.53
1403,35.8
1404,34.47
1405,34.0
1406,34.0
1407,35.3
1408,36.02
1409,37.56
1410,50.96
1411,50.97
1412,48.88
1413,45.52
1414,43.21
1415,37.56
1416,41.46
1417,38.03
1418,38.03
1419,38.03
1420,39.0
1421,39.0
1422,41.0
1423,42.0
1424,42.0
1425,42.0
1426,43.68
1427,43.37
1428,43.16
1429,43.12
1430,46.91
1431,41.62
1432,41.62
1433,63.66
1434,78.93
1435,78.76
1436,79.74
1437,63.0
1438,60.31
1439,40.08
1440,39.06
1441,39.3
1442,42.3
1443,42.3
1444,39.59
1445,39.97
1446,38.04
1447,38.04
1448,47.29
1449,48.83
1450,51.4
1451,80.42
1452,43.9
1453,40.21
1454,37.01
1455,37.01
1456,38.04
1457,43.78
1458,44.88
1459,40.61
1460,36.1
1461,32.07
1462,30.52
1463,25.34
1464,31.0
1465,-10.72
1466,-18.76
1467,-18.76
1468,-17.42
1469,30.0
1470,-11.93
1471,-16.08
1472,33.0
1473,41.03
1474,42.7
1475,42.7
1476,42.7
1477,42.7
1478,42.7
1479,45.0
1480,44.2
1481,45.0
1482,46.02
1483,46.02
1484,46.02
1485,41.62
1486,40.94
1487,40.32
1488,0.11
1489,-0.21
1490,-6.86
1491,-7.0
1492,-2.47
1493,6.24
1494,43.46
1495,46.02
1496,49.09
1497,49.09
1498,51.13
1499,51.13
1500,48.06
1501,48.06
1502,49.09
1503,49.09
1504,47.55
1505,46.92
1506,49.09
1507,49.09
1508,49.09
1509,47.04
1510,46.02
1511,0.0
1512,0.0
1513,0.0
1514,-4.95
1515,-1.92
1516,-2.23
1517,44.56
1518,44.56
1519,50.19
1520,53.0
1521,53.2
1522,53.61
1523,53.0
1524,49.17
1525,46.61
1526,47.63
1527,48.0
1528,47.12
1529,49.27
1530,55.01
1531,52.57
1532,47.74
1533,46.41
1534,44.75
1535,46.0
1536,46.3
1537,46.3
1538,45.5
1539,44.89
1540,45.7
1541,49.3
1542,49.0
1543,80.28
1544,54.07
1545,54.58
1546,54.58
1547,53.56
1548,53.05
1549,48.97
1550,48.97
1551,48.97
1552,48.97
1553,48.97
1554,47.95
1555,47.95
1556,43.99
1557,43.03
1558,42.22
1559,42.0
1560,41.5
1561,41.5
1562,41.0
1563,38.05
1564,41.8
1565,46.44
1566,48.37
1567,47.02
1568,47.88
1569,43.5
1570,43.79
1571,43.28
1572,48.88
1573,48.88
1574,41.75
1575,41.75
1576,41.75
1577,44.7
1578,45.02
1579,45.01
1580,41.68
1581,41.65
1582,41.5
1583,21.15
1584,43.5
1585,43.5
1586,43.5
1587,43.86
1588,42.0
1589,38.03
1590,40.78
1591,42.3
1592,42.06
1593,40.8
1594,40.8
1595,40.8
1596,23.35
1597,23.48
1598,25.38
1599,33.71
1600,37.23
1601,40.5
1602,47.94
1603,49.98
1604,49.26
1605,47.94
1606,44.5
1607,42.83
1608,42.5
1609,37.3
1610,41.0
1611,41.0
1612,40.5
1613,40.5
1614,19.51
1615,40.22
1616,10.05
1617,41.8
1618,41.8
1619,11.03
1620,1.32
1621,0.04
1622,-0.08
1623,39.5
1624,41.41
1625,42.5
1626,48.17
1627,46.0
1628,21.62
1629,11.96
1630,13.37
1631,0.72
1632,-10.05
1633,-13.27
1634,-12.55
1635,43.0
1636,43.0
1637,42.9
1638,42.9
1639,42.9
1640,42.9
1641,42.9
1642,39.9
1643,40.17
1644,38.76
1645,38.9
1646,39.78
1647,39.27
1648,40.6
1649,40.56
1650,40.56
1651,46.0
1652,40.05
1653,38.53
1654,39.6
1655,38.11
1656,40.78
1657,38.35
1658,38.03
1659,40.05
1660,40.05
1661,43.96
1662,45.63
1663,47.96
1664,43.1
1665,43.1
1666,43.2
1667,42.59
1668,42.08
1669,41.07
1670,40.56
1671,37.52
1672,38.53
1673,39.5
1674,41.0
1675,41.58
1676,41.07
1677,41.07
1678,42.08
1679,40.2
1680,40.6
1681,42.23
1682,42.16
1683,44.5
1684,44.5
1685,44.5
1686,46.83
1687,52.05
1688,46.0
1689,42.0
1690,43.0
1691,44.03
1692,44.03
1693,44.03
1694,44.96
1695,48.64
1696,49.15
1697,47.9
1698,45.1
1699,42.5
1700,33.01
1701,37.0
1702,23.87
1703,0.36
1704,10.05
1705,22.54
1706,26.4
1707,22.57
1708,26.6
1709,36.8
1710,42.13
1711,43.69
1712,41.4
1713,41.4
1714,43.82
1715,45.0
1716,45.0
1717,42.96
1718,42.9
1719,42.9
1720,43.13
1721,41.54
1722,41.54
1723,41.54
1724,39.9
1725,39.5
1726,39.16
1727,43.08
1728,44.72
1729,43.6
1730,42.5
1731,42.5
1732,42.5
1733,42.5
1734,41.89
1735,46.78
1736,49.0
1737,49.0
1738,50.0
1739,50.0
1740,46.78
1741,45.75
1742,46.26
1743,47.29
1744,47.29
1745,50.37
1746,51.4
1747,51.4
1748,50.4
1749,49.35
1750,46.78
1751,45.5
1752,43.0
1753,35.98
1754,35.98
1755,42.0
1756,42.14
1757,42.09
1758,43.12
1759,48.31
1760,51.0
1761,50.0
1762,47.28
1763,44.23
1764,45.23
1765,45.23
1766,45.23
1767,43.02
1768,39.5
1769,39.5
1770,43.71
1771,42.94
1772,32.06
1773,17.19
1774,0.07
1775,10.79
1776,5.07
1777,-2.36
1778,0.01
1779,-1.96
1780,2.02
1781,2.33
1782,9.97
1783,21.59
1784,42.88
1785,42.38
1786,42.38
1787,43.42
1788,44.45
1789,44.45
1790,43.93
1791,44.3
1792,44.3
1793,44.3
1794,43.93
1795,43.93
1796,43.93
1797,37.73
1798,37.73
1799,-17.42
1800,-2.3
1801,-3.34
1802,-9.33
1803,-13.53
1804,-6.23
1805,-30.82
1806,-11.37
1807,-6.61
1808,-2.41
1809,1.81
1810,2.6
1811,-0.88
1812,-12.06
1813,-10.12
1814,-13.48
1815,-2.32
1816,-2.29
1817,10.52
1818,43.0
1819,43.0
1820,41.67
1821,41.5
1822,42.6
1823,17.22
1824,43.0
1825,-26.26
1826,14.27
1827,14.45
1828,6.03
1829,22.51
1830,42.64
1831,44.91
1832,39.81
1833,38.78
1834,38.78
1835,38.78
1836,38.78
1837,38.9
1838,39.2
1839,39.2
1840,42.19
1841,43.04
1842,44.65
1843,45.03
1844,44.25
1845,47.05
1846,44.46
1847,36.71
1848,35.67
1849,35.67
1850,35.67
1851,35.47
1852,38.77
1853,39.8
1854,40.2
1855,40.2
1856,39.8
1857,39.28
1858,38.77
1859,38.6
1860,38.6
1861,38.6
1862,37.22
1863,36.8
1864,38.25
1865,39.3
1866,43.94
1867,67.0
1868,40.2
1869,38.0
1870,37.73
1871,34.0
1872,34.1
1873,32.01
1874,30.97
1875,30.97
1876,32.01
1877,36.14
1878,37.68
1879,38.72
1880,39.75
1881,38.2
1882,38.2
1883,42.85
1884,42.85
1885,40.93
1886,35.9
1887,36.0
1888,37.5
1889,39.75
1890,48.94
1891,50.07
1892,48.0
1893,43.13
1894,42.97
1895,36.65
1896,29.94
1897,27.87
1898,25.81
1899,25.81
1900,25.81
1901,31.0
1902,34.07
1903,35.8
1904,37.0
1905,35.2
1906,34.0
1907,33.03
1908,33.03
1909,33.55
1910,34.58
1911,35.9
1912,36.65
1913,36.65
1914,37.16
1915,38.19
1916,40.99
1917,52.93
1918,41.94
1919,39.28
1920,33.77
1921,33.77
1922,33.77
1923,41.56
1924,42.6
1925,42.3
1926,54.61
1927,50.98
1928,40.5
1929,40.5
1930,41.73
1931,40.59
1932,42.3
1933,42.3
1934,41.04
1935,41.04
1936,41.04
1937,44.05
1938,46.91
1939,40.76
1940,40.22
1941,36.5
1942,34.7
1943,31.17
1944,32.46
1945,32.4
1946,32.16
1947,32.16
1948,33.05
1949,34.6
1950,33.2
1951,34.2
1952,42.53
1953,43.5
1954,42.02
1955,31.95
1956,38.9
1957,29.06
1958,28.25
1959,18.0
1960,31.38
1961,35.5
1962,35.79
1963,44.61
1964,44.61
1965,43.05
1966,43.05
1967,39.42
1968,33.08
1969,23.86
1970,23.86
1971,25.33
1972,27.0
1973,28.94
1974,28.94
1975,28.94
1976,33.0
1977,33.08
1978,33.08
1979,32.01
1980,31.1
1981,25.54
1982,-13.07
1983,-13.07
1984,0.0
1985,34.85
1986,41.35
1987,44.45
1988,44.45
1989,41.86
1990,34.47
1991,28.4
1992,24.34
1993,22.5
1994,23.01
1995,20.89
1996,21.57
1997,28.97
1998,36.18
1999,36.0
2000,76.79
2001,36.7
2002,35.66
2003,35.66
2004,35.66
2005,35.73
2006,35.4
2007,35.3
2008,39.5
2009,40.35
2010,41.71
2011,70.24
2012,42.35
2013,35.66
2014,35.0
2015,24.0
2016,24.0
2017,24.0
2018,24.0
2019,24.0
2020,15.3
2021,15.3
2022,30.0
2023,35.7
2024,37.0
2025,-10.72
2026,32.54
2027,32.58
2028,36.76
2029,36.76
2030,35.2
2031,35.72
2032,35.72
2033,36.5
2034,36.76
2035,49.4
2036,87.08
2037,43.37
2038,42.28
2039,34.68
2040,33.69
2041,18.0
2042,18.0
2043,18.0
2044,32.4
2045,32.4
2046,34.3
2047,35.3
2048,36.28
2049,36.9
2050,36.28
2051,35.25
2052,35.25
2053,36.28
2054,33.7
2055,33.7
2056,33.7
2057,35.25
2058,36.7
2059,47.91
2060,43.99
2061,41.22
2062,40.83
2063,34.73
2064,41.0
2065,41.0
2066,38.17
2067,37.14
2068,33.12
2069,36.67
2070,44.48
2071,36.15
2072,36.15
2073,37.1
2074,48.04
2075,86.15
2076,50.15
2077,36.0
2078,34.2
2079,34.1
2080,35.08
2081,35.59
2082,34.56
2083,35.0
2084,35.59
2085,46.66
2086,34.56
2087,34.56
2088,29.79
2089,23.12
2090,20.55
2091,20.55
2092,26.71
2093,31.7
2094,27.74
2095,31.9
2096,34.7
2097,34.42
2098,32.88
2099,31.7
2100,31.3
2101,32.87
2102,32.4
2103,38.53
2104,38.53
2105,35.45
2106,34.93
2107,35.33
2108,34.93
2109,34.93
2110,35.45
2111,33.39
2112,33.04
2113,37.3
2114,38.7
2115,39.5
2116,39.5
2117,38.8
2118,33.51
2119,33.23
2120,38.8
2121,38.8
2122,38.8
2123,29.24
2124,28.77
2125,25.92
2126,25.45
2127,29.25
2128,32.02
2129,39.0
2130,39.0
2131,37.24
2132,35.09
2133,33.68
2134,30.97
2135,26.8
2136,30.7
2137,28.88
2138,25.07
2139,25.07
2140,22.47
2141,24.9
2142,26.96
2143,29.43
2144,29.43
2145,13.0
2146,13.94
2147,13.42
2148,14.46
2149,10.46
2150,1.11
2151,1.48
2152,11.51
2153,23.75
2154,30.98
2155,34.2
2156,45.44
2157,44.4
2158,40.8
2159,40.8
2160,31.06
2161,29.96
2162,31.07
2163,31.84
2164,32.4
2165,39.5
2166,61.25
2167,106.5
2168,87.08
2169,37.3
2170,37.1
2171,35.4
2172,33.1
2173,33.1
2174,32.8
2175,33.51
2176,33.51
2177,36.1
2178,36.66
2179,37.3
2180,40.9
2181,39.41
2182,38.72
2183,33.6
2184,29.11
2185,26.93
2186,25.43
2187,25.16
2188,27.52
2189,32.7
2190,38.63
2191,36.79
2192,36.79
2193,40.5
2194,40.93
2195,35.0
2196,35.0
2197,35.0
2198,32.64
2199,31.09
2200,31.61
2201,32.64
2202,35.75
2203,35.75
2204,38.58
2205,36.4
2206,31.38
2207,27.69
2208,31.9
2209,31.0
2210,29.1
2211,29.4
2212,38.5
2213,38.5
2214,41.17
2215,49.07
2216,52.42
2217,54.72
2218,49.7
2219,47.99
2220,36.9
2221,37.0
2222,37.0
2223,41.48
2224,43.0
2225,43.0
2226,45.44
2227,37.24
2228,37.34
2229,44.6
2230,35.78
2231,35.0
2232,35.6
2233,35.12
2234,37.7
2235,40.0
2236,40.0
2237,39.2
2238,44.67
2239,53.64
2240,59.86
2241,47.0
2242,77.97
2243,185.38
2244,107.18
2245,80.0
2246,44.69
2247,36.0
2248,42.0
2249,42.33
2250,45.23
2251,50.5
2252,48.93
2253,43.81
2254,38.49
2255,36.8
2256,32.2
2257,31.4
2258,31.3
2259,31.4
2260,32.8
2261,35.0
2262,62.0
2263,53.16
2264,72.35
2265,37.1
2266,37.0
2267,36.0
2268,36.0
2269,36.0
2270,36.0
2271,36.0
2272,42.0
2273,64.98
2274,64.98
2275,56.1
2276,47.8
2277,47.6
2278,73.69
2279,55.0
2280,41.12
2281,39.86
2282,38.31
2283,36.1
2284,36.13
2285,37.27
2286,39.2
2287,36.5
2288,58.94
2289,64.97
2290,46.0
2291,44.0
2292,34.56
2293,34.1
2294,35.94
2295,40.5
2296,40.5
2297,40.19
2298,41.28
2299,42.91
2300,41.88
2301,47.0
2302,41.5
2303,36.22
2304,35.0
2305,33.59
2306,34.0
2307,34.0
2308,34.0
2309,34.0
2310,34.0
2311,37.0
2312,37.0
2313,37.0
2314,37.0
2315,37.0
2316,36.6
2317,37.0
2318,36.5
2319,32.9
2320,31.1
2321,35.9
2322,37.5
2323,38.5
2324,39.0
2325,38.4
2326,42.5
2327,41.65
2328,41.0
2329,41.0
2330,41.0
2331,41.0
2332,41.0
2333,41.6
2334,42.59
2335,44.43
2336,44.84
2337,40.5
2338,40.5
2339,42.98
2340,42.35
2341,41.85
2342,36.69
2343,36.69
2344,37.73
2345,41.81
2346,40.0
2347,40.0
2348,41.0
2349,41.0
2350,41.01
2351,38.36
2352,33.24
2353,34.1
2354,34.74
2355,34.86
2356,34.91
2357,40.79
2358,44.15
2359,50.51
2360,51.9
2361,40.5
2362,40.5
2363,40.5
2364,40.5
2365,42.29
2366,40.9
2367,40.68
2368,39.4
2369,39.41
2370,43.53
2371,40.5
2372,40.5
2373,40.1
2374,43.5
2375,40.06
2376,37.51
2377,35.0
2378,34.4
2379,34.4
2380,36.0
2381,38.5
2382,40.0
2383,43.14
2384,68.0
2385,62.38
2386,40.5
2387,40.54
2388,48.0
2389,48.0
2390,46.0
2391,45.0
2392,49.0
2393,49.0
2394,49.0
2395,49.0
2396,46.97
2397,44.26
2398,43.65
2399,42.01
2400,47.0
2401,47.0
2402,47.0
2403,47.0
2404,47.94
2405,47.0
2406,51.0
2407,70.1
2408,72.0
2409,43.0
2410,43.0
2411,43.0
2412,43.0
2413,51.4
2414,43.0
2415,41.0
2416,42.0
2417,42.5
2418,42.5
2419,43.0
2420,43.0
2421,44.7
2422,47.2
2423,45.11
2424,47.2
2425,47.2
2426,47.2
2427,47.2
2428,47.5
2429,50.4
2430,56.0
2431,80.38
2432,82.07
2433,42.76
2434,42.76
2435,42.7
2436,42.7
2437,43.0
2438,37.6
2439,37.5
2440,38.0
2441,39.0
2442,41.0
2443,41.0
2444,41.0
2445,42.2
2446,51.0
2447,50.0
2448,47.0
2449,47.0
2450,45.0
2451,45.0
2452,45.0
2453,45.0
2454,45.78
2455,44.99
2456,46.14
2457,42.5
2458,37.0
2459,36.0
2460,36.0
2461,36.0
2462,36.0
2463,34.5
2464,34.5
2465,36.0
2466,38.0
2467,40.0
2468,41.0
2469,47.5
2470,47.5
2471,38.5
2472,38.54
2473,36.5
2474,36.5
2475,42.5
2476,43.87
2477,45.5
2478,45.5
2479,45.5
2480,46.0
2481,39.0
2482,37.1
2483,36.4
2484,34.89
2485,33.87
2486,29.75
2487,28.97
2488,31.26
2489,35.04
2490,40.4
2491,41.15
2492,42.0
2493,44.41
2494,45.0
2495,45.0
2496,45.0
2497,45.78
2498,45.78
2499,45.78
2500,47.0
2501,49.0
2502,48.72
2503,58.76
2504,60.33
2505,47.29
2506,45.88
2507,41.6
2508,40.6
2509,40.1
2510,39.0
2511,38.5
2512,38.5
2513,38.5
2514,40.0
2515,41.1
2516,41.1
2517,40.7
2518,39.07
2519,34.97
2520,39.17
2521,35.0
2522,35.0
2523,36.59
2524,39.0
2525,41.3
2526,43.17
2527,42.3
2528,42.13
2529,42.13
2530,40.5
2531,40.5
2532,40.9
2533,42.0
2534,41.0
2535,41.0
2536,40.14
2537,40.4
2538,41.3
2539,41.0
2540,41.0
2541,40.7
2542,40.0
2543,33.0
2544,33.5
2545,32.99
2546,43.0
2547,44.5
2548,44.5
2549,44.5
2550,45.68
2551,76.63
2552,42.5
2553,41.8
2554,41.3
2555,39.72
2556,38.6
2557,43.27
2558,38.98
2559,0.0
2560,39.5
2561,38.73
2562,41.13
2563,41.0
2564,63.71
2565,41.0
2566,41.0
2567,39.0
2568,37.5
2569,35.47
2570,35.47
2571,35.47
2572,35.06
2573,38.07
2574,40.0
2575,40.5
2576,40.5
2577,40.5
2578,40.42
2579,39.0
2580,37.71
2581,39.0
2582,36.5
2583,36.5
2584,36.5
2585,37.5
2586,40.0
2587,40.0
2588,40.0
2589,40.0
2590,40.0
2591,35.6
2592,34.0
2593,34.0
2594,32.5
2595,32.5
2596,32.5
2597,32.8
2598,37.1
2599,38.5
2600,39.1
2601,40.09
2602,42.97
2603,42.76
2604,42.28
2605,41.93
2606,41.4
2607,43.5
2608,43.5
2609,43.5
2610,44.25
2611,40.5
2612,38.52
2613,38.8
2614,40.5
2615,39.1
2616,43.53
2617,40.96
2618,40.46
2619,40.75
2620,41.26
2621,40.13
2622,38.8
2623,38.8
2624,38.8
2625,40.0
2626,42.88
2627,42.01
2628,41.5
2629,40.99
2630,40.71
2631,40.18
2632,40.46
2633,41.16
2634,43.33
2635,40.5
2636,40.5
2637,39.26
2638,38.0
2639,37.5
2640,34.36
2641,32.0
2642,30.7
2643,30.0
2644,30.0
2645,26.7
2646,20.82
2647,20.82
2648,32.0
2649,40.0
2650,40.0
2651,37.5
2652,37.5
2653,37.5
2654,36.2
2655,33.0
2656,32.0
2657,33.0
2658,36.0
2659,39.0
2660,66.54
2661,38.5
2662,31.24
2663,31.24
2664,15.62
2665,16.5
2666,16.5
2667,16.5
2668,16.5
2669,16.5
2670,16.5
2671,18.0
2672,36.4
2673,36.44
2674,43.5
2675,43.0
2676,37.5
2677,10.25
2678,26.6
2679,27.07
2680,22.73
2681,34.0
2682,22.25
2683,21.66
2684,22.18
2685,2.98
2686,-9.0
2687,-15.21
2688,-12.0
2689,-19.42
2690,-12.0
2691,-12.0
2692,-9.56
2693,-2.5
2694,25.3
2695,36.1
2696,37.0
2697,38.5
2698,16.47
2699,0.03
2700,-9.98
2701,43.5
2702,43.5
2703,0.13
2704,43.73
2705,43.73
2706,38.58
2707,41.11
2708,38.4
2709,35.9
2710,29.37
2711,23.71
2712,2.18
2713,4.09
2714,3.93
2715,3.55
2716,5.35
2717,20.1
2718,30.77
2719,38.2
2720,43.85
2721,41.97
2722,45.5
2723,45.5
2724,43.7
2725,34.0
2726,33.03
2727,43.0
2728,43.3
2729,44.0
2730,44.91
2731,44.0
2732,44.0
2733,41.4
2734,38.1
2735,31.0
2736,26.1
2737,15.6
2738,5.0
2739,5.0
2740,2.5
2741,27.0
2742,36.5
2743,40.5
2744,39.52
2745,42.5
2746,37.0
2747,45.0
2748,45.0
2749,46.0
2750,46.8
2751,47.5
2752,47.5
2753,49.5
2754,51.2
2755,57.49
2756,59.9
2757,47.78
2758,41.2
2759,31.6
2760,32.0
2761,31.0
2762,25.33
2763,25.33
2764,25.33
2765,40.06
2766,96.84
2767,52.31
2768,79.7
2769,79.7
2770,63.96
2771,75.27
2772,59.47
2773,47.0
2774,47.0
2775,43.5
2776,43.5
2777,45.08
2778,41.35
2779,40.5
2780,35.5
2781,35.4
2782,35.0
2783,32.0
2784,32.02
2785,21.74
2786,11.5
2787,11.5
2788,11.5
2789,0.0
2790,-4.0
2791,2.0
2792,26.91
2793,40.3
2794,38.02
2795,37.57
2796,31.0
2797,39.1
2798,39.0
2799,39.0
2800,15.53
2801,40.37
2802,43.5
2803,60.28
2804,53.77
2805,26.7
2806,10.35
2807,10.35
2808,90.03
2809,10.32
2810,1.03
2811,0.0
2812,0.0
2813,0.0
2814,0.0
2815,0.1
2816,5.0
2817,43.0
2818,43.5
2819,43.0
2820,43.0
2821,24.76
2822,10.0
2823,10.0
2824,24.76
2825,35.51
2826,44.0
2827,45.32
2828,47.75
2829,46.07
2830,75.2
2831,72.23
2832,44.36
2833,43.5
2834,43.0
2835,42.0
2836,39.0
2837,34.04
2838,36.0
2839,38.5
2840,39.5
2841,38.5
2842,37.5
2843,37.5
2844,37.5
2845,43.0
2846,35.7
2847,35.9
2848,35.9
2849,35.1
2850,58.79
2851,70.78
2852,87.14
2853,86.95
2854,89.69
2855,84.1
2856,34.0
2857,59.74
2858,60.0
2859,26.0
2860,24.0
2861,24.0
2862,30.5
2863,34.0
2864,35.1
2865,37.5
2866,72.13
2867,76.49
2868,85.9
2869,44.0
2870,40.12
2871,59.0
2872,40.11
2873,36.5
2874,35.9
2875,34.06
2876,22.0
2877,18.0
2878,18.0
2879,0.0
2880,80.38
2881,66.98
2882,75.44
2883,11.37
2884,10.34
2885,-3.0
2886,-6.0
2887,-4.8
2888,-3.35
2889,45.49
2890,45.49
2891,46.0
2892,46.0
2893,45.0
2894,20.0
2895,25.0
2896,-10.05
2897,-9.65
2898,-8.76
2899,43.42
2900,44.0
2901,44.0
2902,43.0
2903,12.78
2904,13.04
2905,5.06
2906,5.01
2907,0.47
2908,2.73
2909,6.74
2910,31.0
2911,32.99
2912,35.57
2913,40.86
2914,39.7
2915,39.5
2916,41.75
2917,41.75
2918,41.75
2919,41.0
2920,41.6
2921,39.85
2922,40.07
2923,40.67
2924,41.48
2925,43.3
2926,44.0
2927,44.0
2928,42.5
2929,42.5
2930,45.0
2931,45.0
2932,43.22
2933,42.55
2934,48.0
2935,48.0
2936,50.1
2937,47.94
2938,46.9
2939,41.93
2940,41.79
2941,39.84
2942,36.66
2943,35.61
2944,-6.43
2945,46.0
2946,46.0
2947,45.0
2948,44.57
2949,44.92
2950,42.29
2951,46.21
2952,46.69
2953,30.0
2954,20.0
2955,18.0
2956,18.0
2957,-17.41
2958,-17.41
2959,36.0
2960,37.0
2961,39.0
2962,36.0
2963,0.0
2964,-14.73
2965,-6.56
2966,-20.0
2967,-17.41
2968,-12.1
2969,40.49
2970,36.5
2971,37.5
2972,40.0
2973,40.5
2974,46.69
2975,46.69
2976,43.0
2977,43.0
2978,42.0
2979,42.0
2980,29.04
2981,27.94
2982,28.05
2983,29.01
2984,44.96
2985,44.96
2986,28.46
2987,-10.58
2988,-11.2
2989,-9.91
2990,-3.35
2991,44.0
2992,44.0
2993,42.35
2994,32.44
2995,38.47
2996,41.32
2997,41.31
2998,81.39
2999,48.0
3000,43.0
3001,34.99
3002,34.92
3003,33.34
3004,33.07
3005,36.35
3006,45.85
3007,80.0
3008,80.0
3009,-3.35
3010,-6.43
3011,43.7
3012,42.8
3013,47.0
3014,47.0
3015,40.0
3016,40.0
3017,43.87
3018,47.19
3019,54.4
3020,56.14
3021,56.14
3022,55.0
3023,42.81
3024,42.32
3025,43.0
3026,43.0
3027,43.0
3028,43.0
3029,43.0
3030,51.59
3031,60.16
3032,63.9
3033,40.82
3034,40.82
3035,42.0
3036,42.0
3037,200.77
3038,76.07
3039,75.96
3040,76.05
3041,76.93
3042,41.0
3043,64.99
3044,80.36
3045,200.91
3046,265.2
3047,80.36
3048,46.16
3049,26.0
3050,33.85
3051,42.06
3052,42.06
3053,42.06
3054,49.5
3055,56.0
3056,56.2
3057,49.53
3058,39.5
3059,40.0
3060,38.0
3061,38.0
3062,44.4
3063,44.0
3064,37.66
3065,37.95
3066,44.0
3067,48.72
3068,49.53
3069,49.53
3070,49.53
3071,48.72
3072,46.0
3073,45.0
3074,45.0
3075,45.1
3076,45.0
3077,37.07
3078,45.99
3079,40.0
3080,40.7
3081,52.19
3082,49.95
3083,49.93
3084,49.05
3085,43.0
3086,45.76
3087,45.33
3088,45.54
3089,50.0
3090,50.23
3091,55.05
3092,55.24
3093,50.88
3094,49.07
3095,48.0
3096,49.0
3097,46.5
3098,46.0
3099,45.0
3100,45.0
3101,45.0
3102,47.63
3103,54.58
3104,75.28
3105,53.07
3106,42.5
3107,40.1
3108,66.97
3109,45.97
3110,45.97
3111,45.97
3112,58.0
3113,93.76
3114,76.39
3115,75.82
3116,51.98
3117,51.45
3118,96.84
3119,84.64
3120,64.97
3121,45.86
3122,44.0
3123,44.0
3124,43.0
3125,35.67
3126,35.5
3127,36.8
3128,38.0
3129,43.0
3130,40.96
3131,38.6
3132,6.7
3133,-4.29
3134,-16.07
3135,-13.39
3136,-7.66
3137,34.7
3138,37.36
3139,36.69
3140,36.69
3141,36.69
3142,44.8
3143,44.8
3144,93.77
3145,45.28
3146,45.28
3147,42.5
3148,20.91
3149,20.4
3150,23.64
3151,23.04
3152,42.1
3153,45.0
3154,45.0
3155,43.0
3156,9.48
3157,-22.1
3158,12.01
3159,12.01
3160,26.8
3161,-20.0
3162,-14.68
3163,-12.06
3164,47.5
3165,48.0
3166,48.5
3167,48.0
3168,67.23
3169,29.74
3170,45.0
3171,45.0
3172,45.0
3173,42.0
3174,46.16
3175,53.01
3176,53.01
3177,39.5
3178,39.5
3179,36.7
3180,40.71
3181,41.03
3182,41.44
3183,41.4
3184,41.38
3185,38.0
3186,37.5
3187,37.5
3188,40.0
3189,40.0
3190,40.8
3191,41.26
3192,37.0
3193,34.83
3194,35.7
3195,36.0
3196,36.5
3197,37.0
3198,38.5
3199,40.5
3200,41.0
3201,39.5
3202,39.0
3203,38.0
3204,37.84
3205,37.0
3206,36.66
3207,36.66
3208,36.66
3209,36.66
3210,38.2
3211,39.21
3212,39.0
3213,38.7
3214,38.7
3215,38.19
3216,37.1
3217,38.92
3218,40.02
3219,41.0
3220,41.0
3221,41.69
3222,46.65
3223,57.13
3224,61.75
3225,40.5
3226,40.5
3227,56.1
3228,49.64
3229,49.84
3230,38.5
3231,38.5
3232,37.15
3233,37.23
3234,37.12
3235,38.5
3236,68.47
3237,36.8
3238,37.0
3239,32.64
3240,33.5
3241,33.5
3242,34.01
3243,32.07
3244,33.09
3245,34.69
3246,37.0
3247,75.14
3248,133.88
3249,133.88
3250,119.0
3251,37.75
3252,37.75
3253,36.5
3254,34.5
3255,33.0
3256,33.0
3257,42.0
3258,36.6
3259,36.7
3260,38.0
3261,38.5
3262,38.5
3263,36.79
3264,35.7
3265,22.59
3266,22.0
3267,22.0
3268,21.2
3269,24.64
3270,49.21
3271,200.73
3272,200.86
3273,107.13
3274,364.23
3275,364.23
3276,80.34
3277,33.5
3278,31.0
3279,31.0
3280,31.0
3281,34.5
3282,35.0
3283,35.0
3284,36.5
3285,37.99
3286,48.32
3287,78.74
3288,34.74
3289,34.39
3290,26.0
3291,22.48
3292,22.48
3293,22.48
3294,31.9
3295,30.0
3296,34.5
3297,41.3
3298,41.38
3299,41.38
3300,41.38
3301,41.0
3302,40.87
3303,41.0
3304,29.0
3305,32.0
3306,43.09
3307,45.08
3308,45.17
3309,44.75
3310,37.5
3311,37.85
3312,41.38
3313,40.0
3314,19.0
3315,6.0
3316,6.0
3317,6.0
3318,6.0
3319,26.0
3320,31.5
3321,35.0
3322,37.18
3323,42.91
3324,42.91
3325,42.91
3326,41.7
3327,41.5
3328,42.0
3329,42.0
3330,42.26
3331,42.26
3332,42.34
3333,42.26
3334,68.18
3335,40.86
3336,33.0
3337,25.03
3338,23.0
3339,23.0
3340,20.44
3341,24.0
3342,46.91
3343,36.0
3344,63.22
3345,57.73
3346,100.43
3347,100.43
3348,100.43
3349,50.29
3350,100.43
3351,75.0
3352,46.5
3353,46.5
3354,47.91
3355,49.39
3356,46.18
3357,45.8
3358,43.25
3359,33.72
3360,31.7
3361,26.52
3362,26.52
3363,17.0
3364,17.0
3365,17.0
3366,33.5
3367,36.72
3368,38.0
3369,38.0
3370,39.5
3371,66.96
3372,80.35
3373,46.27
3374,96.82
3375,45.39
3376,45.39
3377,44.38
3378,45.95
3379,46.96
3380,44.87
3381,44.11
3382,42.57
3383,25.5
3384,20.0
3385,20.0
3386,16.0
3387,12.25
3388,0.0
3389,0.0
3390,25.0
3391,34.0
3392,37.78
3393,37.27
3394,37.27
3395,36.76
3396,36.76
3397,44.53
3398,44.5
3399,32.5
3400,32.5
3401,35.0
3402,37.27
3403,47.47
3404,47.81
3405,48.14
3406,73.65
3407,47.68
3408,133.91
3409,40.0
3410,80.34
3411,15.37
3412,60.26
3413,13.0
3414,32.0
3415,37.18
3416,36.0
3417,36.0
3418,35.5
3419,36.0
3420,34.4
3421,34.4
3422,34.4
3423,42.0
3424,42.6
3425,42.6
3426,48.55
3427,52.38
3428,54.04
3429,50.82
3430,48.23
3431,36.5
3432,37.54
3433,35.14
3434,34.28
3435,34.1
3436,33.95
3437,35.99
3438,43.71
3439,49.9
3440,50.95
3441,37.0
3442,37.0
3443,35.0
3444,32.5
3445,30.6
3446,30.4
3447,30.75
3448,31.0
3449,32.0
3450,34.85
3451,42.86
3452,42.54
3453,42.54
3454,38.86
3455,37.95
3456,38.1
3457,36.26
3458,35.07
3459,26.0
3460,26.0
3461,26.0
3462,40.0
3463,40.0
3464,40.0
3465,40.0
3466,40.0
3467,35.9
3468,40.0
3469,40.0
3470,39.0
3471,32.39
3472,33.14
3473,32.5
3474,40.99
3475,42.01
3476,42.01
3477,41.5
3478,41.0
3479,41.0
3480,39.75
3481,32.75
3482,37.71
3483,37.71
3484,22.1
3485,1.02
3486,0.8
3487,1.02
3488,1.02
3489,36.0
3490,39.75
3491,39.75
3492,39.75
3493,39.75
3494,40.0
3495,40.77
3496,41.5
3497,41.5
3498,41.28
3499,41.0
3500,32.0
3501,31.08
3502,31.08
3503,31.5
3504,18.67
3505,12.86
3506,12.2
3507,34.14
3508,34.2
3509,30.46
3510,37.32
3511,46.45
3512,38.0
3513,34.5
3514,34.5
3515,33.63
3516,31.0
3517,31.0
3518,35.0
3519,31.5
3520,31.5
3521,35.0
3522,36.18
3523,34.65
3524,34.65
3525,34.65
3526,34.65
3527,35.8
3528,40.5
3529,40.0
3530,40.0
3531,40.0
3532,38.97
3533,38.97
3534,45.71
3535,259.76
3536,259.76
3537,259.76
3538,133.23
3539,133.23
3540,36.0
3541,36.0
3542,36.0
3543,33.5
3544,33.5
3545,35.0
3546,37.0
3547,37.0
3548,38.49
3549,38.53
3550,39.0
3551,39.0
3552,34.53
3553,33.65
3554,30.57
3555,30.97
3556,32.05
3557,33.27
3558,42.87
3559,49.0
3560,32.3
3561,28.4
3562,28.4
3563,32.5
3564,32.5
3565,34.5
3566,35.0
3567,30.5
3568,30.5
3569,54.31
3570,32.5
3571,32.5
3572,32.5
3573,29.0
3574,40.77
3575,31.5
3576,16.98
3577,28.41
3578,21.51
3579,2.5
3580,2.5
3581,2.5
3582,3.83
3583,39.0
3584,39.0
3585,4.5
3586,35.0
3587,35.0
3588,20.9
3589,0.03
3590,0.1
3591,20.0
3592,20.0
3593,25.1
3594,36.88
3595,40.98
3596,39.95
3597,37.9
3598,37.9
3599,36.69
3600,32.02
3601,31.0
3602,36.3
3603,36.1
3604,36.0
3605,29.07
3606,35.0
3607,41.05
3608,41.49
3609,39.78
3610,37.0
3611,32.0
3612,29.74
3613,29.74
3614,38.0
3615,38.0
3616,10.25
3617,20.13
3618,45.05
3619,60.55
3620,66.47
3621,67.35
3622,56.35
3623,52.68
3624,47.81
3625,31.03
3626,28.23
3627,16.32
3628,16.32
3629,26.0
3630,25.8
3631,27.55
3632,24.0
3633,20.5
3634,20.5
3635,22.0
3636,13.26
3637,1.0
3638,1.0
3639,3.0
3640,3.0
3641,28.6
3642,31.0
3643,33.5
3644,33.5
3645,46.79
3646,44.1
3647,37.6
3648,28.54
3649,28.0
3650,15.5
3651,10.2
3652,1.5
3653,1.9
3654,17.34
3655,17.34
3656,17.34
3657,20.0
3658,25.5
3659,15.5
3660,2.5
3661,-1.0
3662,-1.0
3663,-5.0
3664,-5.0
3665,5.0
3666,38.0
3667,44.0
3668,44.26
3669,42.5
3670,28.56
3671,2.5
3672,1.02
3673,1.02
3674,1.02
3675,0.0
3676,0.0
3677,7.5
3678,30.0
3679,117.35
3680,118.66
3681,41.81
3682,34.11
3683,44.0
3684,44.88
3685,44.88
3686,43.86
3687,53.56
3688,42.0
3689,44.0
3690,45.42
3691,50.5
3692,48.98
3693,48.35
3694,45.96
3695,41.4
3696,51.15
3697,51.15
3698,49.55
3699,31.21
3700,32.83
3701,45.23
3702,56.53
3703,50.29
3704,55.43
3705,46.93
3706,42.24
3707,41.0
3708,54.49
3709,54.49
3710,31.0
3711,29.5
3712,29.5
3713,42.92
3714,45.13
3715,34.5
3716,44.72
3717,27.0
3718,26.0
3719,26.0
3720,26.82
3721,30.64
3722,28.0
3723,10.21
3724,0.4
3725,7.5
3726,29.5
3727,31.5
3728,32.5
3729,43.97
3730,41.38
3731,41.0
3732,54.71
3733,53.56
3734,80.34
3735,80.34
3736,39.0
3737,43.45
3738,48.28
3739,56.52
3740,83.38
3741,28.0
3742,25.92
3743,28.0
3744,20.0
3745,13.29
3746,-3.0
3747,-5.0
3748,-5.0
3749,-4.0
3750,21.47
3751,33.74
3752,33.74
3753,40.0
3754,38.0
3755,37.82
3756,37.62
3757,33.0
3758,30.98
3759,30.92
3760,30.91
3761,33.0
3762,40.0
3763,40.89
3764,40.0
3765,43.69
3766,41.55
3767,33.74
3768,29.82
3769,29.34
3770,29.15
3771,21.0
3772,18.0
3773,18.0
3774,26.0
3775,26.0
3776,27.05
3777,45.93
3778,28.07
3779,27.56
3780,27.3
3781,32.1
3782,32.1
3783,27.45
3784,32.4
3785,34.0
3786,22.0
3787,22.0
3788,40.07
3789,33.0
3790,30.04
3791,26.25
3792,33.68
3793,33.0
3794,5.0
3795,4.99
3796,0.0
3797,-2.0
3798,-2.0
3799,10.4
3800,26.54
3801,30.0
3802,30.0
3803,15.85
3804,13.98
3805,4.0
3806,0.94
3807,-20.0
3808,-24.1
3809,-20.09
3810,28.0
3811,34.0
3812,34.0
3813,30.0
3814,30.0
3815,15.31
3816,4.54
3817,0.0
3818,-4.2
3819,-4.2
3820,-10.0
3821,-10.0
3822,-9.7
3823,-1.0
3824,10.0
3825,10.0
3826,5.28
3827,3.0
3828,0.0
3829,0.0
3830,3.0
3831,3.0
3832,24.68
3833,31.9
3834,44.38
3835,25.56
3836,25.56
3837,25.56
3838,120.52
3839,134.05
3840,-1.2
3841,-2.0
3842,-2.0
3843,-2.0
3844,-1.2
3845,-1.8
3846,26.84
3847,24.0
3848,24.0
3849,30.0
3850,34.71
3851,34.71
3852,34.71
3853,19.43
3854,19.43
3855,30.0
3856,32.0
3857,35.0
3858,36.48
3859,39.04
3860,39.85
3861,34.77
3862,34.77
3863,34.0
3864,33.0
3865,18.0
3866,30.0
3867,30.0
3868,25.68
3869,11.61
3870,42.06
3871,46.25
3872,51.58
3873,48.83
3874,51.46
3875,52.73
3876,46.24
3877,44.62
3878,44.0
3879,45.36
3880,48.6
3881,54.64
3882,59.38
3883,56.1
3884,50.08
3885,46.16
3886,126.41
3887,103.25
3888,25.0
3889,22.0
3890,22.0
3891,22.0
3892,22.0
3893,22.0
3894,47.82
3895,56.51
3896,62.61
3897,29.0
3898,28.5
3899,28.61
3900,265.11
3901,200.71
3902,39.05
3903,36.0
3904,27.0
3905,42.14
3906,48.5
3907,51.44
3908,50.56
3909,47.7
3910,44.64
3911,38.7
3912,3.06
3913,10.01
3914,26.0
3915,24.02
3916,22.7
3917,21.0
3918,24.0
3919,48.01
3920,44.49
3921,36.42
3922,26.0
3923,26.07
3924,29.36
3925,28.73
3926,29.56
3927,34.0
3928,31.11
3929,33.68
3930,50.09
3931,64.24
3932,76.5
3933,62.61
3934,47.56
3935,41.03
3936,34.78
3937,34.78
3938,27.32
3939,18.93
3940,18.0
3941,18.0
3942,40.25
3943,52.94
3944,27.62
3945,26.5
3946,26.5
3947,27.0
3948,35.81
3949,33.02
3950,33.28
3951,34.06
3952,26.0
3953,26.0
3954,28.0
3955,27.5
3956,27.5
3957,26.0
3958,24.0
3959,24.0
3960,32.0
3961,29.5
3962,29.5
3963,29.5
3964,29.5
3965,28.19
3966,28.19
3967,28.19
3968,31.0
3969,34.74
3970,34.74
3971,23.0
3972,23.5
3973,34.0
3974,34.0
3975,33.0
3976,33.0
3977,22.0
3978,23.0
3979,30.66
3980,30.66
3981,32.0
3982,29.57
3983,29.23
3984,21.86
3985,27.52
3986,26.05
3987,25.39
3988,25.07
3989,26.4
3990,27.1
3991,28.15
3992,29.0
3993,29.04
3994,31.0
3995,31.0
3996,31.0
3997,31.0
3998,33.23
3999,33.23
4000,30.67
4001,33.23
4002,38.2
4003,44.84
4004,47.95
4005,51.6
4006,26.0
4007,25.0
4008,21.0
4009,20.45
4010,16.24
4011,14.73
4012,10.3
4013,20.0
4014,28.0
4015,50.8
4016,49.02
4017,39.19
4018,30.0
4019,28.0
4020,29.14
4021,29.14
4022,29.14
4023,30.0
4024,29.74
4025,44.97
4026,57.06
4027,26.5
4028,26.0
4029,26.0
4030,26.0
4031,26.0
4032,17.77
4033,30.23
4034,23.49
4035,23.49
4036,8.0
4037,22.06
4038,25.0
4039,27.5
4040,31.0
4041,29.11
4042,30.4
4043,38.9
4044,37.12
4045,28.5
4046,29.5
4047,26.0
4048,26.0
4049,26.0
4050,26.0
4051,66.16
4052,67.12
4053,80.35
4054,80.35
4055,133.25
4056,25.0
4057,25.0
4058,25.0
4059,25.0
4060,25.0
4061,39.68
4062,43.07
4063,54.43
4064,58.64
4065,49.28
4066,42.98
4067,40.81
4068,38.0
4069,37.81
4070,36.79
4071,36.09
4072,34.91
4073,42.91
4074,49.94
4075,53.17
4076,113.83
4077,45.64
4078,40.08
4079,34.99
4080,30.75
4081,30.23
4082,31.0
4083,133.92
4084,251.66
4085,31.67
4086,31.16
4087,36.09
4088,120.53
4089,38.0
4090,38.1
4091,36.98
4092,36.08
4093,38.0
4094,35.09
4095,33.93
4096,33.54
4097,36.71
4098,39.62
4099,44.82
4100,51.96
4101,50.0
4102,46.63
4103,39.28
4104,34.3
4105,25.0
4106,25.0
4107,23.0
4108,23.0
4109,25.0
4110,25.0
4111,26.0
4112,26.0
4113,26.0
4114,26.0
4115,27.0
4116,27.0
4117,27.0
4118,27.0
4119,24.0
4120,20.0
4121,20.0
4122,22.0
4123,22.0
4124,20.0
4125,15.0
4126,15.0
4127,18.0
4128,19.0
4129,19.0
4130,19.0
4131,1.7
4132,-10.0
4133,-9.0
4134,9.29
4135,23.4
4136,8.26
4137,8.26
4138,8.26
4139,8.26
4140,8.26
4141,0.0
4142,0.0
4143,-0.8
4144,11.1
4145,14.0
4146,34.73
4147,37.91
4148,35.38
4149,26.0
4150,24.5
4151,24.5
4152,30.0
4153,30.0
4154,26.02
4155,25.33
4156,22.0
4157,21.81
4158,21.19
4159,21.0
4160,21.0
4161,17.0
4162,17.0
4163,17.0
4164,17.0
4165,18.0
4166,27.0
4167,26.0
4168,26.48
4169,22.0
4170,22.0
4171,25.1
4172,25.1
4173,25.1
4174,25.1
4175,26.0
4176,22.0
4177,18.0
4178,18.0
4179,18.0
4180,20.0
4181,24.0
4182,27.0
4183,29.97
4184,29.0
4185,31.0
4186,32.04
4187,33.47
4188,33.46
4189,33.03
4190,32.82
4191,32.22
4192,32.78
4193,35.34
4194,28.42
4195,28.42
4196,28.42
4197,28.42
4198,28.42
4199,25.84
4200,24.5
4201,24.78
4202,20.0
4203,20.0
4204,12.0
4205,19.0
4206,33.5
4207,30.56
4208,31.5
4209,40.96
4210,40.5
4211,36.8
4212,38.5
4213,38.5
4214,38.5
4215,38.5
4216,36.93
4217,49.22
4218,251.81
4219,251.81
4220,281.14
4221,93.76
4222,52.9
4223,45.17
4224,33.0
4225,33.5
4226,35.62
4227,35.62
4228,31.0
4229,30.87
4230,44.45
4231,59.82
4232,60.08
4233,48.44
4234,38.09
4235,36.7
4236,35.08
4237,33.09
4238,31.88
4239,34.8
4240,34.0
4241,28.5
4242,29.0
4243,30.73
4244,30.04
4245,29.36
4246,27.82
4247,15.84
4248,23.24
4249,27.2
4250,28.0
4251,21.32
4252,8.5
4253,8.5
4254,23.0
4255,24.0
4256,27.0
4257,36.5
4258,34.56
4259,30.0
4260,30.0
4261,30.0
4262,30.91
4263,27.1
4264,26.5
4265,26.5
4266,26.5
4267,26.5
4268,26.5
4269,26.5
4270,29.0
4271,27.38
4272,25.0
4273,22.71
4274,22.71
4275,22.71
4276,22.37
4277,24.4
4278,48.22
4279,61.98
4280,61.66
4281,49.28
4282,28.91
4283,28.91
4284,28.91
4285,27.7
4286,26.84
4287,25.59
4288,34.4
4289,28.39
4290,54.13
4291,66.53
4292,66.06
4293,54.73
4294,48.54
4295,39.05
4296,23.0
4297,21.0
4298,20.94
4299,21.0
4300,21.0
4301,21.0
4302,21.0
4303,22.0
4304,22.7
4305,23.0
4306,23.0
4307,23.0
4308,24.5
4309,19.0
4310,18.0
4311,17.2
4312,18.0
4313,30.18
4314,22.7
4315,22.7
4316,22.7
4317,22.0
4318,22.0
4319,21.24
4320,30.41
4321,26.9
4322,25.8
4323,26.0
4324,26.0
4325,24.18
4326,25.72
4327,25.8
4328,26.0
4329,28.81
4330,28.81
4331,28.0
4332,28.0
4333,23.58
4334,-17.42
4335,-14.61
4336,-23.45
4337,-12.06
4338,29.0
4339,27.26
4340,27.5
4341,27.94
4342,27.98
4343,23.0
4344,19.55
4345,19.0
4346,26.3
4347,28.5
4348,28.5
4349,28.5
4350,27.7
4351,25.21
4352,26.5
4353,26.0
4354,35.0
4355,32.41
4356,28.52
4357,25.6
4358,23.5
4359,23.5
4360,26.72
4361,27.5
4362,28.04
4363,26.4
4364,24.5
4365,24.5
4366,23.5
4367,17.0
4368,17.0
4369,20.0
4370,20.0
4371,20.0
4372,20.57
4373,21.36
4374,24.29
4375,23.5
4376,22.5
4377,23.23
4378,28.82
4379,29.79
4380,28.11
4381,28.84
4382,28.82
4383,22.5
4384,22.2
4385,22.2
4386,22.5
4387,22.5
4388,22.5
4389,22.5
4390,22.5
4391,24.5
4392,26.12
4393,25.7
4394,25.37
4395,20.5
4396,20.3
4397,20.5
4398,24.0
4399,31.35
4400,31.8
4401,31.8
4402,26.0
4403,26.0
4404,27.0
4405,24.93
4406,24.2
4407,24.2
4408,24.2
4409,28.99
4410,28.0
4411,28.0
4412,27.47
4413,27.47
4414,31.7
4415,30.31
4416,27.78
4417,27.29
4418,26.82
4419,29.5
4420,29.5
4421,29.5
4422,28.47
4423,29.62
4424,26.89
4425,26.5
4426,26.5
4427,26.6
4428,27.1
4429,28.0
4430,27.92
4431,28.4
4432,28.4
4433,28.8
4434,29.15
4435,29.02
4436,32.5
4437,32.5
4438,30.0
4439,27.26
4440,26.19
4441,30.0
4442,30.0
4443,30.0
4444,30.0
4445,30.0
4446,40.49
4447,42.89
4448,45.92
4449,26.0
4450,26.0
4451,26.0
4452,26.0
4453,187.6
4454,27.49
4455,31.8
4456,31.0
4457,30.41
4458,30.41
4459,30.47
4460,31.8
4461,31.8
4462,31.8
4463,31.8
4464,32.5
4465,32.5
4466,32.0
4467,32.0
4468,32.0
4469,32.0
4470,31.5
4471,29.03
4472,31.05
4473,32.0
4474,29.7
4475,23.88
4476,23.52
4477,23.88
4478,29.5
4479,30.0
4480,29.39
4481,30.0
4482,29.75
4483,30.03
4484,29.02
4485,28.79
4486,29.19
4487,28.39
4488,30.0
4489,30.0
4490,28.0
4491,28.0
4492,23.36
4493,23.6
4494,21.82
4495,29.0
4496,29.0
4497,32.0
4498,32.0
4499,32.0
4500,31.4
4501,27.74
4502,20.77
4503,20.77
4504,20.77
4505,23.0
4506,26.0
4507,32.89
4508,32.89
4509,33.01
4510,32.5
4511,31.5
4512,31.0
4513,32.0
4514,32.0
4515,32.0
4516,31.15
4517,29.16
4518,31.4
4519,39.06
4520,39.99
4521,38.59
4522,40.5
4523,39.94
4524,38.68
4525,30.0
4526,30.0
4527,33.76
4528,34.47
4529,34.92
4530,37.08
4531,41.87
4532,36.86
4533,36.86
4534,35.0
4535,26.0
4536,26.42
4537,26.42
4538,26.17
4539,26.34
4540,31.0
4541,31.07
4542,36.16
4543,43.95
4544,44.06
4545,41.33
4546,41.33
4547,40.81
4548,40.81
4549,40.81
4550,34.75
4551,34.24
4552,37.19
4553,37.19
4554,40.34
4555,28.93
4556,47.9
4557,45.99
4558,43.88
4559,36.66
4560,32.88
4561,33.9
4562,34.8
4563,34.8
4564,32.23
4565,28.3
4566,28.0
4567,28.0
4568,28.86
4569,29.5
4570,29.89
4571,30.6
4572,28.0
4573,28.0
4574,28.0
4575,28.0
4576,28.0
4577,29.9
4578,48.95
4579,31.95
4580,31.0
4581,48.06
4582,47.73
4583,61.42
4584,62.83
4585,30.5
4586,30.5
4587,30.5
4588,30.5
4589,30.5
4590,42.41
4591,50.92
4592,71.44
4593,52.84
4594,51.78
4595,72.96
4596,133.99
4597,160.79
4598,72.89
4599,72.15
4600,80.39
4601,49.9
4602,33.0
4603,33.0
4604,33.0
4605,32.0
4606,73.69
4607,71.37
4608,134.06
4609,93.75
4610,83.03
4611,37.33
4612,120.53
4613,37.83
4614,48.39
4615,33.0
4616,32.17
4617,33.09
4618,33.09
4619,35.5
4620,35.8
4621,34.7
4622,34.76
4623,35.0
4624,32.0
4625,32.0
4626,33.8
4627,35.5
4628,32.0
4629,32.0
4630,32.1
4631,32.1
4632,34.3
4633,32.0
4634,32.0
4635,27.0
4636,29.0
4637,29.5
4638,29.5
4639,31.0
4640,32.23
4641,33.3
4642,33.0
4643,34.0
4644,36.87
4645,33.1
4646,29.0
4647,27.5
4648,27.5
4649,29.5
4650,31.22
4651,34.8
4652,34.0
4653,33.3
4654,33.3
4655,33.0
4656,35.85
4657,35.04
4658,34.05
4659,33.77
4660,24.0
4661,24.0
4662,28.5
4663,30.0
4664,38.0
4665,39.0
4666,39.0
4667,34.0
4668,34.0
4669,36.13
4670,35.36
4671,36.0
4672,35.31
4673,33.0
4674,33.2
4675,33.2
4676,33.26
4677,34.0
4678,34.0
4679,34.0
4680,32.0
4681,32.0
4682,28.0
4683,27.0
4684,27.0
4685,31.18
4686,34.0
4687,33.78
4688,33.78
4689,34.2
4690,34.2
4691,34.2
4692,34.2
4693,35.5
4694,35.5
4695,36.0
4696,36.0
4697,36.0
4698,38.78
4699,38.72
4700,34.5
4701,34.0
4702,34.0
4703,33.3
4704,32.0
4705,28.0
4706,28.0
4707,28.0
4708,28.0
4709,28.0
4710,32.0
4711,32.22
4712,32.22
4713,33.1
4714,34.3
4715,36.0
4716,37.0
4717,36.38
4718,36.38
4719,34.3
4720,34.3
4721,34.82
4722,35.5
4723,35.5
4724,35.86
4725,35.86
4726,35.5
4727,35.5
4728,35.5
4729,38.87
4730,38.12
4731,33.6
4732,33.6
4733,34.0
4734,34.0
4735,53.92
4736,86.38
4737,56.79
4738,48.78
4739,47.7
4740,35.0
4741,35.0
4742,35.3
4743,36.03
4744,36.1
4745,36.1
4746,52.0
4747,36.7
4748,36.7
4749,36.2
4750,77.34
4751,73.65
4752,38.1
4753,39.0
4754,35.0
4755,35.0
4756,35.0
4757,35.32
4758,34.2
4759,35.0
4760,35.0
4761,34.7
4762,34.7
4763,35.0
4764,35.0
4765,35.32
4766,35.0
4767,35.0
4768,35.0
4769,47.91
4770,49.94
4771,54.79
4772,54.02
4773,35.0
4774,35.0
4775,35.0
4776,35.0
4777,35.0
4778,35.0
4779,35.0
4780,36.68
4781,37.87
4782,42.84
4783,52.07
4784,60.26
4785,70.35
4786,37.0
4787,47.03
4788,44.01
4789,38.2
4790,41.5
4791,41.5
4792,41.5
4793,46.21
4794,51.27
4795,55.0
4796,53.99
4797,35.28
4798,35.28
4799,35.28
4800,35.5
4801,35.5
4802,32.76
4803,31.0
4804,31.0
4805,28.1
4806,28.1
4807,30.5
4808,32.0
4809,33.0
4810,33.5
4811,36.01
4812,35.31
4813,32.5
4814,33.5
4815,34.24
4816,37.5
4817,33.28
4818,40.56
4819,40.56
4820,39.0
4821,39.0
4822,37.95
4823,33.8
4824,34.0
4825,37.5
4826,37.5
4827,37.5
4828,30.99
4829,31.55
4830,29.1
4831,29.1
4832,32.5
4833,38.7
4834,38.7
4835,36.34
4836,35.42
4837,34.54
4838,33.48
4839,32.9
4840,33.84
4841,32.0
4842,36.44
4843,34.5
4844,34.5
4845,34.5
4846,35.1
4847,34.0
4848,32.6
4849,33.26
4850,30.0
4851,30.0
4852,30.0
4853,33.26
4854,34.2
4855,34.2
4856,34.2
4857,34.2
4858,34.5
4859,33.26
4860,80.41
4861,73.7
4862,33.0
4863,34.0
4864,35.0
4865,35.0
4866,48.98
4867,107.21
4868,38.31
4869,38.12
4870,38.05
4871,38.04
4872,37.96
4873,37.58
4874,36.98
4875,39.5
4876,39.5
4877,37.7
4878,34.2
4879,34.2
4880,34.2
4881,34.2
4882,35.86
4883,35.86
4884,36.2
4885,36.0
4886,35.9
4887,35.8
4888,44.9
4889,52.97
4890,57.71
4891,62.98
4892,63.41
4893,98.31
4894,107.15
4895,107.15
4896,107.15
4897,80.36
4898,38.48
4899,38.14
4900,37.94
4901,36.17
4902,35.5
4903,34.9
4904,35.0
4905,36.17
4906,37.0
4907,47.46
4908,45.65
4909,36.5
4910,36.5
4911,36.5
4912,36.5
4913,57.75
4914,68.13
4915,193.54
4916,134.07
4917,59.36
4918,57.81
4919,49.8
4920,45.62
4921,36.8
4922,36.58
4923,36.8
4924,36.8
4925,35.5
4926,34.5
4927,34.4
4928,35.8
4929,56.7
4930,52.78
4931,50.65
4932,37.2
4933,98.33
4934,93.77
4935,47.78
4936,50.15
4937,56.85
4938,98.33
4939,71.22
4940,200.94
4941,83.72
4942,35.0
4943,35.0
4944,35.0
4945,37.73
4946,37.19
4947,36.57
4948,36.37
4949,38.49
4950,192.1
4951,134.1
4952,278.64
4953,200.95
4954,106.5
4955,48.31
4956,37.0
4957,36.83
4958,36.83
4959,36.83
4960,36.83
4961,36.83
4962,52.07
4963,53.62
4964,52.06
4965,48.97
4966,48.14
4967,41.5
4968,39.01
4969,37.59
4970,37.01
4971,36.04
4972,35.1
4973,35.28
4974,34.2
4975,36.05
4976,40.24
4977,42.3
4978,41.0
4979,33.6
4980,34.0
4981,36.83
4982,32.92
4983,32.74
4984,33.85
4985,36.79
4986,38.29
4987,38.94
4988,37.91
4989,40.0
4990,40.0
4991,39.5
4992,40.0
4993,40.72
4994,40.0
4995,26.27
4996,39.17
4997,39.0
4998,38.0
4999,41.23
5000,41.23
5001,41.23
5002,42.5
5003,42.5
5004,42.27
5005,40.72
5006,40.5
5007,40.0
5008,42.0
5009,42.4
5010,45.0
5011,45.0
5012,45.3
5013,45.0
5014,43.0
5015,41.5
5016,29.4
5017,29.4
5018,29.5
5019,29.9
5020,34.8
5021,32.0
5022,35.0
5023,35.5
5024,67.71
5025,51.51
5026,48.84
5027,48.29
5028,47.35
5029,45.72
5030,45.3
5031,37.63
5032,36.08
5033,36.08
5034,36.08
5035,38.0
5036,60.5
5037,200.9
5038,234.38
5039,134.07
5040,35.0
5041,34.0
5042,32.0
5043,32.0
5044,80.36
5045,133.79
5046,67.73
5047,34.05
5048,35.0
5049,35.0
5050,35.2
5051,37.0
5052,37.0
5053,37.0
5054,37.0
5055,41.5
5056,36.5
5057,36.5
5058,36.5
5059,37.66
5060,36.0
5061,36.0
5062,36.0
5063,35.0
5064,35.0
5065,32.87
5066,32.0
5067,32.0
5068,32.0
5069,32.3
5070,33.0
5071,35.0
5072,133.94
5073,37.3
5074,39.0
5075,50.71
5076,47.7
5077,93.62
5078,133.94
5079,40.17
5080,36.98
5081,36.98
5082,52.02
5083,55.93
5084,65.71
5085,69.95
5086,54.51
5087,42.62
5088,39.0
5089,41.5
5090,41.5
5091,41.5
5092,41.5
5093,38.39
5094,37.8
5095,46.92
5096,46.81
5097,38.32
5098,40.83
5099,40.83
5100,40.49
5101,40.54
5102,40.2
5103,40.11
5104,42.5
5105,38.0
5106,38.0
5107,37.3
5108,37.3
5109,37.3
5110,36.79
5111,36.79
5112,36.3
5113,38.89
5114,36.0
5115,36.0
5116,60.27
5117,80.36
5118,36.0
5119,36.0
5120,36.1
5121,37.4
5122,36.0
5123,36.0
5124,37.4
5125,39.9
5126,37.77
5127,36.0
5128,36.0
5129,36.0
5130,40.6
5131,39.1
5132,39.9
5133,40.58
5134,40.3
5135,39.2
5136,38.96
5137,38.16
5138,42.0
5139,42.0
5140,41.0
5141,37.87
5142,40.41
5143,41.42
5144,38.97
5145,39.73
5146,39.87
5147,39.61
5148,39.42
5149,39.14
5150,38.95
5151,38.91
5152,38.89
5153,38.96
5154,39.75
5155,41.08
5156,40.5
5157,37.38
5158,41.96
5159,39.47
5160,38.93
5161,38.04
5162,40.5
5163,37.18
5164,37.06
5165,36.48
5166,33.0
5167,34.0
5168,38.69
5169,39.63
5170,40.03
5171,40.02
5172,39.98
5173,39.46
5174,39.3
5175,39.2
5176,39.12
5177,39.32
5178,39.98
5179,42.0
5180,44.87
5181,47.0
5182,46.76
5183,37.0
5184,33.78
5185,31.0
5186,33.0
5187,36.56
5188,36.81
5189,35.0
5190,37.0
5191,37.31
5192,56.02
5193,46.0
5194,46.0
5195,46.0
5196,45.22
5197,47.24
5198,43.87
5199,44.32
5200,44.93
5201,46.28
5202,53.0
5203,51.11
5204,55.0
5205,51.13
5206,45.0
5207,42.8
5208,80.36
5209,37.83
5210,36.91
5211,36.83
5212,36.78
5213,38.47
5214,39.4
5215,49.2
5216,147.33
5217,54.0
5218,52.0
5219,41.27
5220,40.15
5221,39.97
5222,39.93
5223,39.95
5224,40.13
5225,43.74
5226,48.93
5227,51.78
5228,53.87
5229,52.99
5230,49.12
5231,40.97
5232,38.26
5233,36.28
5234,35.76
5235,35.76
5236,37.61
5237,37.59
5238,35.5
5239,36.1
5240,44.98
5241,44.98
5242,44.34
5243,37.0
5244,37.0
5245,42.84
5246,40.73
5247,41.15
5248,42.05
5249,37.11
5250,35.5
5251,35.5
5252,35.5
5253,35.5
5254,37.11
5255,33.6
5256,30.61
5257,30.61
5258,30.61
5259,30.61
5260,30.61
5261,33.12
5262,33.0
5263,35.0
5264,35.0
5265,40.32
5266,40.3
5267,39.91
5268,39.94
5269,39.73
5270,39.12
5271,38.84
5272,32.12
5273,33.0
5274,33.2
5275,34.5
5276,38.1
5277,43.63
5278,39.3
5279,38.12
5280,36.23
5281,35.0
5282,33.97
5283,38.41
5284,35.5
5285,37.26
5286,247.46
5287,53.92
5288,98.0
5289,46.89
5290,43.2
5291,40.4
5292,40.34
5293,40.13
5294,40.0
5295,40.0
5296,40.0
5297,40.81
5298,43.66
5299,43.4
5300,40.07
5301,37.7
5302,34.0
5303,30.43
5304,34.87
5305,34.67
5306,33.92
5307,32.73
5308,31.7
5309,31.42
5310,37.5
5311,38.0
5312,40.0
5313,41.0
5314,41.07
5315,41.07
5316,41.0
5317,39.57
5318,39.57
5319,38.9
5320,40.0
5321,40.57
5322,39.5
5323,40.0
5324,40.0
5325,39.0
5326,37.0
5327,32.01
5328,28.84
5329,16.05
5330,0.0
5331,-7.0
5332,-7.0
5333,-7.0
5334,-7.0
5335,21.19
5336,22.0
5337,27.0
5338,38.12
5339,38.12
5340,37.12
5341,31.96
5342,31.62
5343,32.47
5344,32.61
5345,32.8
5346,35.97
5347,42.63
5348,38.7
5349,41.0
5350,41.0
5351,40.0
5352,29.0
5353,29.0
5354,22.0
5355,22.0
5356,24.0
5357,32.32
5358,38.2
5359,46.03
5360,40.52
5361,38.71
5362,38.5
5363,34.0
5364,34.0
5365,36.42
5366,39.5
5367,34.8
5368,33.5
5369,34.0
5370,60.54
5371,34.0
5372,33.5
5373,96.88
5374,120.6
5375,187.6
5376,34.97
5377,34.01
5378,25.01
5379,26.01
5380,28.5
5381,31.0
5382,36.0
5383,52.96
5384,49.97
5385,40.85
5386,36.3
5387,35.0
5388,34.5
5389,37.68
5390,36.99
5391,36.71
5392,39.0
5393,39.0
5394,39.0
5395,34.0
5396,34.0
5397,47.92
5398,42.16
5399,31.01
5400,27.5
5401,23.0
5402,18.98
5403,18.98
5404,23.0
5405,29.0
5406,34.3
5407,49.42
5408,45.84
5409,32.2
5410,32.2
5411,31.96
5412,31.9
5413,33.7
5414,34.0
5415,30.0
5416,29.0
5417,31.0
5418,49.26
5419,65.18
5420,67.93
5421,52.74
5422,39.97
5423,35.95
5424,33.01
5425,31.45
5426,33.0
5427,34.0
5428,34.0
5429,34.0
5430,36.55
5431,37.05
5432,38.0
5433,37.05
5434,35.62
5435,37.5
5436,38.0
5437,36.05
5438,35.67
5439,36.0
5440,36.0
5441,37.05
5442,37.05
5443,38.99
5444,40.91
5445,41.0
5446,41.0
5447,33.33
5448,31.11
5449,29.53
5450,33.0
5451,33.0
5452,29.93
5453,28.0
5454,34.88
5455,41.02
5456,253.3
5457,253.3
5458,36.91
5459,35.76
5460,35.63
5461,35.12
5462,34.46
5463,34.35
5464,34.05
5465,36.64
5466,46.97
5467,57.91
5468,52.37
5469,45.29
5470,36.76
5471,28.0
5472,37.1
5473,36.5
5474,36.0
5475,18.0
5476,13.91
5477,32.0
5478,29.58
5479,32.09
5480,37.8
5481,38.5
5482,38.6
5483,38.5
5484,38.0
5485,38.0
5486,38.0
5487,38.0
5488,38.0
5489,38.0
5490,38.0
5491,35.41
5492,37.95
5493,39.68
5494,36.92
5495,33.29
5496,36.97
5497,34.0
5498,34.0
5499,34.0
5500,34.0
5501,34.0
5502,23.0
5503,36.97
5504,36.97
5505,36.97
5506,37.0
5507,37.0
5508,37.0
5509,36.97
5510,38.0
5511,38.0
5512,39.0
5513,39.5
5514,39.5
5515,38.0
5516,38.19
5517,31.0
5518,30.6
5519,27.98
5520,29.59
5521,37.0
5522,37.5
5523,37.5
5524,37.1
5525,35.97
5526,38.47
5527,43.89
5528,41.89
5529,40.97
5530,35.71
5531,32.4
5532,32.4
5533,32.4
5534,35.97
5535,35.35
5536,34.69
5537,34.85
5538,37.08
5539,33.48
5540,33.0
5541,33.0
5542,32.0
5543,32.0
5544,31.38
5545,29.74
5546,29.58
5547,28.67
5548,30.08
5549,33.33
5550,37.65
5551,45.75
5552,48.31
5553,45.13
5554,34.0
5555,32.0
5556,30.0
5557,30.0
5558,30.0
5559,30.0
5560,38.0
5561,44.97
5562,50.05
5563,53.86
5564,54.28
5565,48.94
5566,40.61
5567,31.0
5568,33.07
5569,33.11
5570,32.01
5571,35.0
5572,35.0
5573,35.0
5574,41.56
5575,57.0
5576,56.11
5577,41.95
5578,34.5
5579,34.5
5580,33.0
5581,31.6
5582,31.1
5583,31.0
5584,31.0
5585,40.62
5586,50.04
5587,66.75
5588,68.91
5589,34.5
5590,34.0
5591,32.0
5592,33.26
5593,32.35
5594,34.0
5595,34.0
5596,34.0
5597,34.37
5598,33.6
5599,34.0
5600,34.19
5601,36.71
5602,35.7
5603,35.59
5604,35.53
5605,35.8
5606,35.6
5607,33.0
5608,30.67
5609,37.0
5610,42.47
5611,55.36
5612,51.81
5613,107.3
5614,38.48
5615,33.95
5616,34.21
5617,34.21
5618,34.21
5619,34.21
5620,34.21
5621,34.06
5622,34.0
5623,33.0
5624,33.5
5625,38.0
5626,40.0
5627,38.0
5628,37.5
5629,36.51
5630,35.08
5631,34.0
5632,37.32
5633,40.47
5634,48.75
5635,34.0
5636,33.0
5637,33.0
5638,33.0
5639,33.71
5640,34.07
5641,31.92
5642,30.86
5643,34.0
5644,34.0
5645,34.0
5646,34.0
5647,36.0
5648,37.23
5649,37.23
5650,37.0
5651,36.32
5652,36.16
5653,35.86
5654,35.54
5655,35.52
5656,29.8
5657,31.19
5658,36.93
5659,42.39
5660,38.75
5661,36.29
5662,35.21
5663,31.67
5664,31.37
5665,25.0
5666,22.0
5667,22.0
5668,22.0
5669,28.96
5670,17.0
5671,22.0
5672,36.22
5673,37.73
5674,37.73
5675,37.73
5676,34.82
5677,33.38
5678,34.71
5679,34.71
5680,34.7
5681,35.33
5682,40.71
5683,47.13
5684,46.99
5685,40.94
5686,38.0
5687,37.0
5688,114.01
5689,35.21
5690,35.5
5691,35.5
5692,36.22
5693,36.22
5694,50.07
5695,69.32
5696,61.99
5697,49.18
5698,50.0
5699,50.3
5700,50.3
5701,45.5
5702,60.0
5703,58.4
5704,60.36
5705,96.98
5706,93.89
5707,67.13
5708,59.46
5709,55.65
5710,47.87
5711,31.69
5712,33.0
5713,33.0
5714,34.91
5715,34.67
5716,34.96
5717,35.91
5718,45.23
5719,35.36
5720,35.36
5721,93.88
5722,120.71
5723,120.71
5724,51.4
5725,51.6
5726,180.0
5727,180.0
5728,180.0
5729,92.68
5730,107.16
5731,107.16
5732,93.88
5733,51.2
5734,46.18
5735,37.49
5736,30.0
5737,29.0
5738,29.0
5739,27.0
5740,27.0
5741,29.0
5742,31.1
5743,31.5
5744,39.2
5745,39.2
5746,134.1
5747,143.62
5748,134.1
5749,44.73
5750,45.0
5751,45.6
5752,48.83
5753,55.92
5754,69.85
5755,80.01
5756,73.08
5757,33.66
5758,31.05
5759,30.05
5760,29.5
5761,28.0
5762,39.09
5763,40.34
5764,34.39
5765,35.39
5766,34.0
5767,107.28
5768,93.73
5769,93.73
5770,90.0
5771,50.01
5772,42.12
5773,50.0
5774,50.0
5775,49.2
5776,44.66
5777,44.0
5778,31.2
5779,31.2
5780,31.6
5781,50.96
5782,44.95
5783,31.6
5784,32.01
5785,33.1
5786,52.07
5787,37.0
5788,37.0
5789,35.29
5790,48.58
5791,51.28
5792,33.9
5793,33.9
5794,35.0
5795,34.2
5796,33.0
5797,33.0
5798,30.0
5799,30.0
5800,30.5
5801,36.1
5802,36.6
5803,33.0
5804,33.4
5805,33.4
5806,30.62
5807,30.39
5808,134.12
5809,32.66
5810,23.41
5811,22.0
5812,19.92
5813,14.0
5814,20.0
5815,29.0
5816,29.0
5817,37.0
5818,37.0
5819,35.49
5820,33.0
5821,30.0
5822,30.0
5823,29.38
5824,29.38
5825,32.37
5826,40.68
5827,47.21
5828,228.01
5829,160.95
5830,37.07
5831,23.0
5832,13.5
5833,0.0
5834,-6.98
5835,0.0
5836,4.99
5837,16.0
5838,13.5
5839,13.5
5840,22.0
5841,36.41
5842,40.0
5843,40.9
5844,35.0
5845,34.27
5846,33.74
5847,32.99
5848,37.5
5849,40.9
5850,40.9
5851,30.7
5852,30.9
5853,32.92
5854,32.92
5855,32.74
5856,33.0
5857,33.0
5858,33.0
5859,33.0
5860,26.26
5861,29.96
5862,38.21
5863,34.28
5864,32.0
5865,32.0
5866,32.5
5867,32.8
5868,31.2
5869,31.2
5870,33.0
5871,33.0
5872,32.0
5873,31.9
5874,33.0
5875,32.0
5876,32.0
5877,34.28
5878,33.92
5879,30.5
5880,31.6
5881,34.22
5882,33.58
5883,34.11
5884,34.79
5885,35.63
5886,37.5
5887,34.0
5888,34.5
5889,42.0
5890,42.0
5891,34.5
5892,34.4
5893,33.0
5894,31.5
5895,31.5
5896,34.4
5897,31.2
5898,31.2
5899,32.0
5900,31.0
5901,31.0
5902,32.0
5903,35.0
5904,25.0
5905,21.0
5906,19.0
5907,19.0
5908,22.97
5909,32.3
5910,32.0
5911,62.8
5912,66.18
5913,43.5
5914,35.0
5915,35.0
5916,40.65
5917,36.0
5918,36.0
5919,36.0
5920,36.0
5921,38.97
5922,41.44
5923,41.44
5924,40.67
5925,31.1
5926,31.0
5927,31.0
5928,33.54
5929,33.54
5930,33.0
5931,32.04
5932,32.04
5933,29.5
5934,34.26
5935,32.5
5936,40.59
5937,31.5
5938,31.54
5939,30.6
5940,30.1
5941,30.6
5942,30.6
5943,30.6
5944,31.54
5945,35.15
5946,35.93
5947,39.95
5948,40.92
5949,34.2
5950,35.53
5951,26.0
5952,23.14
5953,23.14
5954,24.36
5955,24.67
5956,26.3
5957,28.18
5958,31.2
5959,32.0
5960,35.7
5961,34.7
5962,31.5
5963,29.0
5964,29.0
5965,29.7
5966,29.0
5967,29.0
5968,29.0
5969,29.4
5970,31.0
5971,31.5
5972,40.07
5973,29.7
5974,29.7
5975,29.7
5976,32.8
5977,32.57
5978,32.18
5979,32.22
5980,32.21
5981,32.52
5982,33.19
5983,35.09
5984,36.53
5985,39.97
5986,39.98
5987,36.99
5988,36.0
5989,35.09
5990,34.8
5991,34.34
5992,34.98
5993,32.0
5994,30.17
5995,30.17
5996,31.0
5997,34.3
5998,37.98
5999,34.78
6000,34.46
6001,34.2
6002,34.2
6003,34.2
6004,34.2
6005,34.2
6006,34.2
6007,34.2
6008,35.0
6009,37.27
6010,31.4
6011,31.3
6012,35.63
6013,34.98
6014,34.93
6015,34.87
6016,35.15
6017,39.3
6018,43.11
6019,49.55
6020,54.34
6021,32.0
6022,32.0
6023,32.0
6024,38.33
6025,34.09
6026,30.68
6027,30.68
6028,30.5
6029,34.16
6030,48.18
6031,63.52
6032,71.36
6033,33.0
6034,34.71
6035,47.83
6036,46.0
6037,45.23
6038,42.64
6039,42.23
6040,41.6
6041,45.14
6042,49.99
6043,60.94
6044,57.48
6045,45.94
6046,40.38
6047,34.35
6048,37.4
6049,37.2
6050,39.0
6051,37.0
6052,37.0
6053,36.65
6054,40.02
6055,44.95
6056,59.68
6057,41.0
6058,37.0
6059,37.0
6060,36.0
6061,35.47
6062,35.43
6063,35.04
6064,34.94
6065,38.34
6066,44.94
6067,160.86
6068,241.15
6069,241.15
6070,35.89
6071,31.7
6072,31.25
6073,30.23
6074,24.0
6075,20.5
6076,20.5
6077,24.0
6078,30.0
6079,30.0
6080,30.7
6081,30.9
6082,30.6
6083,30.0
6084,29.3
6085,29.75
6086,33.73
6087,33.24
6088,32.82
6089,29.5
6090,29.5
6091,29.5
6092,30.0
6093,27.0
6094,25.21
6095,25.21
6096,25.3
6097,27.21
6098,27.53
6099,26.89
6100,30.36
6101,30.74
6102,44.66
6103,50.32
6104,67.02
6105,80.43
6106,43.93
6107,31.0
6108,30.5
6109,30.9
6110,26.31
6111,26.31
6112,27.4
6113,31.5
6114,29.85
6115,29.85
6116,32.0
6117,26.0
6118,26.0
6119,26.31
6120,25.83
6121,18.24
6122,18.24
6123,11.0
6124,11.0
6125,14.0
6126,22.5
6127,28.0
6128,30.39
6129,31.4
6130,29.0
6131,25.83
6132,25.0
6133,27.0
6134,25.83
6135,25.83
6136,25.83
6137,25.83
6138,25.83
6139,241.08
6140,106.54
6141,27.86
6142,24.0
6143,22.79
6144,32.0
6145,32.0
6146,32.0
6147,32.0
6148,32.17
6149,33.18
6150,33.18
6151,40.52
6152,41.95
6153,41.77
6154,36.49
6155,30.67
6156,25.0
6157,22.0
6158,22.0
6159,23.6
6160,34.0
6161,34.6
6162,42.96
6163,50.85
6164,47.99
6165,44.05
6166,40.95
6167,22.62
6168,23.0
6169,24.31
6170,18.96
6171,17.29
6172,0.0
6173,0.0
6174,0.0
6175,5.0
6176,32.19
6177,32.19
6178,33.0
6179,34.5
6180,34.5
6181,34.5
6182,33.2
6183,2.0
6184,14.0
6185,19.0
6186,34.55
6187,34.9
6188,37.0
6189,33.3
6190,5.0
6191,5.03
6192,14.09
6193,0.0
6194,0.0
6195,0.0
6196,0.0
6197,10.0
6198,39.0
6199,43.9
6200,50.95
6201,43.9
6202,31.0
6203,31.5
6204,31.5
6205,35.54
6206,35.4
6207,32.0
6208,32.0
6209,40.56
6210,52.99
6211,107.13
6212,200.0
6213,200.87
6214,41.21
6215,40.0
6216,40.0
6217,40.0
6218,41.83
6219,41.83
6220,43.0
6221,45.0
6222,45.0
6223,49.69
6224,50.78
6225,32.4
6226,32.4
6227,45.0
6228,45.0
6229,35.84
6230,35.64
6231,40.0
6232,42.0
6233,40.0
6234,40.0
6235,40.0
6236,40.0
6237,35.77
6238,33.23
6239,30.03
6240,30.27
6241,29.59
6242,23.0
6243,23.0
6244,27.4
6245,27.2
6246,30.0
6247,35.4
6248,51.22
6249,46.36
6250,31.0
6251,30.8
6252,35.45
6253,35.0
6254,32.37
6255,31.0
6256,30.7
6257,31.0
6258,31.0
6259,52.27
6260,53.17
6261,48.07
6262,28.8
6263,27.81
6264,24.0
6265,31.15
6266,31.0
6267,30.36
6268,31.43
6269,34.5
6270,48.73
6271,51.79
6272,54.0
6273,52.0
6274,50.19
6275,32.5
6276,30.6
6277,30.8
6278,36.0
6279,29.3
6280,29.3
6281,33.4
6282,52.2
6283,71.47
6284,61.13
6285,32.83
6286,32.83
6287,38.61
6288,37.37
6289,36.06
6290,35.9
6291,35.9
6292,37.27
6293,37.25
6294,48.77
6295,53.47
6296,60.73
6297,52.09
6298,80.0
6299,200.88
6300,37.02
6301,35.48
6302,32.0
6303,30.0
6304,30.0
6305,30.83
6306,30.83
6307,30.0
6308,28.3
6309,27.0
6310,27.0
6311,27.0
6312,26.16
6313,24.14
6314,24.14
6315,25.15
6316,31.97
6317,32.96
6318,35.38
6319,29.0
6320,28.5
6321,28.5
6322,26.16
6323,25.0
6324,25.0
6325,36.3
6326,36.3
6327,32.52
6328,33.02
6329,39.66
6330,50.0
6331,50.0
6332,46.32
6333,34.93
6334,28.8
6335,28.01
6336,25.0
6337,23.0
6338,34.6
6339,34.6
6340,34.6
6341,35.0
6342,35.0
6343,27.55
6344,36.07
6345,37.0
6346,37.0
6347,34.99
6348,34.67
6349,34.39
6350,34.19
6351,34.16
6352,30.5
6353,30.5
6354,39.01
6355,54.07
6356,66.45
6357,34.44
6358,33.4
6359,31.99
6360,27.66
6361,27.2
6362,27.38
6363,27.31
6364,27.55
6365,32.08
6366,38.37
6367,48.99
6368,50.0
6369,49.84
6370,34.0
6371,33.4
6372,33.56
6373,43.37
6374,34.0
6375,34.0
6376,34.0
6377,53.97
6378,55.58
6379,99.0
6380,100.0
6381,49.21
6382,42.85
6383,39.23
6384,75.67
6385,80.23
6386,38.5
6387,38.5
6388,38.5
6389,38.95
6390,55.98
6391,65.17
6392,65.19
6393,53.04
6394,52.95
6395,50.9
6396,49.15
6397,34.0
6398,34.0
6399,46.82
6400,270.94
6401,291.97
6402,60.2
6403,96.83
6404,96.83
6405,46.41
6406,40.18
6407,39.0
6408,39.0
6409,37.9
6410,37.8
6411,37.75
6412,37.6
6413,49.2
6414,109.0
6415,99.0
6416,96.0
6417,80.36
6418,66.97
6419,78.0
6420,75.94
6421,50.24
6422,66.97
6423,71.0
6424,67.0
6425,49.99
6426,80.23
6427,101.0
6428,90.0
6429,32.0
6430,32.23
6431,33.67
6432,34.18
6433,32.92
6434,31.94
6435,32.33
6436,32.91
6437,34.9
6438,46.21
6439,50.29
6440,34.5
6441,34.5
6442,35.1
6443,48.93
6444,35.8
6445,46.6
6446,32.9
6447,32.9
6448,32.9
6449,34.0
6450,30.9
6451,30.8
6452,30.0
6453,30.0
6454,30.0
6455,28.0
6456,28.0
6457,30.36
6458,33.0
6459,33.0
6460,33.0
6461,30.4
6462,31.94
6463,48.37
6464,50.31
6465,50.08
6466,47.27
6467,44.14
6468,32.4
6469,30.5
6470,30.5
6471,30.6
6472,31.1
6473,31.7
6474,46.54
6475,48.36
6476,47.49
6477,35.14
6478,34.0
6479,31.06
6480,31.55
6481,27.0
6482,22.0
6483,22.0
6484,22.0
6485,22.0
6486,22.0
6487,26.0
6488,31.1
6489,31.5
6490,30.3
6491,34.2
6492,34.2
6493,35.0
6494,33.76
6495,34.0
6496,34.0
6497,29.28
6498,29.22
6499,29.22
6500,28.91
6501,26.2
6502,16.0
6503,16.0
6504,0.04
6505,1.19
6506,34.0
6507,32.5
6508,13.96
6509,13.08
6510,18.11
6511,23.09
6512,24.96
6513,27.1
6514,32.01
6515,31.9
6516,31.8
6517,34.0
6518,34.0
6519,34.0
6520,34.0
6521,32.44
6522,33.45
6523,34.13
6524,33.83
6525,32.91
6526,31.94
6527,29.7
6528,28.76
6529,23.0
6530,23.16
6531,21.0
6532,21.0
6533,24.0
6534,28.0
6535,45.33
6536,31.73
6537,31.73
6538,37.4
6539,37.4
6540,36.25
6541,36.25
6542,35.24
6543,35.24
6544,35.46
6545,35.24
6546,35.3
6547,35.13
6548,38.0
6549,38.0
6550,35.5
6551,35.24
6552,37.0
6553,37.0
6554,36.0
6555,34.29
6556,34.29
6557,33.01
6558,47.47
6559,119.33
6560,51.05
6561,34.8
6562,31.0
6563,30.0
6564,29.8
6565,29.4
6566,27.0
6567,27.0
6568,29.0
6569,27.0
6570,29.0
6571,134.08
6572,52.92
6573,32.0
6574,31.5
6575,30.2
6576,30.2
6577,28.3
6578,30.94
6579,26.5
6580,26.0
6581,26.0
6582,29.7
6583,31.0
6584,31.0
6585,34.68
6586,50.0
6587,48.04
6588,41.4
6589,33.67
6590,33.61
6591,31.16
6592,33.0
6593,40.49
6594,48.01
6595,51.61
6596,31.0
6597,30.7
6598,30.0
6599,30.0
6600,33.35
6601,32.29
6602,35.0
6603,21.1
6604,35.5
6605,35.5
6606,35.7
6607,42.98
6608,49.92
6609,47.89
6610,46.8
6611,47.61
6612,96.84
6613,96.84
6614,87.16
6615,267.88
6616,260.46
6617,112.0
6618,58.83
6619,66.33
6620,53.53
6621,48.06
6622,45.59
6623,40.0
6624,39.94
6625,39.9
6626,38.0
6627,38.0
6628,39.0
6629,39.94
6630,43.33
6631,48.77
6632,61.71
6633,67.4
6634,69.85
6635,66.7
6636,57.06
6637,47.78
6638,45.35
6639,47.93
6640,49.49
6641,50.05
6642,50.27
6643,53.52
6644,49.22
6645,40.5
6646,37.0
6647,37.94
6648,39.48
6649,39.48
6650,39.48
6651,38.98
6652,38.98
6653,38.98
6654,39.5
6655,39.5
6656,40.0
6657,42.95
6658,45.0
6659,45.0
6660,39.98
6661,39.98
6662,39.5
6663,36.27
6664,38.05
6665,43.59
6666,48.11
6667,52.09
6668,49.97
6669,41.0
6670,40.5
6671,40.5
6672,37.0
6673,36.98
6674,36.98
6675,36.98
6676,37.0
6677,37.9
6678,37.9
6679,37.9
6680,39.48
6681,39.48
6682,37.9
6683,36.52
6684,36.08
6685,31.5
6686,32.5
6687,32.5
6688,32.5
6689,36.64
6690,33.98
6691,52.19
6692,41.0
6693,34.4
6694,35.36
6695,34.39
6696,37.98
6697,37.98
6698,36.98
6699,37.0
6700,40.0
6701,41.0
6702,200.92
6703,400.49
6704,400.49
6705,295.19
6706,90.0
6707,35.98
6708,36.0
6709,36.0
6710,36.0
6711,36.0
6712,64.83
6713,36.3
6714,36.3
6715,75.28
6716,69.26
6717,36.0
6718,36.0
6719,38.0
6720,37.0
6721,40.0
6722,39.5
6723,39.5
6724,38.0
6725,38.0
6726,61.2
6727,602.46
6728,602.46
6729,294.73
6730,133.91
6731,57.26
6732,57.29
6733,35.9
6734,107.13
6735,107.13
6736,56.25
6737,56.18
6738,60.98
6739,57.3
6740,55.71
6741,32.0
6742,32.0
6743,33.62
6744,34.17
6745,28.0
6746,26.8
6747,27.0
6748,28.0
6749,29.0
6750,31.0
6751,33.0
6752,33.0
6753,33.0
6754,33.84
6755,60.47
6756,34.0
6757,33.84
6758,53.25
6759,57.83
6760,57.8
6761,61.39
6762,35.83
6763,64.7
6764,32.0
6765,32.0
6766,34.3
6767,34.1
6768,33.49
6769,33.14
6770,32.98
6771,32.96
6772,33.44
6773,34.49
6774,55.02
6775,32.9
6776,32.97
6777,33.4
6778,33.4
6779,33.8
6780,33.8
6781,34.6
6782,34.27
6783,31.0
6784,32.6
6785,34.81
6786,60.53
6787,33.0
6788,31.82
6789,31.82
6790,28.84
6791,25.36
6792,25.36
6793,22.9
6794,22.4
6795,23.07
6796,29.6
6797,30.0
6798,29.2
6799,31.5
6800,33.6
6801,33.0
6802,33.81
6803,39.5
6804,39.0
6805,37.5
6806,38.78
6807,38.78
6808,39.1
6809,39.19
6810,39.0
6811,37.78
6812,37.78
6813,37.0
6814,36.1
6815,36.1
6816,35.5
6817,35.5
6818,22.36
6819,0.09
6820,5.8
6821,10.79
6822,33.0
6823,36.5
6824,36.78
6825,36.5
6826,30.0
6827,30.0
6828,29.7
6829,29.7
6830,29.7
6831,35.88
6832,35.88
6833,36.2
6834,35.38
6835,33.39
6836,32.0
6837,32.0
6838,32.0
6839,29.5
6840,31.44
6841,25.66
6842,33.26
6843,33.29
6844,33.41
6845,33.83
6846,33.8
6847,34.31
6848,32.5
6849,34.3
6850,36.33
6851,36.32
6852,36.27
6853,35.9
6854,35.82
6855,35.8
6856,38.1
6857,38.2
6858,40.0
6859,40.0
6860,37.0
6861,37.0
6862,16.51
6863,4.02
6864,35.85
6865,36.84
6866,35.0
6867,15.17
6868,16.0
6869,25.42
6870,35.27
6871,39.02
6872,39.0
6873,49.6
6874,65.74
6875,65.74
6876,79.0
6877,79.0
6878,70.0
6879,70.0
6880,88.2
6881,87.0
6882,70.91
6883,70.92
6884,56.0
6885,50.0
6886,41.0
6887,39.0
6888,37.0
6889,37.0
6890,33.86
6891,33.84
6892,34.13
6893,33.0
6894,33.0
6895,33.5
6896,33.5
6897,33.5
6898,34.5
6899,50.62
6900,48.72
6901,49.2
6902,65.0
6903,79.0
6904,79.0
6905,40.0
6906,40.0
6907,36.0
6908,36.0
6909,36.0
6910,36.0
6911,34.06
6912,34.81
6913,34.11
6914,33.97
6915,33.98
6916,34.43
6917,35.44
6918,44.6
6919,59.55
6920,63.46
6921,61.86
6922,75.0
6923,82.0
6924,82.0
6925,82.0
6926,82.0
6927,71.0
6928,74.0
6929,92.0
6930,110.0
6931,110.0
6932,74.0
6933,38.2
6934,38.2
6935,36.8
6936,33.85
6937,36.0
6938,36.0
6939,36.0
6940,36.0
6941,34.6
6942,40.5
6943,36.5
6944,36.5
6945,36.5
6946,53.24
6947,52.36
6948,49.9
6949,46.49
6950,36.5
6951,33.0
6952,55.79
6953,58.98
6954,35.0
6955,37.0
6956,34.53
6957,34.53
6958,36.0
6959,35.58
6960,31.0
6961,29.48
6962,28.1
6963,28.3
6964,28.6
6965,32.5
6966,33.6
6967,34.0
6968,33.5
6969,33.5
6970,33.5
6971,41.94
6972,33.5
6973,33.5
6974,32.5
6975,32.5
6976,32.5
6977,33.1
6978,35.38
6979,35.0
6980,30.0
6981,30.0
6982,30.0
6983,30.0
6984,36.03
6985,38.0
6986,36.0
6987,31.18
6988,31.31
6989,29.0
6990,26.89
6991,28.6
6992,30.0
6993,36.14
6994,36.0
6995,32.9
6996,32.9
6997,33.4
6998,28.7
6999,28.0
7000,28.0
7001,72.0
7002,44.08
7003,67.34
7004,34.0
7005,28.5
7006,28.3
7007,28.5
7008,36.0
7009,26.01
7010,-13.25
7011,-21.42
7012,4.0
7013,4.0
7014,25.8
7015,37.4
7016,39.0
7017,38.82
7018,39.0
7019,40.5
7020,73.63
7021,39.2
7022,38.4
7023,36.39
7024,36.92
7025,40.38
7026,48.75
7027,51.06
7028,47.1
7029,39.7
7030,39.8
7031,39.0
7032,30.34
7033,33.89
7034,26.28
7035,25.79
7036,25.7
7037,26.39
7038,35.0
7039,53.21
7040,53.72
7041,36.1
7042,51.56
7043,52.2
7044,50.3
7045,44.14
7046,80.32
7047,70.7
7048,50.03
7049,54.11
7050,59.45
7051,66.51
7052,35.0
7053,34.7
7054,34.63
7055,34.63
7056,55.08
7057,35.88
7058,34.64
7059,30.0
7060,29.0
7061,48.04
7062,47.26
7063,56.43
7064,46.36
7065,37.55
7066,22.65
7067,28.9
7068,29.0
7069,29.0
7070,27.3
7071,29.3
7072,29.4
7073,29.17
7074,34.39
7075,30.5
7076,30.0
7077,30.0
7078,29.47
7079,29.0
7080,29.46
7081,24.55
7082,24.55
7083,24.55
7084,24.55
7085,77.35
7086,33.0
7087,52.4
7088,59.77
7089,66.93
7090,60.24
7091,60.24
7092,34.0
7093,34.0
7094,34.47
7095,35.0
7096,36.0
7097,35.0
7098,35.0
7099,35.0
7100,35.0
7101,59.91
7102,33.6
7103,33.88
7104,38.5
7105,38.5
7106,38.5
7107,37.78
7108,37.78
7109,37.24
7110,38.24
7111,76.38
7112,78.98
7113,34.0
7114,34.0
7115,36.0
7116,73.62
7117,73.62
7118,34.0
7119,34.0
7120,33.0
7121,34.0
7122,107.09
7123,107.09
7124,34.8
7125,31.5
7126,28.5
7127,18.0
7128,18.0
7129,24.64
7130,25.2
7131,24.42
7132,25.2
7133,27.1
7134,32.0
7135,34.98
7136,51.52
7137,34.0
7138,29.0
7139,26.5
7140,26.2
7141,25.0
7142,25.0
7143,28.7
7144,32.0
7145,32.5
7146,33.6
7147,33.6
7148,31.74
7149,25.9
7150,26.61
7151,21.0
7152,21.61
7153,18.84
7154,19.89
7155,15.78
7156,7.0
7157,-4.6
7158,-4.6
7159,16.0
7160,22.0
7161,42.2
7162,42.3
7163,42.3
7164,42.0
7165,42.0
7166,42.0
7167,42.0
7168,40.8
7169,42.0
7170,43.78
7171,41.0
7172,35.77
7173,35.05
7174,33.96
7175,26.81
7176,23.0
7177,23.0
7178,9.04
7179,-18.76
7180,-22.76
7181,-18.74
7182,-26.78
7183,-24.1
7184,-21.42
7185,27.2
7186,28.8
7187,32.5
7188,29.0
7189,29.0
7190,29.0
7191,34.0
7192,37.14
7193,38.49
7194,44.44
7195,44.73
7196,40.33
7197,32.5
7198,32.5
7199,29.85
7200,25.82
7201,26.4
7202,27.54
7203,25.0
7204,25.0
7205,28.3
7206,31.48
7207,35.0
7208,36.4
7209,37.0
7210,36.0
7211,36.0
7212,35.1
7213,34.5
7214,34.5
7215,35.0
7216,34.5
7217,35.41
7218,61.23
7219,63.62
7220,65.74
7221,48.69
7222,41.62
7223,39.33
7224,34.0
7225,34.0
7226,32.5
7227,35.83
7228,35.22
7229,36.06
7230,38.15
7231,43.26
7232,53.5
7233,55.81
7234,55.01
7235,51.56
7236,51.46
7237,36.0
7238,35.73
7239,35.5
7240,36.0
7241,36.7
7242,38.1
7243,66.18
7244,60.75
7245,53.91
7246,45.91
7247,43.0
7248,43.0
7249,42.24
7250,41.75
7251,41.75
7252,43.21
7253,43.5
7254,43.5
7255,46.67
7256,54.12
7257,57.6
7258,40.9
7259,38.89
7260,36.9
7261,36.0
7262,36.0
7263,49.95
7264,36.0
7265,37.0
7266,61.57
7267,38.0
7268,36.5
7269,35.44
7270,35.44
7271,35.0
7272,35.0
7273,34.7
7274,31.26
7275,31.26
7276,33.16
7277,34.85
7278,35.51
7279,35.0
7280,36.0
7281,36.5
7282,36.5
7283,36.0
7284,36.0
7285,35.0
7286,34.19
7287,34.19
7288,36.0
7289,37.0
7290,37.0
7291,36.0
7292,35.0
7293,35.0
7294,35.0
7295,35.0
7296,33.7
7297,39.0
7298,39.0
7299,34.51
7300,34.42
7301,35.57
7302,37.38
7303,38.51
7304,39.83
7305,36.99
7306,36.99
7307,39.74
7308,35.09
7309,35.9
7310,33.43
7311,31.5
7312,40.4
7313,41.0
7314,42.0
7315,41.86
7316,40.5
7317,37.31
7318,36.26
7319,40.0
7320,40.0
7321,38.3
7322,39.2
7323,39.2
7324,38.3
7325,38.3
7326,38.3
7327,38.3
7328,37.5
7329,39.6
7330,41.06
7331,42.0
7332,42.0
7333,42.22
7334,42.0
7335,41.5
7336,40.5
7337,40.5
7338,40.5
7339,40.5
7340,37.31
7341,36.88
7342,40.0
7343,40.0
7344,38.5
7345,38.5
7346,32.91
7347,36.42
7348,36.42
7349,36.42
7350,36.42
7351,33.48
7352,34.43
7353,35.88
7354,36.88
7355,37.59
7356,42.5
7357,42.5
7358,42.33
7359,41.0
7360,41.34
7361,41.34
7362,44.0
7363,44.0
7364,36.0
7365,35.0
7366,36.0
7367,35.86
7368,34.1
7369,34.76
7370,37.8
7371,38.0
7372,38.0
7373,35.47
7374,-24.09
7375,-10.71
7376,38.0
7377,38.0
7378,38.0
7379,38.6
7380,39.3
7381,41.71
7382,43.65
7383,44.39
7384,46.38
7385,39.37
7386,39.5
7387,39.0
7388,39.0
7389,43.15
7390,46.0
7391,44.92
7392,43.0
7393,42.0
7394,42.0
7395,41.0
7396,41.0
7397,41.0
7398,44.0
7399,44.42
7400,53.54
7401,55.8
7402,43.0
7403,43.0
7404,48.43
7405,73.62
7406,56.13
7407,55.14
7408,60.23
7409,55.0
7410,83.7
7411,107.08
7412,52.3
7413,55.8
7414,46.0
7415,43.5
7416,43.0
7417,44.0
7418,43.5
7419,39.97
7420,40.2
7421,41.03
7422,41.39
7423,48.57
7424,60.0
7425,60.0
7426,60.0
7427,60.0
7428,60.0
7429,62.0
7430,116.28
7431,100.0
7432,57.39
7433,60.71
7434,76.25
7435,87.12
7436,72.28
7437,54.47
7438,47.52
7439,43.53
7440,41.39
7441,41.97
7442,41.14
7443,40.68
7444,40.97
7445,42.11
7446,43.06
7447,45.68
7448,54.67
7449,58.65
7450,44.9
7451,49.49
7452,47.89
7453,47.15
7454,46.83
7455,46.73
7456,47.42
7457,49.88
7458,42.7
7459,40.7
7460,40.7
7461,39.4
7462,39.5
7463,39.5
7464,39.8
7465,39.91
7466,42.0
7467,42.0
7468,42.0
7469,39.89
7470,41.96
7471,45.05
7472,51.78
7473,56.6
7474,56.9
7475,54.94
7476,53.95
7477,52.44
7478,56.0
7479,53.01
7480,56.0
7481,79.32
7482,93.69
7483,68.0
7484,55.52
7485,54.3
7486,43.83
7487,42.98
7488,40.64
7489,44.9
7490,45.0
7491,44.0
7492,43.95
7493,43.95
7494,44.0
7495,44.0
7496,45.0
7497,45.0
7498,52.7
7499,54.7
7500,52.0
7501,51.2
7502,49.98
7503,45.0
7504,47.5
7505,50.1
7506,55.3
7507,55.0
7508,51.0
7509,46.84
7510,46.0
7511,43.95
7512,42.56
7513,42.13
7514,41.9
7515,36.93
7516,36.75
7517,37.27
7518,37.56
7519,37.4
7520,38.94
7521,39.97
7522,40.41
7523,40.92
7524,38.6
7525,38.6
7526,46.0
7527,46.0
7528,39.0
7529,40.0
7530,41.7
7531,53.09
7532,52.51
7533,51.01
7534,47.0
7535,43.91
7536,43.91
7537,40.19
7538,39.84
7539,39.72
7540,39.78
7541,38.0
7542,38.0
7543,39.3
7544,47.69
7545,51.0
7546,49.85
7547,41.0
7548,41.0
7549,41.0
7550,49.9
7551,49.9
7552,49.56
7553,49.56
7554,58.48
7555,50.0
7556,42.69
7557,41.96
7558,40.99
7559,40.39
7560,39.38
7561,36.95
7562,36.6
7563,36.31
7564,36.35
7565,40.61
7566,40.5
7567,38.7
7568,43.87
7569,42.0
7570,40.0
7571,46.0
7572,46.0
7573,45.0
7574,45.0
7575,44.2
7576,49.03
7577,50.0
7578,57.79
7579,59.43
7580,38.6
7581,38.0
7582,40.95
7583,40.02
7584,37.64
7585,34.84
7586,34.83
7587,35.01
7588,35.22
7589,38.03
7590,40.75
7591,39.1
7592,65.0
7593,99.18
7594,58.0
7595,50.12
7596,40.67
7597,55.0
7598,55.12
7599,56.0
7600,58.42
7601,16.73
7602,42.8
7603,42.0
7604,38.5
7605,39.67
7606,42.91
7607,41.47
7608,40.72
7609,36.0
7610,34.2
7611,34.2
7612,34.2
7613,35.77
7614,36.0
7615,38.0
7616,42.38
7617,42.5
7618,40.0
7619,39.5
7620,40.5
7621,48.64
7622,41.39
7623,43.0
7624,43.0
7625,43.0
7626,59.19
7627,39.0
7628,38.6
7629,38.6
7630,42.05
7631,38.65
7632,35.38
7633,43.0
7634,43.0
7635,40.99
7636,39.5
7637,36.0
7638,34.5
7639,38.0
7640,38.5
7641,39.0
7642,38.5
7643,38.9
7644,41.64
7645,44.5
7646,44.5
7647,39.51
7648,39.0
7649,41.0
7650,41.0
7651,41.0
7652,41.0
7653,39.0
7654,39.0
7655,41.0
7656,41.0
7657,41.0
7658,39.5
7659,38.4
7660,39.7
7661,39.9
7662,41.19
7663,40.02
7664,41.5
7665,41.11
7666,43.13
7667,41.51
7668,41.08
7669,40.26
7670,43.0
7671,43.0
7672,43.0
7673,43.0
7674,37.5
7675,37.0
7676,37.0
7677,37.0
7678,38.58
7679,37.29
7680,36.44
7681,-20.07
7682,-7.09
7683,-6.96
7684,32.23
7685,-6.69
7686,33.75
7687,32.49
7688,34.96
7689,36.85
7690,38.81
7691,39.72
7692,42.16
7693,37.5
7694,37.5
7695,38.4
7696,38.6
7697,43.3
7698,45.0
7699,45.0
7700,39.7
7701,39.4
7702,38.7
7703,35.06
7704,32.3
7705,37.93
7706,27.83
7707,26.31
7708,28.16
7709,29.68
7710,34.0
7711,36.0
7712,41.19
7713,40.2
7714,40.2
7715,40.7
7716,43.2
7717,63.38
7718,77.39
7719,77.0
7720,52.87
7721,41.5
7722,41.4
7723,41.5
7724,40.8
7725,39.2
7726,38.9
7727,37.0
7728,37.11
7729,41.5
7730,41.23
7731,40.24
7732,34.28
7733,35.63
7734,38.16
7735,36.76
7736,38.0
7737,39.0
7738,41.99
7739,41.7
7740,41.77
7741,41.96
7742,80.0
7743,80.0
7744,43.12
7745,56.0
7746,40.5
7747,40.24
7748,40.24
7749,39.0
7750,39.0
7751,37.0
7752,34.0
7753,31.5
7754,30.0
7755,30.0
7756,31.0
7757,31.69
7758,37.0
7759,38.5
7760,42.0
7761,42.0
7762,41.0
7763,41.0
7764,80.17
7765,59.12
7766,93.28
7767,73.61
7768,60.69
7769,93.28
7770,40.0
7771,40.0
7772,40.0
7773,40.0
7774,40.0
7775,40.0
7776,34.0
7777,31.5
7778,28.5
7779,22.2
7780,22.2
7781,30.0
7782,33.0
7783,36.5
7784,38.0
7785,38.1
7786,160.59
7787,115.09
7788,59.11
7789,56.28
7790,58.09
7791,57.32
7792,41.2
7793,41.31
7794,39.5
7795,40.4
7796,41.0
7797,39.84
7798,40.19
7799,39.17
7800,36.65
7801,34.45
7802,28.5
7803,26.0
7804,26.0
7805,29.0
7806,33.64
7807,36.9
7808,39.0
7809,51.58
7810,39.0
7811,39.0
7812,39.0
7813,39.0
7814,39.0
7815,39.0
7816,39.0
7817,59.0
7818,39.09
7819,37.0
7820,36.12
7821,36.5
7822,35.5
7823,35.5
7824,34.49
7825,34.36
7826,33.05
7827,22.6
7828,15.0
7829,-13.11
7830,-18.73
7831,-11.37
7832,-11.11
7833,32.55
7834,34.5
7835,34.8
7836,36.0
7837,36.0
7838,37.0
7839,37.0
7840,37.0
7841,39.7
7842,36.5
7843,35.5
7844,35.51
7845,35.51
7846,36.0
7847,35.99
7848,35.53
7849,14.57
7850,19.22
7851,13.28
7852,14.89
7853,10.19
7854,7.57
7855,19.09
7856,25.48
7857,36.6
7858,37.8
7859,42.03
7860,45.0
7861,45.0
7862,45.12
7863,45.0
7864,44.01
7865,47.0
7866,47.0
7867,45.12
7868,46.0
7869,46.0
7870,46.0
7871,46.0
7872,45.0
7873,43.1
7874,36.3
7875,36.0
7876,35.4
7877,42.1
7878,42.0
7879,39.0
7880,60.42
7881,58.37
7882,58.42
7883,57.3
7884,58.26
7885,58.77
7886,58.6
7887,57.05
7888,59.23
7889,58.4
7890,63.45
7891,59.36
7892,41.5
7893,41.5
7894,50.17
7895,46.36
7896,41.58
7897,42.0
7898,38.43
7899,36.2
7900,35.91
7901,35.98
7902,38.0
7903,40.0
7904,40.5
7905,54.79
7906,42.0
7907,42.0
7908,42.1
7909,42.1
7910,52.59
7911,43.3
7912,42.0
7913,42.0
7914,59.96
7915,69.0
7916,58.0
7917,47.51
7918,40.3
7919,42.28
7920,37.74
7921,41.0
7922,41.0
7923,32.2
7924,32.2
7925,31.65
7926,34.8
7927,37.0
7928,39.0
7929,50.54
7930,40.0
7931,40.0
7932,40.0
7933,40.5
7934,43.87
7935,43.21
7936,41.1
7937,43.0
7938,41.8
7939,42.1
7940,46.0
7941,43.5
7942,45.36
7943,45.36
7944,44.5
7945,43.5
7946,43.0
7947,42.8
7948,42.8
7949,43.5
7950,44.05
7951,44.5
7952,46.52
7953,49.49
7954,46.0
7955,42.8
7956,42.52
7957,41.5
7958,49.0
7959,49.0
7960,45.5
7961,42.07
7962,42.01
7963,41.58
7964,43.5
7965,45.0
7966,45.0
7967,45.0
7968,-6.56
7969,23.95
7970,21.27
7971,11.79
7972,14.2
7973,27.56
7974,27.5
7975,37.0
7976,39.0
7977,38.2
7978,38.3
7979,39.0
7980,38.08
7981,37.5
7982,37.5
7983,37.0
7984,37.89
7985,39.2
7986,39.0
7987,37.89
7988,37.4
7989,37.4
7990,37.59
7991,40.38
7992,38.33
7993,41.54
7994,41.54
7995,41.54
7996,35.34
7997,35.39
7998,35.5
7999,35.5
8000,40.93
8001,46.0
8002,49.0
8003,47.47
8004,47.47
8005,45.99
8006,40.77
8007,37.09
8008,38.2
8009,58.0
8010,64.78
8011,65.0
8012,52.0
8013,49.45
8014,50.0
8015,47.5
8016,46.5
8017,40.5
8018,40.5
8019,36.26
8020,35.93
8021,35.86
8022,35.92
8023,36.13
8024,37.14
8025,43.5
8026,44.51
8027,44.77
8028,48.0
8029,48.15
8030,36.84
8031,37.0
8032,38.0
8033,39.0
8034,39.0
8035,39.0
8036,39.0
8037,39.0
8038,39.0
8039,64.25
8040,41.5
8041,38.0
8042,32.64
8043,33.8
8044,34.46
8045,32.4
8046,36.0
8047,43.76
8048,65.0
8049,200.0
8050,104.0
8051,53.0
8052,48.0
8053,46.0
8054,46.5
8055,49.0
8056,41.54
8057,64.79
8058,65.0
8059,57.5
8060,55.5
8061,54.43
8062,49.33
8063,47.0
8064,42.04
8065,41.0
8066,41.6
8067,41.5
8068,41.5
8069,41.5
8070,42.81
8071,55.07
8072,41.0
8073,41.46
8074,40.0
8075,40.0
8076,59.31
8077,55.24
8078,53.19
8079,41.2
8080,41.2
8081,58.56
8082,55.84
8083,48.57
8084,39.5
8085,38.0
8086,36.0
8087,35.32
8088,30.6
8089,30.56
8090,30.56
8091,34.62
8092,34.76
8093,35.99
8094,37.51
8095,42.69
8096,53.4
8097,56.0
8098,56.0
8099,49.79
8100,49.2
8101,47.32
8102,47.99
8103,38.0
8104,43.17
8105,93.55
8106,39.0
8107,39.0
8108,48.52
8109,35.0
8110,35.0
8111,36.0
8112,37.57
8113,39.0
8114,36.82
8115,30.38
8116,31.75
8117,33.79
8118,35.29
8119,39.57
8120,48.3
8121,37.8
8122,37.0
8123,35.5
8124,35.84
8125,35.84
8126,34.31
8127,34.85
8128,36.0
8129,36.5
8130,42.43
8131,40.41
8132,34.0
8133,34.0
8134,34.0
8135,32.79
8136,24.94
8137,25.18
8138,23.65
8139,18.77
8140,13.6
8141,19.14
8142,25.16
8143,34.5
8144,36.0
8145,37.0
8146,38.89
8147,38.92
8148,38.9
8149,37.99
8150,37.79
8151,37.6
8152,37.43
8153,40.89
8154,40.5
8155,40.5
8156,37.18
8157,39.0
8158,39.0
8159,29.0
8160,16.1
8161,14.55
8162,4.16
8163,0.06
8164,12.31
8165,12.31
8166,0.07
8167,31.59
8168,33.66
8169,34.74
8170,36.06
8171,36.3
8172,36.5
8173,-6.56
8174,35.57
8175,31.0
8176,31.0
8177,34.0
8178,35.0
8179,35.1
8180,37.2
8181,30.5
8182,30.5
8183,30.5
8184,21.0
8185,14.5
8186,-1.0
8187,-16.86
8188,19.03
8189,22.68
8190,23.76
8191,14.51
8192,-2.75
8193,-7.97
8194,-5.4
8195,2.44
8196,7.33
8197,5.56
8198,1.15
8199,-0.08
8200,5.16
8201,30.5
8202,32.9
8203,34.0
8204,33.67
8205,14.52
8206,7.81
8207,0.49
8208,-6.82
8209,-11.1
8210,-15.1
8211,5.35
8212,5.35
8213,5.35
8214,-5.85
8215,32.9
8216,33.67
8217,35.1
8218,34.7
8219,34.7
8220,35.0
8221,35.0
8222,34.0
8223,34.0
8224,35.0
8225,35.15
8226,35.15
8227,34.0
8228,34.0
8229,34.0
8230,36.24
8231,25.31
8232,14.08
8233,25.18
8234,25.18
8235,25.18
8236,40.5
8237,40.6
8238,40.79
8239,43.24
8240,150.0
8241,270.34
8242,150.0
8243,80.0
8244,40.0
8245,54.32
8246,39.0
8247,37.53
8248,37.53
8249,37.53
8250,37.0
8251,35.0
8252,34.5
8253,32.0
8254,30.7
8255,28.1
8256,19.0
8257,6.0
8258,-5.0
8259,-5.0
8260,-5.0
8261,-3.35
8262,25.92
8263,31.4
8264,33.8
8265,33.8
8266,34.0
8267,34.0
8268,34.5
8269,80.0
8270,95.0
8271,51.29
8272,51.79
8273,52.86
8274,60.23
8275,56.36
8276,93.68
8277,71.06
8278,60.0
8279,34.0
8280,34.0
8281,33.0
8282,31.53
8283,29.0
8284,29.0
8285,30.0
8286,33.01
8287,35.0
8288,57.64
8289,61.6
8290,60.1
8291,168.0
8292,173.49
8293,260.55
8294,74.96
8295,260.55
8296,67.49
8297,37.0
8298,52.13
8299,47.05
8300,33.0
8301,33.0
8302,33.0
8303,37.5
8304,37.5
8305,38.0
8306,38.0
8307,38.0
8308,36.0
8309,37.3
8310,38.2
8311,38.4
8312,40.51
8313,42.94
8314,39.71
8315,38.91
8316,38.51
8317,42.0
8318,42.0
8319,42.0
8320,42.0
8321,43.96
8322,49.66
8323,45.59
8324,38.51
8325,38.64
8326,36.51
8327,35.21
8328,33.96
8329,34.39
8330,27.0
8331,22.0
8332,19.71
8333,20.0
8334,22.36
8335,22.36
8336,33.31
8337,34.19
8338,38.3
8339,40.0
8340,39.8
8341,40.2
8342,40.2
8343,40.0
8344,39.0
8345,39.0
8346,39.0
8347,35.77
8348,34.93
8349,33.92
8350,36.9
8351,36.77
8352,4.39
8353,-17.4
8354,-18.74
8355,2.3
8356,3.9
8357,35.79
8358,35.5
8359,34.2
8360,34.2
8361,37.28
8362,38.5
8363,39.0
8364,36.3
8365,34.88
8366,34.81
8367,34.71
8368,35.83
8369,36.71
8370,33.5
8371,33.5
8372,33.5
8373,39.4
8374,39.4
8375,38.1
8376,-5.09
8377,27.0
8378,27.0
8379,27.0
8380,37.8
8381,37.5
8382,36.84
8383,33.0
8384,33.0
8385,34.1
8386,35.0
8387,35.0
8388,35.0
8389,37.0
8390,39.76
8391,41.41
8392,37.1
8393,37.1
8394,37.1
8395,50.71
8396,37.0
8397,35.5
8398,35.5
8399,35.0
8400,35.0
8401,32.71
8402,32.0
8403,32.0
8404,31.92
8405,31.92
8406,32.0
8407,32.42
8408,33.5
8409,36.0
8410,35.91
8411,35.1
8412,35.1
8413,36.0
8414,36.05
8415,36.41
8416,38.0
8417,37.0
8418,37.4
8419,38.79
8420,37.96
8421,37.21
8422,39.0
8423,39.0
8424,39.0
8425,35.73
8426,37.5
8427,37.5
8428,26.04
8429,28.39
8430,30.19
8431,37.61
8432,40.63
8433,47.45
8434,41.19
8435,43.0
8436,41.9
8437,39.88
8438,34.5
8439,34.5
8440,35.0
8441,36.23
8442,54.19
8443,51.0
8444,36.0
8445,37.19
8446,34.1
8447,33.01
8448,31.0
8449,28.36
8450,24.0
8451,24.0
8452,28.0
8453,30.1
8454,32.0
8455,33.83
8456,34.1
8457,35.2
8458,35.5
8459,35.5
8460,35.5
8461,35.5
8462,34.0
8463,34.0
8464,37.0
8465,37.0
8466,37.0
8467,34.83
8468,34.33
8469,32.84
8470,33.0
8471,37.9
8472,38.0
8473,37.0
8474,37.5
8475,37.5
8476,35.5
8477,28.0
8478,32.5
8479,32.5
8480,34.0
8481,35.06
8482,34.5
8483,34.5
8484,34.5
8485,34.5
8486,34.0
8487,34.1
8488,34.5
8489,37.46
8490,37.45
8491,34.41
8492,34.41
8493,35.16
8494,31.0
8495,32.0
8496,32.69
8497,36.0
8498,37.5
8499,37.5
8500,37.5
8501,37.5
8502,37.5
8503,30.0
8504,30.0
8505,37.6
8506,40.5
8507,41.0
8508,38.5
8509,38.9
8510,38.5
8511,36.78
8512,37.43
8513,39.39
8514,42.2
8515,37.76
8516,36.92
8517,38.5
8518,38.5
8519,38.9
8520,38.9
8521,37.5
8522,37.5
8523,37.5
8524,33.18
8525,28.0
8526,28.0
8527,31.9
8528,33.77
8529,35.02
8530,38.5
8531,39.1
8532,40.1
8533,40.1
8534,40.0
8535,38.5
8536,38.7
8537,38.44
8538,34.7
8539,35.5
8540,34.0
8541,33.06
8542,33.0
8543,31.0
8544,27.1
8545,27.1
8546,27.1
8547,30.0
8548,30.16
8549,33.61
8550,31.63
8551,31.63
8552,32.1
8553,33.0
8554,37.56
8555,37.4
8556,38.3
8557,40.5
8558,40.8
8559,40.8
8560,37.51
8561,37.97
8562,39.21
8563,40.93
8564,34.2
8565,34.5
8566,34.5
8567,35.64
8568,33.91
8569,33.8
8570,33.36
8571,32.32
8572,27.09
8573,13.27
8574,14.6
8575,30.01
8576,35.24
8577,36.39
8578,38.6
8579,38.6
8580,38.6
8581,38.6
8582,38.6
8583,39.5
8584,40.7
8585,40.5
8586,35.0
8587,33.29
8588,32.5
8589,28.0
8590,28.0
8591,32.0
8592,34.55
8593,33.69
8594,33.07
8595,32.23
8596,32.02
8597,32.94
8598,34.5
8599,34.67
8600,33.0
8601,33.0
8602,36.02
8603,36.86
8604,38.3
8605,38.37
8606,38.37
8607,37.9
8608,38.4
8609,38.4
8610,38.4
8611,40.0
8612,40.0
8613,38.0
8614,39.26
8615,39.26
8616,38.0
8617,38.0
8618,36.5
8619,34.6
8620,34.5
8621,34.5
8622,34.87
8623,37.6
8624,37.6
8625,37.6
8626,36.34
8627,36.19
8628,36.59
8629,38.4
8630,38.37
8631,37.3
8632,38.53
8633,39.75
8634,42.55
8635,42.64
8636,40.92
8637,37.24
8638,34.34
8639,34.5
8640,33.0
8641,29.0
8642,-2.54
8643,-6.29
8644,-6.29
8645,-3.35
8646,27.1
8647,31.5
8648,32.0
8649,33.33
8650,33.33
8651,34.1
8652,34.1
8653,35.0
8654,35.0
8655,36.0
8656,45.13
8657,46.53
8658,49.38
8659,44.88
8660,43.99
8661,39.52
8662,36.67
8663,35.75
8664,34.49
8665,36.5
8666,37.5
8667,37.46
8668,30.82
8669,30.53
8670,28.8
8671,24.1
8672,27.1
8673,31.4
8674,38.45
8675,38.98
8676,38.98
8677,37.0
8678,34.61
8679,35.5
8680,37.0
8681,37.73
8682,37.48
8683,36.26
8684,35.55
8685,34.97
8686,35.14
8687,35.5
8688,36.0
8689,37.0
8690,38.0
8691,38.0
8692,37.7
8693,36.0
8694,36.0
8695,34.8
8696,12.55
8697,-1.91
8698,16.0
8699,25.0
8700,16.0
8701,21.0
8702,21.0
8703,21.0
8704,27.4
8705,33.74
8706,30.9
8707,30.91
8708,28.5
8709,28.5
8710,25.81
8711,19.12
8712,20.86
8713,11.07
8714,11.84
8715,6.16
8716,1.4
8717,4.81
8718,16.43
8719,22.0
8720,22.0
8721,24.1
8722,28.0
8723,27.36
8724,27.36
8725,28.0
8726,24.0
8727,24.0
8728,28.0
8729,27.7
8730,27.0
8731,28.0
8732,23.0
8733,16.21
8734,16.21
8735,16.21
8736,16.21
8737,15.21
8738,21.59
8739,12.84
8740,4.97
8741,9.81
8742,18.37
8743,23.5
8744,27.17
8745,30.82
8746,32.28
8747,31.45
8748,27.5
8749,27.5
8750,28.4
8751,28.4
8752,30.0
8753,36.0
8754,37.0
8755,44.73
8756,50.35
8757,34.48
8758,34.0
8759,35.0
