Forward price,Forward bid,Power sold,Power bought,hydrogen scheduled,lambda_DW,lambda_UP,E_real,E_forecast
28.32,0.0,3.402558234834574,0.0,3.626619483998317,28.32,28.32,7.029177718832891,E_forecast[1]
10.07,0.0,4.565333414905831,0.0,4.453234224351464,10.07,10.07,9.018567639257295,E_forecast[2]
0.0,0.0,1.9469494556096887,0.0,5.267904655796146,0.0,0.0,7.214854111405835,E_forecast[3]
0.0,0.0,0.28465881506822743,0.0,5.391733757876069,0.0,0.0,5.676392572944296,E_forecast[4]
0.0,0.0,0.10982770909260964,0.0,5.407413670217736,0.0,0.0,5.517241379310345,E_forecast[5]
0.0,0.0,0.10968077503314078,0.0,5.407560604277204,0.0,0.0,5.517241379310345,E_forecast[6]
0.0,0.0,0.10980919653555166,0.0,5.4074321827747935,0.0,0.0,5.517241379310345,E_forecast[7]
0.0,0.0,0.17747198790620455,0.0,5.392819789282124,0.0,0.0,5.570291777188329,E_forecast[8]
0.0,0.0,4.7762315188420725,0.0,5.011566889645991,0.0,0.0,9.787798408488063,E_forecast[9]
0.0,0.0,4.774681282261355,0.0,5.0131171262267085,0.0,0.0,9.787798408488063,E_forecast[10]
0.0,0.0,4.270735673412439,0.0,5.013083955234777,0.0,0.0,9.283819628647215,E_forecast[11]
0.45,0.0,4.067281920386629,0.0,4.9778109178096575,0.45,0.45,9.045092838196286,E_forecast[12]
0.12,0.0,3.6763541309155863,0.0,4.9973859221348125,0.12,0.12,8.673740053050398,E_forecast[13]
0.0,0.0,3.6278646659001055,0.0,5.0193501882113,0.0,0.0,8.647214854111406,E_forecast[14]
0.0,0.0,3.0957934028840253,0.0,5.02091747244754,0.0,0.0,8.116710875331565,E_forecast[15]
0.0,0.0,3.6533091050621387,0.0,5.02043094798826,0.0,0.0,8.673740053050398,E_forecast[16]
1.97,0.0,3.711457446107319,0.0,4.8827070101261025,1.97,1.97,8.594164456233422,E_forecast[17]
54.28,7.131195211676941,0.0,2.6501680731118062,2.097222198304892,54.28,9.06,6.5782493368700266,E_forecast[18]
54.28,7.1588925137437736,0.402745276812996,0.0,2.0935346232363337,54.28,0.07,9.655172413793103,E_forecast[19]
51.0,7.0855555775734365,0.42546050061328966,0.0,2.2502571313623467,51.0,0.0,9.761273209549072,E_forecast[20]
0.0,0.0,4.759824149577147,0.0,5.001449059971925,0.0,0.0,9.761273209549072,E_forecast[21]
0.0,0.0,0.46959179404944695,0.0,5.365951972528802,0.0,0.0,5.835543766578249,E_forecast[22]
0.0,0.0,4.70549219282247,0.0,5.002730618848618,0.0,0.0,9.708222811671089,E_forecast[23]
43.0,4.4299571231935975,0.0,1.8389454233275804,2.979280077322312,43.0,0.0,5.570291777188329,E_forecast[24]
0.0,0.0,0.11009005090440915,0.0,5.407151328405936,0.0,0.0,5.517241379310345,E_forecast[25]
0.0,0.0,0.11287512257144883,0.0,5.404366256738896,0.0,0.0,5.517241379310345,E_forecast[26]
0.0,0.0,0.05986977510236002,0.0,5.404321206330001,0.0,0.0,5.464190981432361,E_forecast[27]
0.0,0.0,0.0,0.7926927238564918,5.408077339241108,0.0,0.0,4.615384615384616,E_forecast[28]
0.0,0.0,0.0,0.5083384449739787,5.415500248687507,0.0,0.0,4.907161803713528,E_forecast[29]
0.0,0.0,0.09162717040807244,0.0,5.425614208902273,0.0,0.0,5.517241379310345,E_forecast[30]
0.0,0.0,4.535824950089937,0.0,5.0397718668861895,0.0,0.0,9.575596816976127,E_forecast[31]
37.43,6.976432153910875,0.0,0.3167566602240752,2.9159213232893273,37.43,37.43,9.575596816976127,E_forecast[32]
45.44,6.807137928415303,0.22274797094039747,0.0,2.54571091762043,48.06,45.44,9.575596816976127,E_forecast[33]
44.94,6.723095353343146,0.2187430680496094,0.0,2.5807079977053897,50.74,44.94,9.522546419098143,E_forecast[34]
44.99,6.779579794414262,0.06606310396318094,0.0,2.5708027249647305,48.11,44.99,9.416445623342176,E_forecast[35]
45.44,6.973397812775938,0.025573267213729878,0.0,2.5235753391084765,48.66,45.44,9.522546419098143,E_forecast[36]
44.44,7.0709614329408845,0.0,0.05366039074197726,2.558295774777219,49.94,44.44,9.575596816976127,E_forecast[37]
44.44,7.0277874535537705,0.0,0.04275972574618958,2.564043890229555,47.26,44.44,9.549071618037136,E_forecast[38]
45.0,6.848771357781989,0.11266128334508796,0.0,2.5611137779710678,50.93,45.0,9.522546419098143,E_forecast[39]
48.2,6.376290825409557,0.036299020077906086,0.0,2.473351799074874,52.38,48.2,8.885941644562333,E_forecast[40]
47.82,5.786675501907674,0.0,0.7700104232441243,2.5695418178881746,56.01,47.82,7.586206896551724,E_forecast[41]
48.43,5.407755109563409,0.0,0.46621935369350886,2.591620742803839,56.95,48.43,7.53315649867374,E_forecast[42]
49.0,4.98324699108759,0.6708587112301387,0.0,2.6217563666477894,55.39,49.0,8.275862068965518,E_forecast[43]
49.0,4.3216679328831145,1.1647805813121597,0.0,2.709837957953265,54.9,49.0,8.196286472148541,E_forecast[44]
48.93,3.6572110346513007,0.0,1.0741317298055941,2.8015360797696776,53.86,48.93,5.384615384615384,E_forecast[45]
48.93,3.3119613524794493,0.0,2.048057594308034,2.8475020773723516,52.71,48.93,4.111405835543767,E_forecast[46]
48.43,3.32869640496705,0.0,2.350965895120158,2.8684233363069542,52.09,48.43,3.8461538461538463,E_forecast[47]
46.1,3.5857549573051903,0.0,2.1258908618387817,2.9433189284062697,50.76,46.1,4.403183023872678,E_forecast[48]
51.98,3.491379793200691,0.0,0.4198580438674653,2.684446420428047,51.98,42.91,5.755968169761273,E_forecast[49]
51.98,3.8680965355643613,0.47373983727877983,0.0,2.6342909481117642,51.98,45.22,6.976127320954907,E_forecast[50]
51.98,3.9877475621430216,0.0,0.823614992781394,2.618360799338638,51.98,48.31,5.7824933687002655,E_forecast[51]
48.4,3.9690105289216255,0.0,0.5732040609560842,2.7845648848196047,48.4,48.4,6.180371352785146,E_forecast[52]
48.79,3.958154087660496,0.0,1.5802067959869301,2.7679413024908897,48.79,48.79,5.145888594164456,E_forecast[53]
45.92,3.7146915319384872,0.0,1.662621755768916,2.9346676243609324,45.92,45.92,4.986737400530504,E_forecast[54]
51.07,3.1839377953110777,0.0,1.5738136295674008,2.7665336591900096,51.07,51.07,4.3766578249336865,E_forecast[55]
51.0,2.9522970268912996,0.0,0.3151838935916822,2.8005526491937514,53.91,51.0,5.437665782493369,E_forecast[56]
51.0,2.911277171375793,0.0,1.3936837123148513,2.8060139679947613,61.76,51.0,4.323607427055703,E_forecast[57]
50.47,2.849439056766877,0.0,2.2660627154645603,2.838374321827657,60.03,50.47,3.4217506631299734,E_forecast[58]
49.5,2.6314875271821503,0.0,2.519438959482036,2.9118241113449783,58.19,49.5,3.0238726790450925,E_forecast[59]
51.0,2.2192043328738684,0.0,2.411789494162007,2.898155453065327,61.47,51.0,2.7055702917771884,E_forecast[60]
62.0,1.8982685521008038,0.0,2.0811585828166903,2.464057139469202,62.0,62.0,2.2811671087533156,E_forecast[61]
52.99,1.526197168354819,0.0,2.0927558440699103,2.9007761823463913,63.12,52.99,2.3342175066313,E_forecast[62]
50.97,1.18406072035191,0.0,2.3911577005426032,3.037335706981144,63.67,50.97,1.830238726790451,E_forecast[63]
50.47,0.8875783724668285,0.0,1.9977618079836863,3.099573355941261,66.13,50.47,1.989389920424403,E_forecast[64]
50.6,0.6354611985214755,0.0,1.534556492327499,3.127212004681355,68.41,50.6,2.2281167108753315,E_forecast[65]
51.48,0.425801090426435,0.0,2.161657378407544,3.115166632808695,69.55,51.48,1.3793103448275863,E_forecast[66]
65.67,0.34244843038412187,0.0,1.114052592330311,2.5222672919196643,65.67,65.67,1.750663129973475,E_forecast[67]
61.51,0.2722833674887475,0.0,2.097758911708892,2.700807109206882,61.51,61.51,0.8753315649867375,E_forecast[68]
57.6,0.30956826769881757,0.0,2.401163682105786,2.8608261836377378,57.6,57.6,0.7692307692307693,E_forecast[69]
54.44,0.4133460379712762,0.0,2.5491008357458877,2.984561163822357,54.44,54.44,0.8488063660477453,E_forecast[70]
48.0,0.6169299153986988,0.0,3.654175847261079,3.2494475233743163,52.09,48.0,0.21220159151193632,E_forecast[71]
45.42,0.9885592838657314,0.0,3.222363919498128,3.3213377921310703,49.98,45.42,1.0875331564986737,E_forecast[72]
46.78,1.9236561115749675,0.0,2.5628377026827325,3.132550291373017,49.87,46.78,2.493368700265252,E_forecast[73]
47.97,2.6025519613497305,0.0,1.1593255052702744,2.986481766732215,47.97,47.97,4.429708222811671,E_forecast[74]
47.07,3.646820921115192,0.0,0.24986096217670406,2.8895121896026263,47.07,47.07,6.286472148541114,E_forecast[75]
48.29,5.230719556895775,1.0335323918726755,0.0,2.6216896957938856,48.29,46.94,8.885941644562333,E_forecast[76]
48.43,6.277466635308056,0.0,0.5039584886520334,2.475828723370502,48.43,47.0,8.249336870026525,E_forecast[77]
46.91,6.523867015483748,0.0,0.390628795205366,2.513976633833024,46.91,46.91,8.647214854111406,E_forecast[78]
52.5,6.62477971076118,0.38862100767424934,0.0,2.2438937112727912,52.5,50.87,9.257294429708223,E_forecast[79]
53.99,6.647312900702722,0.17025432139127883,0.0,2.1744752182243032,53.99,53.99,8.992042440318302,E_forecast[80]
54.44,6.3833092422820465,0.0,0.3237020604595804,2.1897296882040593,54.44,54.44,8.249336870026525,E_forecast[81]
48.79,6.325940241527561,0.054253012920776555,0.0,2.452697992236014,54.18,48.79,8.83289124668435,E_forecast[82]
48.79,6.130351999189369,0.2503261444086089,0.0,2.4787383020253606,53.9,48.79,8.859416445623342,E_forecast[83]
48.29,5.703077572202741,0.3588113875728851,0.0,2.5588006953967866,53.01,48.29,8.620689655172413,E_forecast[84]
46.78,5.254126574203558,0.014296395354287837,0.0,2.689136712139768,51.74,46.78,7.957559681697612,E_forecast[85]
45.78,4.962174289138606,0.0,2.9097991358382833,2.7752110535962293,51.6,45.78,4.827586206896552,E_forecast[86]
45.0,4.593274220940955,0.0,4.510384244494321,2.861407105781482,51.41,45.0,2.9442970822281165,E_forecast[87]
45.0,4.657009901608152,0.0,3.2393743103140515,2.8529214378836185,51.69,45.0,4.270557029177719,E_forecast[88]
46.78,5.0730222068131825,0.0,1.9507271019207,2.7132486616857667,52.59,46.78,5.835543766578249,E_forecast[89]
46.78,5.526931771627405,0.25526563211128916,0.0,2.6528158588607784,53.34,46.78,8.43501326259947,E_forecast[90]
46.28,5.883849473922643,0.29366520344828295,0.0,2.628851370374431,52.81,46.28,8.806366047745357,E_forecast[91]
46.28,5.924855175906039,0.0,0.1397590481979023,2.6233919359523408,51.79,46.28,8.408488063660478,E_forecast[92]
44.5,5.847320020262701,0.0,0.21021858012546613,2.7183362256452592,51.04,44.5,8.355437665782494,E_forecast[93]
44.27,5.841565775258175,0.0,0.03057549772742174,2.7301237808246848,45.43,44.27,8.541114058355438,E_forecast[94]
43.96,5.7393074506815225,0.5206353231976202,0.0,2.7586248653781564,43.96,43.96,9.018567639257295,E_forecast[95]
31.41,0.0,4.98754745956588,0.0,3.420940604094598,31.41,31.41,8.408488063660478,E_forecast[96]
26.9,0.0,4.96614047300079,0.0,3.628023983232632,26.9,26.9,8.594164456233422,E_forecast[97]
25.12,0.0,4.429851421203061,0.0,3.7399098520064875,25.12,25.12,8.169761273209549,E_forecast[98]
24.12,0.0,3.109767940635228,0.0,3.8133089824416952,24.12,24.12,6.923076923076923,E_forecast[99]
22.04,0.0,3.2568222459485447,0.0,3.95803186545729,22.04,22.04,7.214854111405835,E_forecast[100]
18.37,0.0,2.945529407347898,0.0,4.216274306179953,18.37,18.37,7.161803713527851,E_forecast[101]
22.09,0.0,3.065933882296502,0.0,4.042819433353365,22.09,22.09,7.108753315649867,E_forecast[102]
23.35,0.0,2.9472999478201505,0.0,4.028827373134757,23.35,23.35,6.976127320954907,E_forecast[103]
45.6,3.9163888868897674,0.0,1.2425540240678385,2.922982113305393,48.22,45.6,5.596816976127322,E_forecast[104]
45.6,3.306932900157272,0.0,2.2792267825977004,3.004124121167219,49.99,45.6,4.031830238726791,E_forecast[105]
46.11,2.6201075920522996,0.0,3.436876673200617,3.071410990962641,50.73,46.11,2.2546419098143238,E_forecast[106]
46.11,2.5170857418342365,0.0,3.2414701937132775,3.0851271574493326,50.93,46.11,2.3607427055702916,E_forecast[107]
46.11,2.2333324297334745,0.0,3.472948930496515,3.1229056254314758,51.02,46.11,1.883289124668435,E_forecast[108]
51.36,1.8135248253836442,0.0,3.051751152696488,2.9358390594083343,51.36,51.36,1.6976127320954906,E_forecast[109]
47.12,1.4713506317198144,0.0,2.4996155495337655,3.1768060318723066,51.74,47.12,2.1485411140583555,E_forecast[110]
47.12,1.1499972420325926,0.0,2.2740970406733676,3.2195905148211463,51.92,47.12,2.0954907161803713,E_forecast[111]
47.12,0.9268493898905426,0.0,2.1602343380756954,3.2493000675485484,53.22,47.12,2.0159151193633953,E_forecast[112]
48.0,0.7848727195862204,0.0,2.340873070003335,3.227087883573613,55.26,48.0,1.6710875331564987,E_forecast[113]
50.0,0.6640464441742839,0.0,2.700806735679971,3.1508186469433532,55.87,50.0,1.1140583554376657,E_forecast[114]
60.16,0.5849328329183949,0.0,2.5842453661101903,2.7154929045445804,60.16,60.16,0.7161803713527852,E_forecast[115]
58.01,0.4956477229402087,0.0,2.8101500440677674,2.8184811009684076,58.01,58.01,0.5039787798408488,E_forecast[116]
47.63,0.4366685241093695,0.0,3.382539453573398,3.290698515670925,52.75,47.63,0.3448275862068966,E_forecast[117]
46.62,0.39469525780872733,0.0,3.60571031584263,3.343641052728863,51.9,46.62,0.13262599469496023,E_forecast[118]
45.1,0.33329180935117064,0.0,3.6775238113820805,3.423807598847886,51.13,45.1,0.07957559681697612,E_forecast[119]
44.59,0.23288541086536407,0.0,3.6944112909248297,3.4615258800594657,50.21,44.59,0.0,E_forecast[120]
43.76,0.05170368950315174,0.0,3.550665425529002,3.5254869349648423,50.29,43.76,0.02652519893899204,E_forecast[121]
43.25,0.015029928402018333,0.0,3.5434825526206684,3.554977823157642,49.03,43.25,0.02652519893899204,E_forecast[122]
42.4,0.0,0.0,3.598210652082217,3.598210652082217,48.81,42.4,0.0,E_forecast[123]
41.0,0.015371534177763713,0.0,3.6800410919733424,3.6646695577955786,48.66,41.0,0.0,E_forecast[124]
41.0,0.0017141560719450277,0.0,3.668202035626205,3.66648787955426,47.82,41.0,0.0,E_forecast[125]
41.0,0.03490196629920428,0.0,3.6969712731968647,3.6620693068976604,48.72,41.0,0.0,E_forecast[126]
41.0,0.008713229549407897,0.0,3.6742692635110457,3.665556033961638,49.38,41.0,0.0,E_forecast[127]
43.25,0.01637571329193932,0.0,3.571174360774068,3.5547986474821287,49.65,43.25,0.0,E_forecast[128]
43.76,0.020713487475987113,0.0,3.5503264090112614,3.5296129215352745,50.44,43.76,0.0,E_forecast[129]
44.9,0.07680051185717585,0.0,3.5442944095067954,3.4674938976496197,53.4,44.9,0.0,E_forecast[130]
48.0,0.15570105632861042,0.0,3.440030662870416,3.3108548054807976,52.35,48.0,0.02652519893899204,E_forecast[131]
97.65,0.6069378354728746,0.0,1.9848083803051049,1.4043957437712224,97.65,52.77,0.02652519893899204,E_forecast[132]
93.74,0.5899267763970303,0.0,2.1082504596930987,1.5183236832960683,93.74,52.86,0.0,E_forecast[133]
73.66,0.4015391831152535,0.0,2.4766543805810928,2.2077411921607997,73.66,52.44,0.13262599469496023,E_forecast[134]
46.38,0.31509445481884923,0.0,3.6275921377359124,3.365548080795047,51.52,46.38,0.05305039787798408,E_forecast[135]
47.0,0.3330883073952428,0.0,3.6670699826398034,3.333981675244561,51.57,47.0,0.0,E_forecast[136]
48.85,0.331787736496057,0.0,3.5532377798322354,3.2479752422751704,53.4,48.85,0.02652519893899204,E_forecast[137]
61.91,0.3603619249403286,0.0,2.9002635915563486,2.6725276613109803,61.91,61.91,0.13262599469496023,E_forecast[138]
61.36,0.3760884580706486,0.0,2.5387940105625035,2.6932095312716955,61.36,61.36,0.5305039787798409,E_forecast[139]
93.74,0.7364700809408498,0.0,1.3599516550464172,1.498813139092305,93.74,58.57,0.8753315649867375,E_forecast[140]
93.61,0.8552560334679992,0.0,1.360633509762311,1.4868098370370175,93.61,51.95,0.9814323607427056,E_forecast[141]
71.29,0.9114678721217674,0.0,2.2909600559855736,2.2282985499115515,71.29,51.57,0.8488063660477453,E_forecast[142]
47.32,1.122362235655212,0.0,3.407880152393287,3.2138998796027964,50.71,47.32,0.9283819628647215,E_forecast[143]
47.32,1.2987324875242159,0.0,3.3220419569316375,3.1904182227230713,50.23,47.32,1.16710875331565,E_forecast[144]
48.62,0.876653661257872,0.0,2.709945090594447,3.186076575225169,48.62,48.62,1.3527851458885942,E_forecast[145]
47.98,1.0570964405697119,0.0,3.7979436864548037,3.1917756278479565,47.98,47.98,0.45092838196286467,E_forecast[146]
44.0,0.9050443618754538,0.0,3.8279189159533575,3.4003281349797607,47.84,44.0,0.47745358090185674,E_forecast[147]
44.0,0.7485789303000685,0.0,2.419075495838003,3.4211596955114096,46.96,44.0,1.750663129973475,E_forecast[148]
44.0,0.9620793583984211,0.0,2.5245752171977616,3.3927345855897912,48.09,44.0,1.830238726790451,E_forecast[149]
45.5,1.269589615050661,0.0,2.9051480432731007,3.2801207624399464,49.87,45.5,1.6445623342175066,E_forecast[150]
53.51,1.5582626445942889,0.0,3.0257555206806233,2.8733284198529128,53.51,53.51,1.4058355437665782,E_forecast[151]
49.86,1.7239391413089804,0.0,3.4933767788994916,3.016121987723137,66.97,49.86,1.246684350132626,E_forecast[152]
133.92,2.86827704664842,0.0,1.619228124620816,0.3424630143119183,133.92,72.85,1.5915119363395225,E_forecast[153]
93.74,2.1074916417553973,0.0,1.9118327952930565,1.3162774930602055,93.74,73.13,1.5119363395225462,E_forecast[154]
93.74,2.4531205482872562,0.0,1.8400924297437828,1.2702610061249615,93.74,72.32,1.883289124668435,E_forecast[155]
69.52,2.62390625002189,0.0,2.1452333154655348,2.0677461635868806,69.52,69.52,2.546419098143236,E_forecast[156]
67.13,2.7636392429847483,0.0,2.598026709763162,2.1420797744707216,67.13,67.13,2.307692307692308,E_forecast[157]
65.15,2.5128361876434897,0.0,1.6104354669810284,2.2540979530775918,65.15,65.15,3.156498673740053,E_forecast[158]
49.4,2.308283899052101,0.0,3.384450519304809,2.9594557449211427,60.98,49.4,1.883289124668435,E_forecast[159]
49.86,2.742007358894261,0.0,3.129216651193332,2.880577992564323,53.25,49.86,2.493368700265252,E_forecast[160]
53.26,4.053480758714514,0.0,1.2211152238922987,2.552249849793169,53.26,53.26,5.384615384615384,E_forecast[161]
53.0,5.833120663990491,0.3015053144294386,0.0,2.3269124831185337,53.0,53.0,8.461538461538462,E_forecast[162]
51.32,6.791920575544672,0.747567924028138,0.0,2.2748351078542473,51.32,51.32,9.814323607427056,E_forecast[163]
50.89,6.966391372926811,0.6033361264158009,0.0,2.271121307023438,50.89,50.89,9.840848806366049,E_forecast[164]
50.6,7.056944872393924,0.5116381273640478,0.0,2.272265806608079,50.6,50.6,9.840848806366049,E_forecast[165]
50.03,7.078297692485883,0.46708959932765554,0.0,2.295461514552512,50.03,50.03,9.840848806366049,E_forecast[166]
21.15,0.0,5.975820063851053,0.0,3.7589279467590266,21.15,21.15,9.73474801061008,E_forecast[167]
14.38,0.0,5.399820612456759,0.0,4.149251005580377,14.38,14.38,9.549071618037136,E_forecast[168]
17.94,0.0,5.873126824584556,0.0,3.9411967828425,17.94,17.94,9.814323607427056,E_forecast[169]
0.0,0.0,4.75679849537765,0.0,5.0044747141714225,20.91,0.0,9.761273209549072,E_forecast[170]
7.78,0.0,5.091301166792306,0.0,4.537346048061806,7.78,7.78,9.628647214854112,E_forecast[171]
14.33,0.0,5.645040687945457,0.0,4.1427577205426065,14.33,14.33,9.787798408488063,E_forecast[172]
18.56,0.0,5.7939383087517395,0.0,3.8877593039803564,18.56,18.56,9.681697612732096,E_forecast[173]
50.83,6.995168091222105,0.4430361349977856,0.0,2.2700185854512016,50.83,18.57,9.708222811671089,E_forecast[174]
35.81,7.076969123455416,0.0,0.2740825977349628,2.984911882767611,35.81,35.81,9.787798408488063,E_forecast[175]
43.87,7.092084971617172,0.03329093784635972,0.0,2.58284690220756,43.87,43.87,9.708222811671089,E_forecast[176]
46.93,7.104722504607854,0.035171116934692215,0.0,2.435703195433584,46.93,46.93,9.575596816976127,E_forecast[177]
53.57,7.148997035466671,0.22070520500973068,0.0,2.126318979682749,53.57,43.88,9.49602122015915,E_forecast[178]
53.96,7.1499561738410105,0.36980793377851384,0.0,2.1088831072345884,53.96,43.85,9.628647214854112,E_forecast[179]
53.96,7.162668191866217,0.4118387716413796,0.0,2.107190649224501,53.96,46.74,9.681697612732096,E_forecast[180]
43.94,7.143836404947666,0.044847037474471385,0.0,2.5725897671269355,43.94,43.94,9.761273209549072,E_forecast[181]
43.21,7.1244045202179995,0.07953796720346684,0.0,2.6103811200055898,43.21,43.21,9.814323607427056,E_forecast[182]
43.81,7.123905745062713,0.0,0.02370596513160894,2.5814978328009923,43.81,43.81,9.681697612732096,E_forecast[183]
3.35,0.0,5.020189337195244,0.0,4.794134270231812,45.6,3.35,9.814323607427056,E_forecast[184]
6.7,0.0,5.20097594786872,0.0,4.586822460619343,35.21,6.7,9.787798408488063,E_forecast[185]
52.94,7.19256661580234,0.3935826045642683,0.0,2.148598790243468,52.94,45.64,9.73474801061008,E_forecast[186]
52.94,7.195895545559911,0.3376464853809127,0.0,2.1481555817912734,52.94,45.63,9.681697612732096,E_forecast[187]
37.94,7.216612845847686,0.0,0.26050508080354984,2.85821584238292,37.94,37.94,9.814323607427056,E_forecast[188]
51.81,7.20614513562661,0.4371707000122713,0.0,2.1975329707271696,51.81,39.53,9.840848806366049,E_forecast[189]
51.8,7.226003562308067,0.3929797988908863,0.0,2.1953402462281026,51.8,35.97,9.814323607427056,E_forecast[190]
51.8,7.205502722306181,0.09244880215382967,0.0,2.198069695699139,51.8,29.72,9.49602122015915,E_forecast[191]
50.39,7.184916575215888,0.0,0.16590370375744,2.264806757188768,50.39,22.55,9.283819628647215,E_forecast[192]
20.04,0.0,5.43848858810653,0.0,3.8453310405406853,20.04,20.04,9.283819628647215,E_forecast[193]
7.24,0.0,4.691672139773026,0.0,4.59214748887419,7.24,7.24,9.283819628647215,E_forecast[194]
3.43,0.0,4.456463930268349,0.0,4.827355698378867,3.43,3.43,9.283819628647215,E_forecast[195]
10.04,0.0,4.868920582342708,0.0,4.414899046304507,10.04,10.04,9.283819628647215,E_forecast[196]
14.2,0.0,5.012134498818003,0.0,4.165584334073243,14.2,14.2,9.177718832891246,E_forecast[197]
25.41,0.0,5.5850079962435135,0.0,3.5661856377087418,25.41,25.41,9.151193633952255,E_forecast[198]
36.98,6.817573193267881,0.0,0.5731835753661088,2.9598544139284666,36.98,36.98,9.204244031830239,E_forecast[199]
43.89,6.817017030414037,0.0,0.2843302125723959,2.6185068161106138,43.89,43.89,9.151193633952255,E_forecast[200]
50.98,6.813946475992029,0.15602067469770464,0.0,2.287327279018487,50.98,50.98,9.257294429708223,E_forecast[201]
47.07,6.811604502183517,0.0,0.1285687684244099,2.4681579001931477,50.3,47.07,9.151193633952255,E_forecast[202]
47.07,6.792624406581106,0.0,0.0060148570286804315,2.470684880155796,50.21,47.07,9.257294429708223,E_forecast[203]
45.8,6.774161802778107,0.0,0.10293588438054435,2.533018113432676,45.8,45.8,9.204244031830239,E_forecast[204]
43.64,6.719066128470298,0.0,0.3175594520402081,2.6435861617661955,43.64,43.64,9.045092838196286,E_forecast[205]
43.49,6.641382252085021,0.0,0.6553305787282113,2.661163180754596,43.49,43.49,8.647214854111406,E_forecast[206]
93.76,6.832216573363789,1.2875002443954582,0.0,0.6866492299861102,93.76,45.05,8.806366047745357,E_forecast[207]
47.58,6.363295839413368,0.0717242757160772,0.0,2.503971927310874,49.95,47.58,8.938992042440319,E_forecast[208]
53.82,6.17031821500929,0.47010628370523566,0.0,2.2455171458478107,53.82,53.82,8.885941644562333,E_forecast[209]
55.94,5.895834631878533,0.7216634784181695,0.0,2.188867937448654,55.94,55.94,8.806366047745357,E_forecast[210]
54.19,5.592483968302729,0.03248849767391704,0.0,2.3060620167819765,54.19,54.19,7.931034482758621,E_forecast[211]
49.63,5.16199802627761,0.0,2.2136971701362302,2.5689405231689655,54.19,49.63,5.517241379310345,E_forecast[212]
48.09,4.547710025581822,0.0,3.370427001646383,2.721921220096391,52.98,48.09,3.8992042440318304,E_forecast[213]
48.09,3.889606151252206,0.0,3.1712948232736666,2.8095401309074024,51.68,48.09,3.5278514588859418,E_forecast[214]
54.0,3.513670265820866,0.0,2.762735719258356,2.5912405197504875,54.0,50.96,3.3421750663129974,E_forecast[215]
52.8,3.3115970039020404,0.0,2.9592897525894277,2.67156542773248,52.8,49.96,3.0238726790450925,E_forecast[216]
52.5,2.171939595452659,0.0,3.045812688029049,2.8367378140618014,52.5,50.51,1.9628647214854111,E_forecast[217]
53.5,1.3558600503433509,0.0,3.036421661254658,2.900720762104941,53.5,49.98,1.220159151193634,E_forecast[218]
53.5,1.1753501704246645,0.0,2.641217791307641,2.9247535625275387,53.5,49.55,1.4588859416445623,E_forecast[219]
51.48,1.0283032726399182,0.0,3.081821355399047,3.034950443501834,51.48,49.98,0.9814323607427056,E_forecast[220]
51.44,0.6740167324330941,0.0,3.0417659427051356,3.0839295816248264,51.44,49.94,0.7161803713527852,E_forecast[221]
53.0,0.4796818092912156,0.0,2.882737914956264,3.0396608802008576,53.0,49.8,0.636604774535809,E_forecast[222]
59.0,0.412841126601475,0.0,2.4840011361045025,2.7873403808558126,59.0,56.97,0.7161803713527852,E_forecast[223]
90.0,0.5692513568091256,0.0,1.5394038994490118,1.6332825161146873,90.0,72.6,0.6631299734748011,E_forecast[224]
90.0,0.46922575545911394,0.0,1.4526955487418904,1.6465997667575776,90.0,81.17,0.6631299734748011,E_forecast[225]
81.79,0.3104240213269692,0.0,1.4472339103439285,1.9325658571867206,81.79,81.79,0.7957559681697612,E_forecast[226]
71.45,0.15605006671338406,0.0,2.0544826510590006,2.3228357673694893,81.15,71.45,0.42440318302387264,E_forecast[227]
71.56,0.15732960283479086,0.0,2.4758495505955556,2.3185199477607648,80.0,71.56,0.0,E_forecast[228]
76.39,0.16341769602909562,0.0,2.30360514687739,2.1401874508482943,76.39,76.39,0.0,E_forecast[229]
75.0,0.16332710579292986,0.0,2.3537125826947163,2.1903854769017865,75.0,75.0,0.0,E_forecast[230]
76.06,0.2282759134190503,0.0,2.3716769015406793,2.143400988121629,76.06,76.06,0.0,E_forecast[231]
75.4,0.3567282014666031,0.0,2.506847845483408,2.1501196440168053,75.4,75.4,0.0,E_forecast[232]
76.78,0.5236664848493309,0.0,2.522365402138758,2.078274514106403,76.78,76.78,0.07957559681697612,E_forecast[233]
83.45,0.785868891079595,0.0,2.148609706086928,1.8136691969701975,83.45,83.45,0.45092838196286467,E_forecast[234]
85.15,0.9968589762761471,0.0,1.7451462301460612,1.7297196146126197,85.15,85.15,0.9814323607427056,E_forecast[235]
78.16,1.153064038035244,0.0,1.6928053752979126,1.9455768810292469,78.16,78.16,1.4058355437665782,E_forecast[236]
49.11,1.3590779507862212,0.0,2.203631262569507,3.0991952215976095,71.92,49.11,2.2546419098143238,E_forecast[237]
48.64,1.8660463416997446,0.0,1.7629717129387197,3.053424044979028,67.43,48.64,3.156498673740053,E_forecast[238]
44.5,2.5640202920256607,0.0,1.3693572338059425,3.1554695677749764,60.49,44.5,4.350132625994695,E_forecast[239]
42.97,3.4561779876738177,0.0,0.4392379544547742,3.110380921688118,50.5,42.97,6.127320954907161,E_forecast[240]
42.0,4.7507409801303,0.0,0.09668570248376884,2.9852020167831763,47.84,42.0,7.639257294429708,E_forecast[241]
46.58,5.241283656801515,0.0,0.275758429672206,2.7002572662393916,46.58,46.58,7.665782493368701,E_forecast[242]
42.52,5.3955802127779835,0.0,1.1077906376814557,2.874014138431323,45.74,42.52,7.161803713527851,E_forecast[243]
42.52,4.9644866208210825,0.0,1.0258693542741875,2.9314092586520437,43.81,42.52,6.870026525198939,E_forecast[244]
44.05,4.753728403999709,0.0,1.0079463290740298,2.885517659822331,46.24,44.05,6.63129973474801,E_forecast[245]
44.05,4.767450142456468,0.0,0.30366080558381014,2.8836907692281377,46.46,44.05,7.347480106100796,E_forecast[246]
46.61,5.27921176081835,0.0,0.015447095019029078,2.6937950158982913,51.29,46.61,7.957559681697612,E_forecast[247]
60.53,5.7546776458996,0.5890606972275005,0.0,2.011699322655394,60.53,60.53,8.355437665782494,E_forecast[248]
60.02,6.067821366607102,0.959357429103817,0.0,1.9913888435463791,60.02,60.02,9.018567639257295,E_forecast[249]
51.22,6.3404267396781115,0.2590868803125206,0.0,2.3394784224496865,62.92,51.22,8.938992042440319,E_forecast[250]
51.22,6.49531130325567,0.018722607241294043,0.0,2.3188573361873868,61.58,51.22,8.83289124668435,E_forecast[251]
49.69,6.551458670495814,0.08591477535673242,0.0,2.3811941934047485,60.6,49.69,9.018567639257295,E_forecast[252]
50.2,6.551675171296306,0.08257078764588766,0.0,2.35779648137611,51.89,50.2,8.992042440318302,E_forecast[253]
46.3,6.571947315338856,0.0,0.3018763676971412,2.536295100103642,50.8,46.3,8.806366047745357,E_forecast[254]
45.46,6.593997502363033,0.0,0.5729707943286542,2.573137748199043,45.46,45.46,8.594164456233422,E_forecast[255]
42.2,6.513904709091943,0.0,1.5888230915007444,2.7407008757775024,42.2,42.2,7.665782493368701,E_forecast[256]
45.93,6.370305215095471,0.0,2.4522615040367177,2.5806300289942965,45.93,45.93,6.49867374005305,E_forecast[257]
51.51,6.150713402395361,0.0,2.8259245811288767,2.351603751677812,51.51,51.51,5.676392572944296,E_forecast[258]
50.44,5.798905689504529,0.0,3.2592241471858197,2.4470558582117947,50.44,50.44,4.986737400530504,E_forecast[259]
49.64,5.258808895642807,0.0,3.5968941579968927,2.555591893653821,49.64,49.64,4.217506631299735,E_forecast[260]
48.93,4.601746142511298,0.0,3.0865468768958526,2.675782166745297,48.93,48.93,4.190981432360743,E_forecast[261]
48.34,3.9279497693185794,0.0,2.662410920069974,2.792816588417177,48.34,48.34,4.058355437665782,E_forecast[262]
47.54,3.3744113857847697,0.0,2.9890628534851693,2.903776136135413,47.54,47.54,3.2891246684350133,E_forecast[263]
45.03,3.061857675148657,0.0,2.8100748465955014,3.0638670388208498,45.03,45.03,3.315649867374005,E_forecast[264]
47.24,2.6599534178373627,0.0,1.375804762217458,3.0129335724968063,47.24,47.24,4.297082228116711,E_forecast[265]
51.2,3.235041379049984,0.0,1.0551857833872802,2.753831406989816,51.2,45.88,4.93368700265252,E_forecast[266]
51.2,4.0132486332077955,0.0,1.623682956607519,2.650222121808212,51.2,44.61,5.039787798408488,E_forecast[267]
49.22,4.358171751862955,0.0,1.4031322622750455,2.6948278844173963,49.22,42.9,5.649867374005305,E_forecast[268]
42.03,4.544379959760047,0.0,1.534371989766746,3.0112121891578933,42.03,42.03,6.021220159151194,E_forecast[269]
50.6,4.872159126144736,0.0,3.9339775977123295,2.563144731514543,50.6,42.0,3.50132625994695,E_forecast[270]
50.6,3.975120559875676,0.0,1.1935046084225664,2.682575029979251,50.6,44.06,5.464190981432361,E_forecast[271]
50.6,4.470361873764096,0.0,0.37612592553637736,2.616639383337268,50.6,46.39,6.710875331564987,E_forecast[272]
50.6,4.765870877907027,0.0,0.022211751821790138,2.5772957810765673,50.6,48.02,7.320954907161804,E_forecast[273]
50.6,5.244577700598946,0.17289527167191743,0.0,2.51356151048776,50.6,49.91,7.931034482758621,E_forecast[274]
53.3,5.5330013294694735,0.4158996391902461,0.0,2.3534862992447874,53.3,50.3,8.30238726790451,E_forecast[275]
53.0,5.610399369171485,0.28237225617764405,0.0,2.3565652446773964,53.0,50.32,8.249336870026525,E_forecast[276]
50.32,5.855059933577875,0.002268898568084765,0.0,2.445058435758551,50.32,50.32,8.30238726790451,E_forecast[277]
46.66,6.0917644852810655,0.7148964261856774,0.0,2.5832595129364435,49.95,46.66,9.389920424403183,E_forecast[278]
46.66,6.26451888973834,0.6447178672094189,0.0,2.5602592642724007,50.09,46.66,9.46949602122016,E_forecast[279]
46.66,6.378677918116419,0.5988081895128169,0.0,2.545060311468909,50.82,46.66,9.522546419098143,E_forecast[280]
46.66,6.463342428273992,0.604991375385902,0.0,2.5337882122552235,51.7,46.66,9.60212201591512,E_forecast[281]
50.76,6.486443401975131,0.8277945814028955,0.0,2.340934430415077,52.96,50.76,9.655172413793103,E_forecast[282]
48.0,6.48764785965768,0.6996951491449535,0.0,2.4678294049904697,52.33,48.0,9.655172413793103,E_forecast[283]
46.5,6.48682192139739,0.6036285318281847,0.0,2.5381967616285377,51.23,46.5,9.628647214854112,E_forecast[284]
46.5,6.46435500476747,0.4109026471369228,0.0,2.5411879714377803,50.02,46.5,9.416445623342176,E_forecast[285]
46.5,6.372710445276989,0.6229717893606255,0.0,2.5533893833995176,49.23,46.5,9.549071618037136,E_forecast[286]
45.12,6.325864536145569,0.5981940698960688,0.0,2.6250130119954944,48.29,45.12,9.549071618037136,E_forecast[287]
44.4,6.322072641617407,0.46098028994122237,0.0,2.659917890722536,47.22,44.4,9.442970822281167,E_forecast[288]
44.01,6.848598298209933,0.0,0.27941158583515957,2.6085321205164727,44.01,44.01,9.177718832891246,E_forecast[289]
44.02,6.739322718319258,0.0,0.07810339901546204,2.6226003093434196,44.02,44.02,9.283819628647215,E_forecast[290]
37.03,6.716511993947255,0.0,0.6421934960411617,2.9707743402901934,37.03,37.03,9.045092838196286,E_forecast[291]
26.54,0.0,4.686393776870961,0.0,3.536417894216573,26.54,26.54,8.222811671087534,E_forecast[292]
23.25,0.0,3.6420441795586846,0.0,3.731961125481103,23.25,23.25,7.374005305039788,E_forecast[293]
0.0,0.0,3.022089275002271,0.0,5.17419719714627,20.01,0.0,8.196286472148541,E_forecast[294]
40.06,6.3511570973281115,0.19774394901436576,0.0,2.867544576999696,40.06,40.06,9.416445623342176,E_forecast[295]
43.36,6.64313892430533,0.0,0.0,2.667205903280877,45.86,43.36,9.310344827586206,E_forecast[296]
26.23,0.0,5.529459354606189,0.0,3.489108284651106,26.23,26.23,9.018567639257295,E_forecast[297]
43.36,7.151321839509073,0.0,1.3689062070596165,2.599547232272029,48.78,43.36,8.381962864721485,E_forecast[298]
43.36,7.280259327341762,0.0,0.1278920154407288,2.5823806987090467,49.47,43.36,9.73474801061008,E_forecast[299]
43.7,7.3510280360103355,0.0,0.09326083279106978,2.5565564042077904,49.85,43.7,9.814323607427056,E_forecast[300]
44.89,7.395157998907803,0.0,0.10097619531808633,2.493616604898347,49.87,44.89,9.787798408488063,E_forecast[301]
43.36,7.401252369114792,0.0,0.20625103571744052,2.5662718761517214,49.36,43.36,9.761273209549072,E_forecast[302]
43.36,7.445830108799143,0.0,0.19184336764176102,2.560336866269674,48.73,43.36,9.814323607427056,E_forecast[303]
43.36,7.448964021797353,0.0,0.22108523535021796,2.559919622040928,49.21,43.36,9.787798408488063,E_forecast[304]
45.0,7.449099344533598,0.0,0.14248799366090648,2.481187057615372,50.17,45.0,9.787798408488063,E_forecast[305]
46.93,7.449654524037799,0.0,0.05163560649657751,2.3897794909468404,50.29,46.93,9.787798408488063,E_forecast[306]
46.93,7.453573158068593,0.0,0.0019821219012809976,2.3892577701987365,49.57,46.93,9.840848806366049,E_forecast[307]
46.93,7.476567364135714,0.0,0.04844011461496933,2.3861963579063117,48.63,46.93,9.814323607427056,E_forecast[308]
40.01,7.489779667694549,0.0,0.3673590631093493,2.718428201780849,40.01,40.01,9.840848806366049,E_forecast[309]
40.22,7.489333501799259,0.0,0.35657088646186264,2.7080861910286527,40.22,40.22,9.840848806366049,E_forecast[310]
3.04,0.0,5.070218044119139,0.0,4.77063076224691,3.04,3.04,9.840848806366049,E_forecast[311]
0.0,0.0,4.870422587306857,0.0,4.970426219059192,0.0,0.0,9.840848806366049,E_forecast[312]
0.0,0.0,4.778640333544901,0.0,5.009158074943162,0.0,0.0,9.787798408488063,E_forecast[313]
0.0,0.0,1.079693933164143,0.0,5.392454607949916,0.0,0.0,6.472148541114059,E_forecast[314]
0.0,0.0,0.4041011408461834,0.0,5.404917426793073,0.0,0.0,5.8090185676392565,E_forecast[315]
0.0,0.0,0.5010372438304085,0.0,5.3875569206258245,0.0,0.0,5.888594164456233,E_forecast[316]
0.0,0.0,4.6461726287126925,0.0,5.008999785080411,0.0,0.0,9.655172413793103,E_forecast[317]
1.59,0.0,4.766563930164887,0.0,4.915133682567209,1.59,1.59,9.681697612732096,E_forecast[318]
52.03,7.222924253989218,0.43254227212853724,0.0,2.1853822802482954,52.03,48.07,9.840848806366049,E_forecast[319]
55.09,7.232398899309947,0.5338431666725185,0.0,2.0480815414445903,55.09,51.22,9.814323607427056,E_forecast[320]
55.09,7.169117421755194,0.5356490503367155,0.0,2.056506737457161,55.09,51.66,9.761273209549072,E_forecast[321]
54.26,7.144267203009883,0.5736908027874064,0.0,2.096365601629767,54.26,50.68,9.814323607427056,E_forecast[322]
54.07,7.159963960999745,0.47210477943242063,0.0,2.102679270177911,54.07,50.6,9.73474801061008,E_forecast[323]
54.07,7.158845311226068,0.4730744939413585,0.0,2.1028282054426493,54.07,50.27,9.73474801061008,E_forecast[324]
46.42,7.155646456553807,0.12618012668485612,0.0,2.4529214273714124,49.89,46.42,9.73474801061008,E_forecast[325]
43.87,7.142869540122227,0.015792945552159487,0.0,2.576085524935693,49.92,43.87,9.73474801061008,E_forecast[326]
43.36,7.168490656723568,0.0,0.03100404916778565,2.597261403054294,50.04,43.36,9.73474801061008,E_forecast[327]
43.87,7.170666442607099,0.0,0.03482832016073356,2.5723846892247266,50.18,43.87,9.708222811671089,E_forecast[328]
46.93,7.150751319126794,0.15442169974425912,0.0,2.429574991739023,50.93,46.93,9.73474801061008,E_forecast[329]
48.0,7.151120816475316,0.23065673006002108,0.0,2.3794956630137336,51.25,48.0,9.761273209549072,E_forecast[330]
50.93,7.1317317385810135,0.38225160803330205,0.0,2.247289862934755,50.93,50.93,9.761273209549072,E_forecast[331]
50.52,7.13258033513025,0.3628499108772498,0.0,2.2658429635415716,50.52,50.52,9.761273209549072,E_forecast[332]
51.89,7.136284223984103,0.05041026042585717,0.0,2.2032259399932226,51.89,49.61,9.389920424403183,E_forecast[333]
51.0,7.116363426032175,0.0,0.4500520055889634,2.246155423058114,51.0,44.3,8.912466843501326,E_forecast[334]
49.4,7.0945469175415745,0.0,0.9287035002762574,2.3222202432121373,49.4,41.29,8.488063660477454,E_forecast[335]
49.4,7.102162844201232,0.0,0.13954948631474462,2.321206270760728,49.4,37.26,9.283819628647215,E_forecast[336]
50.53,6.789362474637136,0.5016771186094894,0.0,2.311082422668492,50.53,37.67,9.60212201591512,E_forecast[337]
50.53,6.94509936365327,0.47277558887486665,0.0,2.2903478591429556,50.53,36.7,9.708222811671089,E_forecast[338]
50.53,6.710343773183848,0.6497509917233336,0.0,2.3216028478249164,50.53,37.06,9.681697612732096,E_forecast[339]
50.0,6.203647270112013,0.5607866238555701,0.0,2.4132849389236646,50.0,40.64,9.177718832891246,E_forecast[340]
49.0,6.720177447672362,0.49144038031137166,0.0,2.390504187931384,49.0,44.31,9.60212201591512,E_forecast[341]
48.46,6.876051079245797,0.2252276258061521,0.0,2.3947425151072013,48.46,48.46,9.49602122015915,E_forecast[342]
50.91,7.021697527270613,0.2114749798263169,0.0,2.262848713062221,50.91,50.91,9.49602122015915,E_forecast[343]
53.73,6.913416874809075,0.4850787252743043,0.0,2.1505760179537536,53.73,53.73,9.549071618037136,E_forecast[344]
57.02,6.691278331439817,0.0,0.1863041806843908,2.0361399076000115,57.02,57.02,8.541114058355438,E_forecast[345]
52.06,6.268748735676548,0.09392248350295596,0.0,2.311068833870895,58.38,52.06,8.673740053050398,E_forecast[346]
52.06,6.058475426473402,0.9128051108350093,0.0,2.339064290277795,56.54,52.06,9.310344827586206,E_forecast[347]
59.0,6.49066908011529,0.9476285804009318,0.0,1.9781479628259526,59.0,55.0,9.416445623342176,E_forecast[348]
49.51,6.974271156758286,0.05595118714398773,0.0,2.333172881561918,53.92,49.51,9.36339522546419,E_forecast[349]
49.51,7.122162003184376,0.13995188603230083,0.0,2.313482927759454,53.31,49.51,9.575596816976127,E_forecast[350]
50.53,7.175134748883873,0.24684155271401395,0.0,2.2597213111342107,52.63,50.53,9.681697612732096,E_forecast[351]
50.53,7.189207369711928,0.2346425384050912,0.0,2.257847704615078,52.63,50.53,9.681697612732096,E_forecast[352]
50.53,7.195071444284427,0.22955919746294917,0.0,2.2570669709847215,53.91,50.53,9.681697612732096,E_forecast[353]
50.53,7.196731747816535,0.28117034199979063,0.0,2.2568459207937512,54.5,50.53,9.73474801061008,E_forecast[354]
50.02,7.156010602333375,0.3196897551740987,0.0,2.285572852041596,54.27,50.02,9.761273209549072,E_forecast[355]
50.02,7.097304180101892,0.2910045002186621,0.0,2.2933889324115433,53.32,50.02,9.681697612732096,E_forecast[356]
49.51,6.94123190653747,0.031541245874929125,0.0,2.3375716751738067,52.5,49.51,9.310344827586206,E_forecast[357]
48.48,6.605949524774121,0.6194470376836003,0.0,2.4297758513353824,51.65,48.48,9.655172413793103,E_forecast[358]
48.48,6.108212420602163,1.130491806452562,0.0,2.4960437835553515,50.4,48.48,9.73474801061008,E_forecast[359]
44.5,6.037709512329333,0.7387984396315677,0.0,2.6929880692592585,48.66,44.5,9.46949602122016,E_forecast[360]
44.5,6.442683505176952,0.0,1.3098706872784964,2.6390704712262116,49.48,44.5,7.771883289124668,E_forecast[361]
46.09,6.666823355214662,0.0,1.0306451691363074,2.533583087131194,49.01,46.09,8.169761273209549,E_forecast[362]
46.09,6.873648480238531,0.24895201809366618,0.0,2.506046716521915,48.91,46.09,9.628647214854112,E_forecast[363]
46.09,7.027737899159852,0.0,0.017248173564470726,2.485531494563769,49.06,46.09,9.49602122015915,E_forecast[364]
46.09,7.013169083590421,0.0,0.19029541967158892,2.487471163667374,49.12,46.09,9.310344827586206,E_forecast[365]
46.09,7.010588082086769,0.0,0.10848245181626037,2.487814794132674,51.06,46.09,9.389920424403183,E_forecast[366]
48.4,6.962560156311429,0.22702824700671978,0.0,2.3860084136579807,52.82,48.4,9.575596816976127,E_forecast[367]
62.99,6.891897904532999,0.0,0.05627170512102175,1.7585382568214447,62.99,56.67,8.594164456233422,E_forecast[368]
62.99,6.688819848585953,0.0,1.047339894237906,1.785575748569725,62.99,59.41,7.427055702917772,E_forecast[369]
49.68,6.4867138832900375,0.0,1.8743347700966533,2.3902734067005156,56.37,49.68,7.0026525198939,E_forecast[370]
49.5,6.4744456192158895,0.0,2.5881522089251807,2.4001787382504056,55.56,49.5,6.286472148541114,E_forecast[371]
49.0,6.502286434067714,0.0,2.131349359161187,2.419513853475436,54.92,49.0,6.790450928381962,E_forecast[372]
49.0,6.468327804696161,0.0,2.1549623259681208,2.4240350517759337,54.15,49.0,6.737400530503979,E_forecast[373]
48.14,6.471791922909028,0.0,0.3145286683606594,2.4634264006240447,53.16,48.14,8.620689655172413,E_forecast[374]
7.47,0.0,4.168688174551994,0.0,4.611152674254372,53.55,7.47,8.779840848806366,E_forecast[375]
0.0,0.0,4.3944980337531625,0.0,5.048472788528004,53.72,0.0,9.442970822281167,E_forecast[376]
54.83,6.90486040845577,0.5411001652434662,0.0,2.103111044337896,54.83,54.83,9.549071618037136,E_forecast[377]
49.17,7.000423460686692,0.3624514700784154,0.0,2.3453478809059845,54.01,49.17,9.708222811671089,E_forecast[378]
49.17,7.047349760321153,0.3748232617678209,0.0,2.3391001874600965,52.67,49.17,9.761273209549072,E_forecast[379]
49.17,7.0965392658446,0.38523316722714895,0.0,2.332551174355308,52.16,49.17,9.814323607427056,E_forecast[380]
51.35,7.10560398431323,0.5035319336295866,0.0,2.2317128884232336,51.35,51.35,9.840848806366049,E_forecast[381]
50.09,7.134713136351769,0.42093189586503144,0.0,2.28520377414925,50.09,50.09,9.840848806366049,E_forecast[382]
46.4,7.1587426695556875,0.22865382991358985,0.0,2.4534523068967733,46.4,46.4,9.840848806366049,E_forecast[383]
43.21,7.168504060864009,0.06783496871351513,0.0,2.6045097767885244,43.21,43.21,9.840848806366049,E_forecast[384]
51.0,7.160374988216062,0.44017802499539277,0.0,2.2402957931545955,51.0,31.44,9.840848806366049,E_forecast[385]
51.0,7.080503254652852,0.4563653641758459,0.0,2.250929789659364,51.0,30.59,9.787798408488063,E_forecast[386]
51.8,6.913695552753284,0.6106572152487919,0.0,2.236920441546995,51.8,36.54,9.761273209549072,E_forecast[387]
53.41,6.379201098667128,0.08513836585006374,0.0,2.2359257874721976,53.41,38.83,8.70026525198939,E_forecast[388]
53.74,6.240032076305024,0.30002327815812,0.0,2.239785494343222,53.74,46.99,8.779840848806366,E_forecast[389]
54.0,6.534519194890295,0.0,0.6599081801002074,2.189049462663493,54.0,50.3,8.063660477453581,E_forecast[390]
55.46,6.5001453141423475,0.7338870430153496,0.0,2.1293628683064947,55.46,52.74,9.36339522546419,E_forecast[391]
60.6,6.882948747307555,1.0462935562935618,0.0,1.8585561048869446,60.6,53.94,9.787798408488063,E_forecast[392]
62.65,6.9898867898207095,0.9854415684625045,0.0,1.7594196523268621,62.65,54.42,9.73474801061008,E_forecast[393]
59.0,7.035637135282758,0.7669939000294645,0.0,1.90559177635887,59.0,54.74,9.708222811671089,E_forecast[394]
61.1,7.045817396346587,0.7933362505214507,0.0,1.8160187669250654,61.1,54.8,9.655172413793103,E_forecast[395]
61.1,7.06571675950248,0.8821870529149001,0.0,1.8133693971316909,61.1,54.62,9.761273209549072,E_forecast[396]
59.0,7.07448469917205,0.7598436384026748,0.0,1.9004196730353513,59.0,54.43,9.73474801061008,E_forecast[397]
49.82,7.011956910123272,0.38234781210079927,0.0,2.3139180894470206,54.47,49.82,9.708222811671089,E_forecast[398]
49.82,6.877864421552857,0.36596144375378614,0.0,2.331770951669487,55.0,49.82,9.575596816976127,E_forecast[399]
49.82,6.463674168489577,0.6984818615105794,0.0,2.3869155880369752,55.9,49.82,9.549071618037136,E_forecast[400]
65.74,5.755847312311003,0.0,0.10101110187201456,1.7987446914177756,65.74,57.43,7.453580901856764,E_forecast[401]
65.74,5.015877300175289,0.0,2.50995740686829,1.8972631305656797,65.74,58.72,4.403183023872678,E_forecast[402]
63.17,4.6520252974117735,0.0,1.237229962311965,2.049395646332552,63.17,55.06,5.464190981432361,E_forecast[403]
59.57,4.561929893758225,0.0,2.1573732110273713,2.2108279326537623,59.57,53.85,4.615384615384616,E_forecast[404]
57.55,4.4586769129614705,0.0,0.2970958957597425,2.3105675239123307,57.55,53.05,6.472148541114059,E_forecast[405]
49.3,4.851453260469123,0.7724168321115465,0.0,2.6254667774458555,52.75,49.3,8.249336870026525,E_forecast[406]
49.3,5.500195347133946,1.3241055980661418,0.0,2.539094280264104,51.19,49.3,9.36339522546419,E_forecast[407]
49.3,5.616602038461636,0.7457435289365799,0.0,2.523596077164121,50.03,49.3,8.885941644562333,E_forecast[408]
54.3,5.697950576677168,1.0069333741246158,0.0,2.2871584895165205,54.3,51.16,8.992042440318302,E_forecast[409]
53.79,5.452916343608841,0.0,0.39474768322026854,2.3423618435902065,53.79,50.47,7.400530503978779,E_forecast[410]
50.12,4.424342414285164,0.0,1.3130596682263596,2.6446854237024686,50.12,50.12,5.755968169761273,E_forecast[411]
50.15,3.0518057394625284,0.0,3.251861344486233,2.8260502999839168,50.15,50.15,2.625994694960212,E_forecast[412]
50.65,1.8391559379039966,0.0,3.106218955227847,2.9646757494193414,50.65,50.65,1.6976127320954906,E_forecast[413]
53.03,1.4009152343790783,0.0,1.1600859890461686,2.9156694284071434,53.03,53.03,3.156498673740053,E_forecast[414]
55.94,1.5029905694261942,0.0,2.6321524956911064,2.773724260482419,55.94,55.94,1.6445623342175066,E_forecast[415]
71.91,1.5875896645090977,0.0,3.0924477321770105,2.11493764326473,71.91,71.91,0.610079575596817,E_forecast[416]
75.02,1.9799498112360434,0.0,3.2911409650063783,1.9477959283061441,75.02,75.02,0.636604774535809,E_forecast[417]
55.33,2.6607393437595697,0.0,3.105372583817496,2.6462247519942657,74.07,55.33,2.201591511936339,E_forecast[418]
54.5,3.404656248741703,0.0,1.8503812244760791,2.583656010217135,70.51,54.5,4.137931034482759,E_forecast[419]
54.5,3.9180605454828754,1.0202181836599598,0.0,2.5153021727139317,69.02,54.5,7.453580901856764,E_forecast[420]
53.28,4.0429376902397705,0.7783054117980193,0.0,2.552762203001998,67.29,53.28,7.374005305039788,E_forecast[421]
53.28,3.7823651629551325,0.42063134753518217,0.0,2.587454417891645,63.71,53.28,6.790450928381962,E_forecast[422]
65.83,3.3680952212138946,0.24828750927940835,0.0,2.113060240328977,65.83,65.83,5.729442970822282,E_forecast[423]
80.38,2.9997883968950223,1.1336312741601056,0.0,1.6225484987061431,80.38,66.5,5.755968169761273,E_forecast[424]
80.38,2.590150199778181,0.08289534468478355,0.0,1.6770870815317283,80.38,67.34,4.350132625994695,E_forecast[425]
73.24,2.18757747299931,0.0,1.3083267539145984,1.9854707663264293,73.24,73.24,2.864721485411141,E_forecast[426]
73.7,2.0077397364772014,0.0,1.8781433942097623,1.9924195728519245,73.7,73.7,2.1220159151193636,E_forecast[427]
57.89,1.948723364592871,0.0,2.430339249906904,2.630156999372389,60.48,57.89,2.1485411140583555,E_forecast[428]
52.5,2.1226864292940384,0.0,2.7113398223227634,2.8432953028430488,57.96,52.5,2.2546419098143238,E_forecast[429]
51.74,2.350220946268929,0.0,2.5183780621123786,2.847202208681646,56.33,51.74,2.6790450928381966,E_forecast[430]
51.74,2.5059567720751534,0.0,2.122875487167315,2.8264677867101984,55.34,51.74,3.209549071618037,E_forecast[431]
51.9,2.450456681630815,0.0,2.0144959776356144,2.826638765500821,53.16,51.9,3.2625994694960214,E_forecast[432]
53.76,2.283050022651105,0.0,2.3962542545372494,2.765724125785349,53.76,53.76,2.6525198938992043,E_forecast[433]
53.18,1.9009843305636012,0.0,2.1173863079336823,2.842396672330293,53.18,53.18,2.625994694960212,E_forecast[434]
53.41,1.4525718143290132,0.0,1.8510525462691871,2.891849432205426,53.41,53.41,2.493368700265252,E_forecast[435]
48.81,1.3728526512418622,0.0,2.706883508484309,3.1112191861549134,52.46,48.81,1.7771883289124668,E_forecast[436]
48.29,1.1628430774856775,0.0,3.2120650699296385,3.163280347881627,52.25,48.29,1.1140583554376657,E_forecast[437]
48.2,0.7867586370414816,0.0,3.1554855608504253,3.217533289856689,51.99,48.2,0.8488063660477453,E_forecast[438]
46.0,0.5808008589611463,0.0,3.265793764497577,3.348122879011232,51.72,46.0,0.6631299734748011,E_forecast[439]
48.4,0.5647129812770291,0.0,3.3515922849075297,3.2378076855933653,52.75,48.4,0.45092838196286467,E_forecast[440]
51.38,0.5638478743396279,0.0,3.1346572982800125,3.101313402720226,54.65,51.38,0.5305039787798409,E_forecast[441]
52.0,0.7082986255205276,0.0,3.1788247079955614,3.0540804591328587,56.62,52.0,0.583554376657825,E_forecast[442]
53.95,0.7191293560910141,0.0,3.18066689538977,2.9655163191396046,60.12,53.95,0.5039787798408488,E_forecast[443]
48.5,0.6979873744627481,0.0,3.2237573991973996,3.2154251971484444,57.04,48.5,0.6896551724137931,E_forecast[444]
48.2,0.6996729562468591,0.0,2.94736833541059,3.2291277399064366,55.26,48.2,0.9814323607427056,E_forecast[445]
47.27,0.6011203711031884,0.0,3.329729455978442,3.2856382625940865,54.38,47.27,0.5570291777188329,E_forecast[446]
45.5,0.4424182376580636,0.0,3.620465699830388,3.390249053684261,53.84,45.5,0.21220159151193632,E_forecast[447]
46.75,0.3192757595834225,0.0,3.613790958192593,3.3475655964871547,55.41,46.75,0.05305039787798408,E_forecast[448]
49.32,0.2780843924862375,0.0,3.458470663588679,3.2334366689804255,61.42,49.32,0.05305039787798408,E_forecast[449]
107.17,0.8310641288030711,0.0,1.9313411668544678,1.1268022369903887,107.17,64.74,0.02652519893899204,E_forecast[450]
52.4,0.30683877707279805,0.0,3.343330384344262,3.089542005149448,62.72,52.4,0.05305039787798408,E_forecast[451]
49.84,0.3677909972507801,0.0,3.353183960161945,3.1975945544231013,57.37,49.84,0.21220159151193632,E_forecast[452]
47.78,0.40747121141460346,0.0,3.3502294387518727,3.287585813544166,54.61,47.78,0.3448275862068966,E_forecast[453]
46.3,0.4066168008922163,0.0,3.5515526803269575,3.3571374709466775,53.6,46.3,0.21220159151193632,E_forecast[454]
45.0,0.44465529719405483,0.0,3.4870501914798724,3.4137476794317063,52.8,45.0,0.3713527851458886,E_forecast[455]
45.0,0.4628617591342115,0.0,3.5824082706387337,3.4113236998334346,50.75,45.0,0.2917771883289125,E_forecast[456]
46.5,0.3612453479657315,0.0,3.5558405098603116,3.3537463555285325,51.0,46.5,0.15915119363395225,E_forecast[457]
46.5,0.2661782956239286,0.0,3.5264809326530084,3.3664034327850483,49.73,46.5,0.10610079575596816,E_forecast[458]
46.5,0.19781411041337638,0.0,3.520269045005703,3.375505332470311,50.0,46.5,0.05305039787798408,E_forecast[459]
45.67,0.14217537306111716,0.0,3.484753382168337,3.422153605924196,50.11,45.67,0.07957559681697612,E_forecast[460]
45.67,0.10594882500803526,0.0,3.4268247805894205,3.4269767513373535,50.85,45.67,0.10610079575596816,E_forecast[461]
46.18,0.059399124292041916,0.0,3.3623301369762584,3.4090318084401847,51.11,46.18,0.10610079575596816,E_forecast[462]
45.16,0.05673172602099885,0.0,3.4879766062704913,3.4577700791884842,50.99,45.16,0.02652519893899204,E_forecast[463]
47.21,0.047643063038586564,0.0,3.3832557437580153,3.3621378796584205,51.83,47.21,0.02652519893899204,E_forecast[464]
48.9,0.07056630958052945,0.0,3.3244837065400286,3.280442595898491,52.14,48.9,0.02652519893899204,E_forecast[465]
55.68,0.09700204926842831,0.0,3.016205158306685,2.972253506916241,55.68,53.68,0.05305039787798408,E_forecast[466]
56.2,0.11613587428183691,0.0,3.010140734528218,2.947055258124365,56.2,54.48,0.05305039787798408,E_forecast[467]
56.2,0.15343986388070585,0.0,3.069003328786585,2.942088663844871,56.2,54.7,0.02652519893899204,E_forecast[468]
56.2,0.19000830208249286,0.0,3.1007031028605945,2.9372199997170934,56.2,54.17,0.02652519893899204,E_forecast[469]
56.2,0.24655704482468227,0.0,3.1497230352734875,2.929691189387797,56.2,53.71,0.02652519893899204,E_forecast[470]
49.5,0.27413961056209496,0.0,3.42024170491784,3.225677691172721,54.04,49.5,0.07957559681697612,E_forecast[471]
49.5,0.33265827853203467,0.0,3.364868494067819,3.2178866081087287,55.39,49.5,0.1856763925729443,E_forecast[472]
50.29,0.411792933815088,0.0,3.264627522037614,3.1711369754904304,58.02,50.29,0.3183023872679045,E_forecast[473]
86.0,0.7187967083814317,0.0,2.219289891282002,1.7392199733514984,86.0,65.93,0.23872679045092837,E_forecast[474]
86.0,0.8000589143801409,0.0,2.1571069807762036,1.7284008515419513,86.0,67.77,0.3713527851458886,E_forecast[475]
71.84,0.7652395020045801,0.0,2.7005146089752436,2.227052295299576,71.84,63.62,0.2917771883289125,E_forecast[476]
64.0,0.7828534583623721,0.0,2.915746699609098,2.5307712253316064,64.0,59.82,0.3978779840848806,E_forecast[477]
57.37,0.8264131898385193,0.0,2.965182021369381,2.8018988050056626,57.37,57.37,0.6631299734748011,E_forecast[478]
57.01,0.8774440165832661,0.0,2.839253815911205,2.8106161653756843,57.01,57.01,0.8488063660477453,E_forecast[479]
49.26,0.9024823319661189,0.0,2.4905650177685694,3.153069423202981,54.62,49.26,1.5649867374005306,E_forecast[480]
49.26,1.179226474842129,0.0,2.2795355004240485,3.1162241449453147,54.94,49.26,2.0159151193633953,E_forecast[481]
47.21,1.3611766980768971,0.0,2.612093260832462,3.1872560853019842,53.1,47.21,1.9363395225464193,E_forecast[482]
47.21,1.359448044318924,0.0,2.3718679668556915,3.1874862355341147,52.1,47.21,2.1750663129973473,E_forecast[483]
47.21,1.829086435240718,0.0,1.930173077829528,3.1249593216339027,51.83,47.21,3.0238726790450925,E_forecast[484]
52.71,2.1190285726289044,0.0,1.18682092280996,2.8343705995179254,52.71,52.71,3.76657824933687,E_forecast[485]
55.05,2.4933312648633574,0.0,0.7444120668403333,2.680789024788647,55.05,55.05,4.429708222811671,E_forecast[486]
67.5,3.4556972816115215,0.0,0.3982705309683756,2.035411445643326,67.5,65.33,5.092838196286472,E_forecast[487]
92.0,4.023368000828842,2.317465865255974,0.0,1.1127470357719513,92.0,77.71,7.453580901856764,E_forecast[488]
87.95,4.851388292559799,2.5362922562710093,0.0,1.126908310585641,87.95,85.95,8.514588859416445,E_forecast[489]
55.93,5.1764862298564935,1.6100553480913264,0.0,2.285076459187457,83.95,55.93,9.071618037135279,E_forecast[490]
260.0,12.685536962273696,0.0,4.502898477996384,0.2523747783221575,260.0,78.25,8.43501326259947,E_forecast[491]
260.0,12.943486186070702,0.0,4.381677163181507,0.21803182591717096,260.0,75.0,8.779840848806366,E_forecast[492]
260.0,13.0,0.0,6.340481140755911,0.21050766595485015,260.0,70.65,6.870026525198939,E_forecast[493]
90.0,6.028366855541382,0.0,0.25048122040394105,0.9064644974885541,90.0,71.56,6.684350132625995,E_forecast[494]
53.37,5.5461344419392375,0.0,0.8125261494922835,2.3486198242639222,70.31,53.37,7.082228116710876,E_forecast[495]
52.34,5.3963792620075335,0.0,0.35742135937982944,2.4146229992290604,74.65,52.34,7.453580901856764,E_forecast[496]
52.34,5.205406198590039,0.4447306264191635,0.0,2.44004885138337,81.08,52.34,8.090185676392572,E_forecast[497]
53.88,5.075116336569724,0.0,0.32850754517246017,2.3886697231915965,88.35,53.88,7.13527851458886,E_forecast[498]
56.0,4.871743828085019,0.0,0.24474260147248472,2.322600895403381,88.37,56.0,6.949602122015915,E_forecast[499]
56.96,4.4583779655496505,0.0,0.0039415561838973545,2.3360145190162065,78.01,56.96,6.790450928381962,E_forecast[500]
68.8,4.040770080273891,0.0,0.2977808937197999,1.9068781874512144,68.8,68.8,5.649867374005305,E_forecast[501]
61.6,3.5084410335975544,0.0,0.8409745721852833,2.2662205412402487,61.6,61.6,4.93368700265252,E_forecast[502]
57.94,3.04088541502058,0.0,1.040734362614458,2.482607568283533,57.94,57.94,4.482758620689655,E_forecast[503]
51.5,2.672728782847531,0.0,1.774310391333123,2.815109459944478,54.93,51.5,3.713527851458886,E_forecast[504]
50.32,1.8465290172274318,0.0,1.589202659945963,2.9787479132755608,54.64,50.32,3.2360742705570296,E_forecast[505]
50.32,1.6530908683336725,0.0,2.482526518354618,3.0045019630182925,54.05,50.32,2.1750663129973473,E_forecast[506]
50.32,1.3582780658882312,0.0,2.8635694015108486,3.0437528740841557,53.52,50.32,1.5384615384615385,E_forecast[507]
52.48,1.2111036545092027,0.0,3.221755707657345,2.9655592149518557,52.48,52.48,0.9549071618037135,E_forecast[508]
53.44,1.080257334459448,0.0,3.7020384946121023,2.9400835474205587,53.44,53.44,0.3183023872679045,E_forecast[509]
55.17,1.0038046535547385,0.0,3.771541413483989,2.8738375556852187,55.17,55.17,0.10610079575596816,E_forecast[510]
62.33,1.135343539922076,0.0,3.0507711266420197,2.5520323612557525,62.33,62.33,0.636604774535809,E_forecast[511]
73.91,1.404479174764866,0.0,1.7983965572894218,2.0650049156810546,73.91,73.91,1.6710875331564987,E_forecast[512]
54.43,1.5617103521499427,0.0,2.5635826486407987,2.832111023281307,80.23,54.43,1.830238726790451,E_forecast[513]
53.92,1.4056933194844843,0.0,3.0079215210371375,2.875437750624271,76.6,53.92,1.273209549071618,E_forecast[514]
53.92,1.469767620746711,0.0,3.2756666625020303,2.866906999315001,74.19,53.92,1.0610079575596818,E_forecast[515]
53.92,1.6941087101332617,0.0,2.9396353546584937,2.8370385808647547,70.06,53.92,1.5915119363395225,E_forecast[516]
53.92,2.0578454480877957,0.0,2.9366423703229865,2.7886112458426178,62.07,53.92,1.909814323607427,E_forecast[517]
54.43,2.5608343409578387,0.0,3.376634449122087,2.6990892328326836,58.85,54.43,1.883289124668435,E_forecast[518]
105.0,3.6466881388807053,0.0,1.1099117006418768,0.805398628074169,105.0,59.69,3.3421750663129974,E_forecast[519]
105.0,4.227188550360863,0.0,0.9499952303593178,0.728111719786253,105.0,65.09,4.005305039787798,E_forecast[520]
99.0,4.746151954508827,0.0,0.44288183220110433,0.8160932729177421,99.0,70.21,5.119363395225465,E_forecast[521]
81.0,5.170216725438096,0.2548192499777358,0.0,1.3123645550881422,81.0,78.8,6.737400530503979,E_forecast[522]
74.13,5.593218692159268,1.3425539706690406,0.0,1.4992405997711638,74.13,74.13,8.43501326259947,E_forecast[523]
53.92,5.723509688553367,1.0740630512873706,0.0,2.300570496233534,60.1,53.92,9.098143236074272,E_forecast[524]
53.92,5.715384108364862,0.9750060088023121,0.0,2.30165232315113,56.94,53.92,8.992042440318302,E_forecast[525]
53.92,5.604463045228178,0.6998064315697388,0.0,2.316420178374496,55.38,53.92,8.620689655172413,E_forecast[526]
55.23,5.4310233766250295,1.1200935330818913,0.0,2.2817743369774304,55.23,55.23,8.83289124668435,E_forecast[527]
53.3,5.172024270687052,0.17178760455968423,0.0,2.4015462149389424,53.3,53.3,7.745358090185677,E_forecast[528]
53.2,5.052298972013434,0.0,0.4450649314413173,2.4219436782607744,53.2,53.2,7.029177718832891,E_forecast[529]
52.62,4.75746512099108,0.0,1.01116824345105,2.4871248731230997,52.62,52.62,6.23342175066313,E_forecast[530]
52.14,4.424796607713658,0.0,2.01755345952676,2.552969053404614,52.14,52.14,4.960212201591512,E_forecast[531]
51.19,4.088797934846282,0.0,2.140555622277255,2.6406171038765964,51.19,51.19,4.588859416445623,E_forecast[532]
52.07,3.619077707716917,0.0,1.7997107242389827,2.6633916372117206,52.07,52.07,4.482758620689655,E_forecast[533]
55.68,3.4346900748138838,0.0,1.559386043692565,2.5278789927513596,55.68,55.68,4.403183023872678,E_forecast[534]
62.43,3.2829765400262394,0.0,0.7969529036501446,2.2619869737034803,62.43,62.43,4.748010610079575,E_forecast[535]
79.48,3.4028969970622445,0.0,0.2282967473087485,1.599935559265072,79.48,79.48,4.774535809018568,E_forecast[536]
87.38,3.398200869546897,0.0,0.2007805883115381,1.3383887373322807,88.38,87.38,4.535809018567639,E_forecast[537]
83.1,2.9758694106846715,0.0,1.2470016146146072,1.5337316734259572,84.1,83.1,3.2625994694960214,E_forecast[538]
85.35,2.6264024172074016,0.0,2.514630137669191,1.5062648557403042,85.35,85.35,1.6180371352785148,E_forecast[539]
85.96,2.304302170162459,0.0,2.507459468023415,1.529417244810558,85.96,85.96,1.3262599469496021,E_forecast[540]
77.65,2.043712317460118,0.0,2.456337212961692,1.8449856382071443,77.65,77.65,1.4323607427055705,E_forecast[541]
76.4,1.9046142293307786,0.0,2.725089957471572,1.9080088846394672,76.4,76.4,1.0875331564986737,E_forecast[542]
83.53,1.95205041932906,0.0,2.2815430061459763,1.6557525337665187,83.53,83.53,1.3262599469496021,E_forecast[543]
82.83,2.0605739108712005,0.0,1.682733948792726,1.6646003562239127,82.83,82.83,2.042440318302387,E_forecast[544]
292.69,11.42570269339999,0.0,10.64719238639881,1.7148583932640733,292.69,82.92,2.493368700265252,E_forecast[545]
300.0,12.275031467031667,0.0,11.489409053605112,1.9464730772896255,300.0,87.85,2.7320954907161803,E_forecast[546]
300.0,12.651868950849854,0.0,12.08132697917031,1.896301529646716,300.0,85.03,2.46684350132626,E_forecast[547]
292.69,12.257990992811099,0.0,11.474771931402648,1.6040488431008333,292.69,62.25,2.387267904509284,E_forecast[548]
55.0,2.76368053190191,0.0,2.466373824570655,2.6469903748968613,58.06,55.0,2.9442970822281165,E_forecast[549]
55.0,2.5373968088297616,0.0,2.3497927559475906,2.67711743252897,57.55,55.0,2.864721485411141,E_forecast[550]
56.83,2.273352140842186,0.0,2.2003231110873775,2.63254126202238,56.83,56.83,2.7055702917771884,E_forecast[551]
54.96,2.043196866897082,0.0,2.3475498560174803,2.7446712915076663,54.96,54.96,2.440318302387268,E_forecast[552]
55.98,1.3420729558496913,0.0,2.066513948622581,2.793406510014269,55.98,55.98,2.0689655172413794,E_forecast[553]
55.8,1.1005789271695512,0.0,2.050692504294279,2.8334027017931627,55.8,55.8,1.883289124668435,E_forecast[554]
55.57,1.0350712344339015,0.0,2.375299941857466,2.8521650469461104,55.57,55.57,1.5119363395225462,E_forecast[555]
55.33,0.9132367709339966,0.0,2.7045881000109917,2.878884485575669,55.33,55.33,1.0875331564986737,E_forecast[556]
55.8,0.7603134947650652,0.0,2.7106366361513086,2.878705104250965,55.8,55.8,0.9283819628647215,E_forecast[557]
60.05,0.7242463848063456,0.0,2.550478378390112,2.7015635585705042,60.05,60.05,0.8753315649867375,E_forecast[558]
75.98,0.8989765998720538,0.0,2.1071537816502275,2.056983547825919,75.98,75.98,0.8488063660477453,E_forecast[559]
155.0,2.654276275681984,0.0,1.9888260808948597,0.1568309723216288,155.0,96.7,0.8222811671087533,E_forecast[560]
155.0,2.7285667036985526,0.0,2.132801195432326,0.14694006202555077,155.0,109.45,0.7427055702917772,E_forecast[561]
200.0,4.612802317336,0.0,3.684420354471279,0.0,200.0,108.56,0.9283819628647215,E_forecast[562]
135.0,2.1386746443880504,0.0,1.8470499098234392,0.424555636788174,135.0,102.76,0.7161803713527852,E_forecast[563]
135.0,1.998880232206178,0.0,1.9380690964833769,0.44316764411804765,135.0,101.2,0.5039787798408488,E_forecast[564]
61.0,0.6547758780606248,0.0,2.981023342283171,2.6710750504294425,95.97,61.0,0.3448275862068966,E_forecast[565]
57.84,0.4977890056233177,0.0,3.0845359676953317,2.8254737525229423,90.41,57.84,0.23872679045092837,E_forecast[566]
57.84,0.41019090325693863,0.0,3.114701334133719,2.8371364255717406,87.7,57.84,0.13262599469496023,E_forecast[567]
57.33,0.40122482746161825,0.0,3.1288276327906903,2.860228800024032,88.28,57.33,0.13262599469496023,E_forecast[568]
59.0,0.40256186729311616,0.0,2.899493624175392,2.7887089452111886,95.01,59.0,0.2917771883289125,E_forecast[569]
106.82,0.9267166423319869,0.0,1.9166609254831468,1.12257027784612,106.82,106.82,0.13262599469496023,E_forecast[570]
100.29,0.8325323125143109,0.0,2.108235969433662,1.3022288558583428,100.29,100.29,0.02652519893899204,E_forecast[571]
73.38,0.5211314197034859,0.0,2.7232894894119903,2.2021580697085046,73.38,73.38,0.0,E_forecast[572]
60.35,0.4014133494398391,0.0,3.106847651781041,2.7319595012801936,60.35,60.35,0.02652519893899204,E_forecast[573]
59.75,0.3555179293084131,0.0,3.039217313419015,2.763274980927578,59.75,59.75,0.07957559681697612,E_forecast[574]
58.45,0.26659746526095185,0.0,2.9906872985312467,2.830190629026263,58.45,58.45,0.10610079575596816,E_forecast[575]
57.19,0.15988142293097263,0.0,3.0052204664166595,2.898389441363671,57.19,57.19,0.05305039787798408,E_forecast[576]
58.0,0.0,0.0,2.831848258792801,2.884898656670785,58.0,57.32,0.05305039787798408,E_forecast[577]
58.0,0.014664025582739382,0.0,2.7384591434051133,2.882946311456326,58.0,56.47,0.15915119363395225,E_forecast[578]
56.7,0.009265080881972199,0.0,2.6305631636177904,2.9396004700037226,56.7,55.95,0.3183023872679045,E_forecast[579]
55.52,0.10330023748363953,0.0,2.8695036263903257,2.9784049804186226,55.52,55.44,0.21220159151193632,E_forecast[580]
55.28,0.04954156608013571,0.0,3.019081810709742,2.996065443568598,55.28,55.28,0.02652519893899204,E_forecast[581]
58.98,0.022533935258753357,0.0,2.783111769866457,2.84015343142468,58.98,58.98,0.07957559681697612,E_forecast[582]
69.39,0.07472558751143882,0.0,2.2216133947818544,2.4121397966603357,69.39,69.39,0.26525198938992045,E_forecast[583]
56.35,0.036072115965007034,0.0,2.934221614537045,2.9511998964500226,84.48,56.35,0.05305039787798408,E_forecast[584]
56.3,0.056224221454917456,0.0,2.5294582155112297,2.9506875749581694,94.67,56.3,0.47745358090185674,E_forecast[585]
56.04,0.12531152735818446,0.0,1.8314194135779878,2.9527922363524293,91.4,56.04,1.246684350132626,E_forecast[586]
107.15,0.7995571403679896,0.11140150599102727,0.0,1.1314816719433702,107.15,82.96,2.042440318302387,E_forecast[587]
107.15,0.9606855939985807,0.0,0.1874257533474345,1.1100292840172905,107.15,78.0,1.883289124668435,E_forecast[588]
93.76,0.7917592799550879,0.0,0.7972143167020682,1.4908661773305347,93.76,71.81,1.4854111405835544,E_forecast[589]
93.76,0.7450720065652094,0.0,0.5710665206083059,1.4970820471995951,93.76,69.87,1.6710875331564987,E_forecast[590]
93.76,0.8115984516309322,0.0,0.36348375042029524,1.4882248213357823,93.76,68.64,1.9363395225464193,E_forecast[591]
65.85,0.6367568735712267,0.0,1.0437011993700045,2.4759098430401574,65.85,65.58,2.0689655172413794,E_forecast[592]
65.08,0.8173891820339373,0.0,1.0719063657164296,2.4826338945578255,65.08,65.08,2.2281167108753315,E_forecast[593]
70.87,1.200716185439833,0.0,1.4170102411816197,2.205683976166188,70.87,70.87,1.989389920424403,E_forecast[594]
71.74,1.5958547533271907,0.0,1.4879613843738368,2.1202233419219794,71.74,71.74,2.2281167108753315,E_forecast[595]
57.28,1.9870978549510154,0.0,1.349213564119522,2.6512403776035183,57.28,57.28,3.2891246684350133,E_forecast[596]
55.43,2.5836111762463876,0.0,0.9651705674676698,2.6521164203990013,55.43,55.43,4.270557029177719,E_forecast[597]
58.7,3.22744256574269,0.0,0.34774992488653966,2.4253471469422583,58.7,54.36,5.305039787798409,E_forecast[598]
58.7,3.7195677721091425,0.0,0.7743543582467596,2.3598263739360257,58.7,53.59,5.305039787798409,E_forecast[599]
56.5,3.9194170276177474,0.0,1.5990774694441283,2.427671051905956,56.5,52.35,4.748010610079575,E_forecast[600]
56.5,3.0055381009723448,0.0,2.239231682961876,2.5493434493635365,56.5,51.91,3.315649867374005,E_forecast[601]
56.4,2.347378115085763,0.0,1.6199843599775932,2.6413065101438193,56.4,51.52,3.3687002652519893,E_forecast[602]
56.0,1.6959187203973336,0.0,1.6031476701597365,2.745425236234551,56.0,50.98,2.838196286472148,E_forecast[603]
50.85,1.0937377334790432,0.0,2.291789841137372,3.054816033387772,50.85,50.85,1.856763925729443,E_forecast[604]
51.52,0.7789964535542311,0.0,2.9434730656413217,3.0663333760128197,51.52,51.52,0.9018567639257293,E_forecast[605]
52.01,0.5521809102315127,0.0,2.8043150279801066,3.074415284857347,52.01,52.01,0.8222811671087533,E_forecast[606]
48.5,0.4861535368414325,0.0,2.668773999126921,3.2436284198451704,52.44,48.5,1.0610079575596818,E_forecast[607]
48.5,0.5406256703181,0.0,2.981245788143265,3.236376085994926,53.35,48.5,0.7957559681697612,E_forecast[608]
49.0,0.5025373042544955,0.0,2.951617515212708,3.2183109801889818,53.99,49.0,0.7692307692307693,E_forecast[609]
49.95,0.5461042202403494,0.0,2.9722104397760143,3.1688117898274424,56.28,49.95,0.7427055702917772,E_forecast[610]
52.0,0.5669252540401264,0.0,2.605345182030307,3.072902686610871,58.62,52.0,1.0344827586206897,E_forecast[611]
59.18,0.7310714743956568,0.0,2.1156313092941086,2.737344980787046,59.18,59.18,1.3527851458885942,E_forecast[612]
59.22,1.0738291078684672,0.0,2.3580111696524924,2.690017605550603,59.22,56.72,1.4058355437665782,E_forecast[613]
59.22,1.3032937740944277,0.0,2.1855724873510436,2.6594670421690827,59.22,56.16,1.7771883289124668,E_forecast[614]
56.5,1.2139673745014454,0.0,2.41032578550821,2.787870347346287,56.5,54.61,1.5915119363395225,E_forecast[615]
54.1,1.0141876114585082,0.0,2.7666693129004383,2.91959045475758,54.1,54.1,1.16710875331565,E_forecast[616]
58.0,0.9381140253567386,0.0,3.141084484071161,2.7599996364332555,58.0,55.17,0.5570291777188329,E_forecast[617]
58.0,1.0518316690933829,0.0,3.1070359455636547,2.744859448884065,58.0,56.73,0.6896551724137931,E_forecast[618]
56.2,1.255129208599832,0.0,2.485553955040154,2.795411483840853,57.92,56.2,1.5649867374005306,E_forecast[619]
52.01,1.5524769624537416,0.0,2.636950484460497,2.9412374477361984,55.11,52.01,1.856763925729443,E_forecast[620]
51.7,2.1735729334615828,0.0,3.083235121431109,2.8725269094549373,53.06,51.7,1.9628647214854111,E_forecast[621]
49.0,2.837299803226667,0.0,3.1718198933533626,2.907464387208923,52.42,49.0,2.572944297082228,E_forecast[622]
49.0,3.1833602730442117,0.0,2.410798461021478,2.8613904426191765,51.92,49.0,3.63395225464191,E_forecast[623]
50.14,3.405442994832401,0.0,1.914311018595202,2.77942505294052,51.14,50.14,4.270557029177719,E_forecast[624]
51.48,3.3235484207207193,0.0,1.9149825144672494,2.729365128229289,51.48,51.48,4.137931034482759,E_forecast[625]
40.46,3.878603343067245,0.0,2.015761695735411,3.1769461510766543,40.46,40.46,5.039787798408488,E_forecast[626]
20.83,0.0,2.1166400835320793,0.0,4.196357263948027,20.83,20.83,6.312997347480106,E_forecast[627]
20.06,0.0,1.9067635557003573,0.0,4.167507001328821,20.06,20.06,6.074270557029178,E_forecast[628]
16.78,0.0,1.7629428339489275,0.0,4.284802524141257,16.78,16.78,6.047745358090185,E_forecast[629]
26.58,0.0,2.465914977166401,0.0,3.767506773496729,26.58,26.58,6.23342175066313,E_forecast[630]
38.61,4.764167071565982,0.0,0.8860693176878014,3.15107996495471,38.61,38.61,7.029177718832891,E_forecast[631]
51.46,4.789099464796187,0.0,0.3746462371074477,2.5351488943271763,51.46,51.46,6.949602122015915,E_forecast[632]
51.45,4.947547354120958,0.0,1.149055914885455,2.5145059082446037,51.45,51.45,6.312997347480106,E_forecast[633]
55.55,5.148612006312602,0.0,1.3797102247465087,2.3053687754630845,55.55,51.66,6.074270557029178,E_forecast[634]
57.05,5.062376354507214,0.0,1.7703247397422843,2.251714963484407,57.05,52.61,5.543766578249337,E_forecast[635]
57.05,4.856964672444364,0.0,0.2660012977748307,2.279063150529406,57.05,52.64,6.870026525198939,E_forecast[636]
55.58,4.594908074423607,0.0,1.402393317986426,2.377777020751148,55.58,52.25,5.570291777188329,E_forecast[637]
55.3,4.354449571601187,0.0,2.930336423758376,2.4220406983110356,55.3,52.04,3.8461538461538463,E_forecast[638]
55.3,4.1510211714943335,0.0,2.462214971339202,2.4491248343276273,55.3,52.05,4.137931034482759,E_forecast[639]
55.3,4.026840904390795,0.0,1.0283079219918858,2.4656579990334513,55.3,52.17,5.464190981432361,E_forecast[640]
53.49,3.9961945909446133,0.0,1.4795172016788705,2.5496356080817364,53.49,53.49,5.066312997347479,E_forecast[641]
54.31,3.8928850879763237,0.0,0.6374320163733409,2.5270402970972827,54.31,54.31,5.7824933687002655,E_forecast[642]
51.95,3.824100099990263,0.0,1.0279346556087163,2.6415003381118223,54.38,51.95,5.437665782493369,E_forecast[643]
50.4,3.8137728780688587,0.0,0.8770844952354571,2.7131789911719038,54.26,50.4,5.649867374005305,E_forecast[644]
50.4,3.54609424535266,0.0,0.4063173826159865,2.7488173017195594,53.61,50.4,5.888594164456233,E_forecast[645]
48.5,3.276121877023832,0.0,0.1005529587809737,2.8721764398473266,52.8,48.5,6.047745358090185,E_forecast[646]
48.5,3.086313252859533,0.0,1.262275102116837,2.8974472603978874,52.5,48.5,4.721485411140583,E_forecast[647]
48.5,2.8780445805812755,0.0,2.4875705358168076,2.9251758226095372,51.53,48.5,3.315649867374005,E_forecast[648]
51.02,2.1575368304032496,0.0,2.224797921158628,2.9054573772275267,51.02,51.02,2.838196286472148,E_forecast[649]
50.51,2.089366835009405,0.0,3.1438222197200627,2.9377445093790926,50.51,50.51,1.883289124668435,E_forecast[650]
50.32,1.9808009948714864,0.0,2.7400806370963555,2.9608711541612083,50.32,50.32,2.201591511936339,E_forecast[651]
50.39,2.114425181197894,0.0,2.507890059129314,2.9398839760746562,50.39,50.39,2.546419098143236,E_forecast[652]
50.97,1.9907280786721353,0.0,2.9047502477730314,2.9299372884642914,50.97,50.97,2.0159151193633953,E_forecast[653]
53.57,1.8616738482596935,0.0,1.270188026308569,2.830264841178849,53.57,53.57,3.4217506631299734,E_forecast[654]
55.14,2.106783325385829,0.0,1.4929126389932454,2.728304379920414,55.14,55.14,3.3421750663129974,E_forecast[655]
64.04,1.892534655038424,0.0,3.159885907208501,2.3814096076077425,64.04,64.04,1.1140583554376657,E_forecast[656]
52.46,1.3865710381906955,0.0,3.2951834157053295,2.9430951361353235,64.88,52.46,1.0344827586206897,E_forecast[657]
51.43,1.3283048971299094,0.0,2.7075390414320752,2.9972712795806804,62.2,51.43,1.6180371352785148,E_forecast[658]
51.43,1.2882426637544928,0.0,2.725861028435819,3.0026051020818567,58.38,51.43,1.5649867374005306,E_forecast[659]
50.5,1.1915155368932637,0.0,2.8434191072174535,3.057739114090768,57.3,50.5,1.4058355437665782,E_forecast[660]
50.9,0.9420482618325922,0.0,2.8476777172811816,3.0727382087642394,56.93,50.9,1.16710875331565,E_forecast[661]
50.9,0.6567020312384204,0.0,2.7329480280174194,3.1107287553996885,56.9,50.9,1.0344827586206897,E_forecast[662]
52.0,0.4517005287389601,0.0,3.0890156713962704,3.088243524620175,57.37,52.0,0.45092838196286467,E_forecast[663]
58.0,0.37831351186625883,0.0,3.106743309094205,2.8345305929839144,58.0,58.0,0.10610079575596816,E_forecast[664]
59.67,0.37992684091623624,0.0,3.063747395992427,2.7633961518931667,59.67,59.67,0.07957559681697612,E_forecast[665]
61.38,0.4455984796902693,0.0,3.022622554411827,2.683124870477526,61.38,61.38,0.10610079575596816,E_forecast[666]
59.64,0.5199999804482436,0.0,3.0538101473755637,2.746011758439256,59.64,59.64,0.21220159151193632,E_forecast[667]
56.44,0.7270554367309253,0.0,2.123468083907673,2.8552985888213103,56.44,56.44,1.4588859416445623,E_forecast[668]
55.17,1.2692942161223062,0.0,0.9512862368632917,2.8384906944810386,55.17,55.17,3.156498673740053,E_forecast[669]
56.29,2.065539410706265,0.0,1.0356163350275174,2.6836047757801387,56.29,54.79,3.713527851458886,E_forecast[670]
56.09,2.7718940482754046,0.0,0.9669658390040259,2.5982548146012996,56.09,53.68,4.403183023872678,E_forecast[671]
55.55,3.2023741940595247,0.0,0.0374190282950555,2.5644878050578126,55.55,52.36,5.729442970822282,E_forecast[672]
51.31,3.585150163824979,0.0,0.9558176787060289,2.7022325016184503,51.31,51.31,5.3315649867374,E_forecast[673]
50.69,3.4041674075251738,0.0,1.0392946942535533,2.754490681953844,50.69,50.69,5.119363395225465,E_forecast[674]
50.59,3.3526410494511616,0.0,0.8135079916884478,2.7659067300356948,50.59,50.59,5.305039787798409,E_forecast[675]
52.8,3.424498645580117,0.0,0.40463995404487996,2.656533881409059,52.8,51.0,5.676392572944296,E_forecast[676]
51.56,3.377918404676188,0.0,1.3484160251844015,2.718508230587789,51.56,51.56,4.748010610079575,E_forecast[677]
54.18,2.7902523787330784,0.0,2.286817427035874,2.6795889209818404,54.18,54.18,3.183023872679045,E_forecast[678]
56.58,2.065545231374676,0.0,2.32277811719231,2.67102598926591,56.58,56.58,2.413793103448276,E_forecast[679]
67.67,1.6186762732189885,0.0,0.9742358308268946,2.2733314408970307,67.67,67.67,2.9177718832891246,E_forecast[680]
51.5,1.8892063373590726,0.0,2.3152640384020184,2.9194264013081974,72.8,51.5,2.493368700265252,E_forecast[681]
51.5,1.9153634776002217,0.0,1.7013338837526573,2.9159438809534968,70.63,51.5,3.1299734748010613,E_forecast[682]
52.43,1.9540272194101012,0.0,2.1173481841303006,2.868891256497388,70.38,52.43,2.7055702917771884,E_forecast[683]
52.43,2.1537229528532027,0.0,1.6008015704894798,2.8423040818272582,67.51,52.43,3.395225464190981,E_forecast[684]
55.1,2.3361744591020095,0.0,1.8791941377903907,2.6995183524284343,64.03,55.1,3.156498673740053,E_forecast[685]
54.48,2.393326520229346,0.0,1.4785592465124795,2.7191849809250437,63.84,54.48,3.63395225464191,E_forecast[686]
53.0,2.427188406630716,0.0,0.6982775135649546,2.7803729265628863,66.56,53.0,4.5092838196286475,E_forecast[687]
53.0,2.4058618432118237,0.0,2.4039282661636667,2.7832123115460075,66.0,53.0,2.7851458885941645,E_forecast[688]
70.5,2.3859967188223434,0.0,1.9015135350275303,2.061935914348423,70.5,69.33,2.546419098143236,E_forecast[689]
71.96,2.399551436554405,0.0,0.6379313328463616,2.0049581456288266,71.96,71.45,3.76657824933687,E_forecast[690]
72.82,2.6321361443244093,0.0,1.3379312543667088,1.941869380599329,72.82,72.82,3.2360742705570296,E_forecast[691]
68.14,2.8476778858121756,1.241340246575503,0.0,2.091353220397469,68.14,68.14,6.180371352785146,E_forecast[692]
58.08,3.032052898849556,1.3071286544085448,0.0,2.4777945740628535,58.08,58.08,6.816976127320955,E_forecast[693]
57.57,3.062594324865083,0.0,0.14703453779123876,2.4955807964805325,57.57,55.74,5.411140583554377,E_forecast[694]
56.0,2.708204917327067,0.0,0.5973705563636211,2.6106510501771374,56.0,53.83,4.721485411140583,E_forecast[695]
54.5,2.213018842807052,0.0,1.0826485307952152,2.7423087330810016,54.5,52.64,3.8726790450928386,E_forecast[696]
51.46,1.9705373139658882,0.0,2.8915552026721354,2.9104078091306502,51.46,51.46,1.989389920424403,E_forecast[697]
54.07,1.4515857584311302,0.0,3.279786731466227,2.8626837316557863,54.07,51.12,1.0344827586206897,E_forecast[698]
54.58,1.0499233378239095,0.0,3.121276602981312,2.893634432266156,54.58,50.69,0.8222811671087533,E_forecast[699]
54.58,1.0853257321138352,0.0,3.0989151805109456,2.888921013383848,54.58,50.82,0.8753315649867375,E_forecast[700]
54.7,1.2514876065482075,0.0,2.7071645744699886,2.8615125116883595,54.7,51.47,1.4058355437665782,E_forecast[701]
56.64,1.6651865967022417,0.0,2.7423549830653178,2.7217307205805827,56.64,53.97,1.6445623342175066,E_forecast[702]
63.85,2.207162133961953,0.0,1.7692391962163687,2.3472229508485802,63.85,56.09,2.7851458885941645,E_forecast[703]
94.0,2.9352457084026486,0.0,0.658912057441873,1.198467410047182,94.0,66.59,3.4748010610079576,E_forecast[704]
94.0,3.349052347481943,0.0,0.009667574232158138,1.1433738474398698,94.0,68.22,4.482758620689655,E_forecast[705]
53.8,3.276184428545963,0.0,0.9742222338809419,2.631724807987499,67.49,53.8,4.93368700265252,E_forecast[706]
66.09,3.384978923778859,0.6418720318858551,0.0,2.100469999242447,66.09,66.09,6.127320954907161,E_forecast[707]
63.73,3.6104177739228858,0.2455350149103754,0.0,2.1652673703179355,63.73,63.73,6.021220159151194,E_forecast[708]
60.21,3.9349168412597093,0.0,0.9503109013275806,2.267383449988295,60.21,60.21,5.251989389920424,E_forecast[709]
57.84,4.350986263499547,0.0,1.915440806473712,2.31246515305374,57.84,57.84,4.748010610079575,E_forecast[710]
56.97,5.01765985528704,0.0,0.2230778240592981,2.2611208865441412,56.97,56.97,7.0557029177718835,E_forecast[711]
57.68,5.714787796261145,1.3251806685859586,0.0,2.137750368044144,57.68,57.68,9.177718832891246,E_forecast[712]
61.57,6.267758637598046,0.8507167742063766,0.0,1.900092227452876,61.57,61.57,9.018567639257295,E_forecast[713]
68.2,6.673614382983638,0.8979418421144406,0.0,1.579637408854178,68.2,68.2,9.151193633952255,E_forecast[714]
62.53,6.8293595479995535,0.615691690978811,0.0,1.7857179917908654,62.53,62.53,9.230769230769232,E_forecast[715]
59.73,6.921228180369865,0.8174498430813966,0.0,1.8899691914028507,59.73,57.86,9.628647214854112,E_forecast[716]
56.64,6.9337229742785915,0.7276885331954971,0.0,2.0202861052580086,56.64,54.41,9.681697612732096,E_forecast[717]
56.1,6.856420812332538,0.7977896369057369,0.0,2.0540123624328173,56.1,53.83,9.708222811671089,E_forecast[718]
55.1,6.8327517289457935,0.7215695309103021,0.0,2.1008511539370076,55.1,51.99,9.655172413793103,E_forecast[719]
53.0,6.7897267860071695,0.5332681787638734,0.0,2.1995514543271018,53.0,46.86,9.522546419098143,E_forecast[720]
