Forward price,Forward bid,Power sold,Power bought,Objective values
28.32,7.133049403894183,0.0,0.10387168506129196,199.06631299734747
10.07,9.200536313124262,0.0,0.18196867386696702,90.81697612732097
0.0,7.121903654379455,0.0929504570263795,0.0,0.0
0.0,5.838842070843505,0.0,0.1624494978992086,0.0
0.0,5.676373856014497,0.0,0.1591324767041522,0.0
0.0,5.674851391231576,0.0,0.15761001192123114,0.0
0.0,5.67618203720636,0.0,0.15894065789601441,0.0
0.0,5.827589100804814,0.0,0.25729732361648505,0.0
0.0,9.77796054756768,0.00983786092038308,0.0,0.0
0.0,9.761897691835852,0.025900716652211386,0.0,0.0
0.0,9.762241394767722,0.0,0.4784217661205066,0.0
0.45,9.835871066791244,0.0,0.7907782285949576,4.070291777188329
0.12,9.847000865059046,0.0,1.1732608120086474,1.0408488063660477
0.0,9.697313500834719,0.0,1.0500986467233133,0.0
0.0,9.681074004947057,0.0,1.5643631296154927,0.0
0.0,9.686115153050915,0.0,1.0123751000005168,0.0
1.97,9.84068405592988,0.0,1.2465195996964593,16.93050397877984
54.28,9.85095079603676,0.0,3.272701459166732,357.06737400530517
54.28,9.889159793981507,0.0,0.23398738018840426,524.0827586206897
51.0,9.794768191885126,0.0,0.033494982336053525,497.8249336870027
0.0,9.88279695795508,0.0,0.12152374840600721,0.0
0.0,6.105981360222321,0.0,0.27043759364407194,0.0
0.0,9.869518020014759,0.0,0.16129520834367028,0.0
43.0,6.128327500798873,0.0,0.5580357236105442,239.52254641909815
0.0,5.6790921241342005,0.0,0.1618507448238553,0.0
0.0,5.70794978685929,0.0,0.1907084075489447,0.0
0.0,5.708416578978475,0.0,0.24422559754611406,0.0
0.0,5.669497215436723,0.0,1.0541126000521075,0.0
0.0,5.592584359017936,0.0,0.6854225553044078,0.0
0.0,5.487788042231258,0.029453337079087483,0.0,0.0
0.0,9.485713231278108,0.08988358569801846,0.0,0.0
37.43,9.622811688861384,0.0,0.04721487188525764,358.4145888594164
45.44,9.411543268403767,0.16405354857236,0.0,435.1151193633952
44.94,9.29502652836083,0.22751989073731416,0.0,427.9432360742706
44.99,9.373010671693471,0.04343495164870248,0.0,423.64588859416443
45.44,9.640902198905417,0.0,0.11835577980727228,432.3234036728403
44.44,9.774228504727832,0.0,0.19863168775170514,424.44704826378467
44.44,9.714669112058886,0.0,0.16559749402174972,423.89375777242896
45.0,9.468474265860065,0.05407215323807968,0.0,428.5145888594165
48.2,8.818426616006152,0.06751502855618163,0.0,428.30238726790446
47.82,8.005064261765217,0.0,0.4188573652134906,359.34197197200507
48.43,7.482266729158074,0.05088976951566515,0.0,364.8307692307692
49.0,6.896439025814654,1.3794230431508652,0.0,405.51724137931046
49.0,5.98377710610028,2.21250936604826,0.0,401.6180371352785
48.93,5.067178510004494,0.3174368746108911,0.0,263.46923076923076
48.93,4.5908994715371785,0.0,0.47949363599341144,199.35860158910143
48.43,4.614162479175395,0.0,0.7680086330215485,183.45831917237192
46.1,4.968176912604752,0.0,0.564993888732074,200.353865879039
51.98,4.834991139747084,0.9209770300141873,0.0,290.84196380196215
51.98,5.354679635037861,1.621447685917044,0.0,351.65811178643673
51.98,5.5197406874681585,0.26275268123210704,0.0,299.609702964918
48.4,5.497496144773993,0.682875208011155,0.0,299.12997347480115
48.79,5.4823960087626915,0.0,0.3365074145982341,251.06790450928386
45.92,5.1459032451890545,0.0,0.15916584465855066,228.99098143236074
51.07,4.4123101524985096,0.0,0.035652327564823116,223.51591511936337
51.0,4.092852998590855,1.3448127839025141,0.0,277.3209549071618
51.0,4.036265264113899,0.28734216294180337,0.0,220.50397877984082
50.47,3.951616768739222,0.0,0.5298661056092486,167.63023599854534
49.5,3.6518385110896183,0.0,0.6279658320445258,144.22467453226514
51.0,3.0815365472110674,0.0,0.37596625543387896,134.04771818624388
62.0,2.5976978112307467,0.0,0.3165307024774312,141.43236074270555
52.99,2.1219618196185825,0.21225568701271902,0.0,123.69018567639267
50.97,1.65357515625483,0.17666357053562098,0.0,93.28726790450928
50.47,1.245189598561109,0.7442003218632957,0.0,100.40450928381969
50.6,0.8972385112963372,1.3308781995789924,0.0,112.74270557029169
51.48,0.6067986767612598,0.7725116680663265,0.0,71.00689655172414
65.67,0.42605295437286794,1.324610175600607,0.0,114.96604774535811
61.51,0.3575626724724822,0.5177688925142553,0.0,53.841644562334224
57.6,0.4287753502368524,0.34045541899391685,0.0,44.30769230769231
54.44,0.5830899684550572,0.26571639759268806,0.0,46.20901856763925
48.0,0.8732902469441112,0.0,0.6610886554321749,7.481823791855341
45.42,1.384673283434402,0.0,0.29714012693572833,48.04079698934284
46.78,2.6756960897434015,0.0,0.18232738947814964,116.076396164921
47.97,3.6124982834961554,0.8172099393155173,0.0,212.49310344827595
47.07,5.052955115186541,1.2335170333545724,0.0,295.9042440318302
48.29,7.2380726251687335,1.6478690193935996,0.0,426.8774988397337
48.43,8.6820516692045,0.0,0.4327147991779743,399.5153846153846
46.91,9.021838932110999,0.0,0.374624077999592,405.6408488063661
52.5,9.15659617375099,0.10069825595723003,0.0,485.8438194024713
53.99,9.184212053622653,0.0,0.19216961330435012,485.48037135278526
54.44,8.818777013111257,0.0,0.569440143084732,449.093899204244
48.79,8.748805714242714,0.08408553244163741,0.0,430.9567639257295
48.79,8.478987710616058,0.3804287350072837,0.0,432.25092838196286
48.29,7.889700223860476,0.7309894313119365,0.0,416.2931034482758
46.78,7.27014860192552,0.6874110797720938,0.0,372.2546419098144
45.78,6.866709426725462,0.0,2.0391232198289106,209.1391994123199
45.0,6.3569695691932795,0.0,3.412672486965163,110.61813805881854
45.0,6.444894251739757,0.0,2.1743372225620377,177.62875029405734
46.78,7.020311401727941,0.0,1.1847676351496919,266.1032374403108
46.78,7.646488983473622,0.7885242791258502,0.0,394.5899204244033
46.28,8.138575878134773,0.6677901696105826,0.0,407.5586206896551
46.28,8.19514408752304,0.2133439761374385,0.0,389.14482758620693
44.5,8.08627808823221,0.2691595775502824,0.0,371.8169761273209
44.27,8.077993879326238,0.46312017902919866,0.0,378.1151193633952
43.96,7.936423710555385,1.0821439287019103,0.0,396.4562334217507
31.41,7.5786016078194285,0.8298864558410495,0.0,264.1106100795756
26.9,7.904243053561496,0.689921402671926,0.0,231.18302387267903
25.12,7.739784526912156,0.4299767462973927,0.0,205.22440318302387
24.12,7.542994863766487,0.0,0.6199179406895636,166.9846153846154
22.04,7.227156753280001,0.0,0.012302641874166326,159.0153846153846
18.37,6.676627422718226,0.4851762908096236,0.0,131.5623342175066
22.09,6.319994863001529,0.788758452648338,0.0,157.03236074270555
23.35,5.746338684614578,1.2297886363403272,0.0,162.89257294429706
45.6,5.423857708318885,0.1729592678084364,0.0,255.21485411140588
45.6,4.5831006378906,0.0,0.5512703991638093,181.43138183361253
46.11,3.6360541155461323,0.0,1.3814122057318086,97.57941407105751
46.11,3.4939333539734707,0.0,1.133190648403179,103.39186722854284
46.11,3.1024898230218714,0.0,1.2192006983534363,80.85218610954618
51.36,2.5213767615342917,0.0,0.823764029438803,87.1893899204243
47.12,2.0518657207440896,0.09667539331426767,0.0,101.23925729442979
47.12,1.6085521093147288,0.4869386068656425,0.0,98.73952254641908
47.12,1.3007150570524761,0.7152000623109191,0.0,94.98992042440318
48.0,1.1049707999652223,0.5661167331912763,0.0,80.21220159151193
50.0,0.9373049511563997,0.17675340428126785,0.0,55.70291777188338
60.16,0.7964451350299326,0.0,0.08026476367714741,43.08541114058356
58.01,0.6837123536349266,0.0,0.17973357379407773,29.235809018567636
47.63,0.6246082140181249,0.0,0.27978062781122837,14.991661116640998
46.62,0.5663826145731847,0.0,0.43375661987822456,3.8927889197220154
45.1,0.4803579156146239,0.0,0.40078231879764775,1.1721420340958062
44.59,0.3411792579289668,0.0,0.3411792579289668,-1.917427429560794
43.76,0.08991093507134683,0.0,0.06338573613235479,0.7468338486260144
43.25,0.0383571030712226,0.0,0.011831904132230564,1.0788264482271128
42.4,0.01577024121792961,0.0,0.01577024121792961,-0.10108724620692888
41.0,0.03324258296496305,0.0,0.03324258296496305,-0.2546381855116169
41.0,0.014401948930762548,0.0,0.014401948930762548,-0.09822129170780058
41.0,0.06018521582456632,0.0,0.06018521582456632,-0.46462986616565205
41.0,0.02405731476640388,0.0,0.02405731476640388,-0.20160029774246468
43.25,0.04021364101015204,0.0,0.04021364101015204,-0.25736730246497297
43.76,0.04715931389517178,0.0,0.04715931389517178,-0.31502421681974724
44.9,0.12627514312655075,0.0,0.12627514312655075,-1.0733387165756811
48.0,0.23701554821192244,0.0,0.2104903492729304,0.35757652973437004
97.65,0.3233285789677168,0.0,0.29680338002872475,2.590185676392572
93.74,0.38077252900075287,0.0,0.38077252900075287,0.0
73.66,0.4322079081673592,0.0,0.299581913472399,9.76923076923077
46.38,0.45643011406391076,0.0,0.40337971618592666,0.38710571238523883
47.0,0.4815677248476764,0.0,0.4815677248476764,-2.2007645025538807
48.85,0.4797241985585527,0.0,0.45319899961956067,-0.7662994800992387
61.91,0.47667266567085814,0.0,0.3440466709758979,8.210875331564985
61.36,0.5016446550267197,0.028859323753121207,0.0,32.55172413793104
93.74,0.5829320320679039,0.2923995329188336,0.0,71.76988932910139
93.61,0.7493762261103385,0.23205613463236707,0.0,82.20442472034026
71.29,1.16090012435903,0.0,0.3120937583112847,60.51140583554377
47.32,1.5704847137995679,0.0,0.6421027509348464,41.754306157089495
47.32,1.8137911042529404,0.0,0.6466823509372905,53.34574056566905
48.62,1.2314646855161673,0.1213204603724269,0.0,65.77241379310345
47.98,1.4805101188632759,0.0,1.0295817369004112,21.63554376657825
44.0,1.2675255385557371,0.0,0.7900719576538804,17.974081242290794
44.0,1.0516782571467875,0.6989848728266874,0.0,77.0291777188329
44.0,1.3462064894897459,0.4840322373007051,0.0,80.53050397877985
45.5,1.7724435860468106,0.0,0.127881251829304,74.26874513640249
53.51,2.164984979547116,0.0,0.7591494357805377,75.2262599469496
49.86,2.399573903664498,0.0,1.1528895535318724,42.43374143668238
133.92,2.377102965507415,0.0,0.7855910291678925,213.13527851458886
93.74,2.4742844776225947,0.0,0.9623481381000487,141.72891246684347
93.74,2.9510866638953237,0.0,1.0677975392268886,176.53952254641905
69.52,3.5405054504296793,0.0,0.9940863522864434,177.02705570291775
67.13,3.754427013559787,0.0,1.4467347058674787,154.91538461538462
65.15,3.424094934377238,0.0,0.267596260637185,205.64588859416446
49.4,3.206041101790677,0.0,1.322751977122242,77.71701486354513
49.86,3.804019951856066,0.0,1.310651251590814,119.87625565233259
53.26,5.607786904504126,0.0,0.22317151988874073,286.78461538461545
53.0,8.06342917572046,0.39810928581800376,0.0,448.46153846153857
51.32,9.389236270682343,0.42508733674471344,0.0,503.67108753315654
50.89,9.630525374681357,0.21032343168469403,0.0,500.8007957559683
50.6,9.75580733165278,0.08504147471326995,0.0,497.9469496021222
50.03,9.785868565381469,0.054980240984582096,0.0,492.33766578249356
21.15,9.801271387156973,0.0,0.06652337654689333,205.88992042440316
14.38,9.734801238480777,0.0,0.1857296204436416,137.31564986737402
17.94,9.77893137105478,0.03539223637227629,0.0,176.0689655172414
0.0,9.85144648699766,0.0,0.09017327744858683,-1.8855232314499506
7.78,9.74494356848254,0.0,0.11629635362842804,74.910875331565
14.33,9.832053340925295,0.0,0.04425493243723366,140.25915119363393
18.56,9.96937566745863,0.0,0.28767805472653174,179.69230769230774
50.83,9.670301236395597,0.037921575275492,0.0,492.245615498854
35.81,9.753624522582383,0.03417388590567879,0.0,350.5010610079575
43.87,9.802454393434333,0.0,0.09423158176324442,425.89973474801064
46.93,9.82314918996375,0.0,0.24755237298762434,449.38275862068963
53.57,9.877370721585324,0.0,0.38134950142617363,508.70185676392566
53.96,9.877698111081308,0.0,0.249050896227196,519.5618037135279
53.96,9.895234601437904,0.0,0.2135369887058065,522.424403183024
43.94,9.873966434281293,0.0,0.11269322473222232,428.91034482758613
43.21,9.84580541447526,0.0,0.03148180704820369,424.0769230769231
43.81,9.846247368553076,0.0,0.16454975582097828,424.1551724137932
3.35,9.875101191406891,0.0,0.06077758397983501,30.310131161732613
6.7,9.90639665207332,0.0,0.11859824358525906,62.19701341225428
52.94,9.938945388238507,0.0,0.20419737762842693,515.3575596816976
52.94,9.943537715316369,0.0,0.2618401025842729,512.5490716180371
37.94,9.956391647261034,0.0,0.14206803983397798,372.35543766578246
51.81,9.959882860904974,0.0,0.11903405453892368,509.8543766578251
51.8,9.987295021829915,0.0,0.17297141440285912,508.3819628647215
51.8,9.959013691337596,0.0,0.46299247117844544,491.89389920424395
50.39,9.932586021189088,0.0,0.648766392541873,467.8116710875332
20.04,9.547286755585453,0.0,0.2634671269382382,186.0477453580902
7.24,9.51366140012275,0.0,0.2298417714755351,67.21485411140584
3.43,9.479870967419528,0.0,0.19605133877231207,31.84350132625995
10.04,9.616179732033132,0.0,0.3323601033859168,93.20954907161804
14.2,9.673501050189092,0.0,0.4957822172978446,130.32360742705572
25.41,9.377002904640149,0.0,0.22580927068789183,232.53183023872685
36.98,9.401587490023648,0.0,0.19734345819340815,340.37294429708226
43.89,9.4230269763322,0.0,0.27183334237994194,401.64588859416455
50.98,9.420104902950383,0.0,0.16281047324216225,471.93687002652507
47.07,9.418839166016996,0.0,0.26764553206473884,429.8821892815636
47.07,9.392655733706015,0.0,0.13536130399779367,435.3158143118129
45.8,9.366401414642834,0.0,0.16215738281259462,421.5543766578249
43.64,9.28745842869736,0.0,0.24236559050107273,394.72785145888594
43.49,9.180012986260635,0.0,0.5327981321492283,376.0673740053051
93.76,8.991742672053052,0.0,0.18537662430769508,825.6848806366047
47.58,8.800506920399705,0.13848512204061336,0.0,425.31724137931036
53.82,8.526632419260068,0.3593092253022654,0.0,478.24137931034477
55.94,8.141541163867334,0.6648248838780217,0.0,492.6281167108752
54.19,7.728515075299214,0.202519407459409,0.0,429.7827586206898
49.63,7.142634092949904,0.0,1.6253927136395587,266.4088988809761
48.09,6.295875192729237,0.0,2.3966709486974063,175.79301115636042
48.09,5.388007360656023,0.0,1.8601559017700815,162.97641697047038
54.0,4.861261051241269,0.0,1.5190859849282714,180.47745358090185
52.8,4.585371220157336,0.0,1.5614985411122437,159.66047745358088
52.5,3.013811638145868,0.0,1.0509469166604573,103.05039787798407
53.5,1.8857908447972587,0.0,0.6656316936036246,65.27851458885942
53.5,1.6367737522956975,0.0,0.17788781065113524,78.05039787798408
51.48,1.437962830813284,0.0,0.45653047007057834,50.52413793103448
51.44,0.9492795018077664,0.0,0.2330991304549812,36.84031830238727
53.0,0.6782501534829117,0.0,0.041645378947102685,33.740053050397876
59.0,0.5649210936718556,0.15125927768092956,0.0,41.94758557612204
90.0,0.42345457360662986,0.23967539986816944,0.0,55.51134565502579
90.0,0.28546719898137163,0.37766277449342767,0.0,56.34693531395497
81.79,0.20148100825332516,0.5942749599164361,0.0,65.08488063660478
71.45,0.11715857590671169,0.30724460711716095,0.0,30.323607427055702
71.56,0.11779863442981736,0.0,0.11779863442981736,-0.9942204745876584
76.39,0.07163439232112095,0.0,0.07163439232112095,0.0
75.0,0.08824611473733635,0.0,0.08824611473733635,0.0
76.06,0.16515676377260197,0.0,0.16515676377260197,0.0
75.4,0.3503162503927675,0.0,0.3503162503927675,0.0
76.78,0.5637589346435459,0.0,0.4841833378265698,6.109814323607424
83.45,0.8324059947142913,0.0,0.38147761275142666,37.62997347480105
85.15,1.096673108138367,0.0,0.11524074739566136,83.5689655172414
78.16,1.4143497960660965,0.0,0.008514252299518299,109.88010610079574
49.11,1.8967665734377002,0.3578753363766236,0.0,110.72546419098144
48.64,2.5963456066416795,0.5601530670983736,0.0,153.5320954907162
44.5,3.556898574462359,0.7932340515323341,0.0,193.58090185676383
42.97,4.7849158372207565,1.342405117686404,0.0,263.2909814323607
42.0,6.568535100453764,1.0707221939759437,0.0,320.8488063660477
46.58,7.252329145020209,0.4134533483484901,0.0,357.072148541114
42.52,7.459364649962359,0.0,0.2975609364345084,303.56174768388513
42.52,6.8646621721061925,0.005364353092747187,0.0,292.1135278514589
44.05,6.576947372021379,0.0543523627266298,0.0,292.1087533156498
44.05,6.595876792483619,0.751603313617176,0.0,323.65649867374
46.61,7.304668206134849,0.6528914755627646,0.0,370.90185676392576
60.53,7.92621647282221,0.4292211929602825,0.0,505.75464190981427
60.02,8.360943198040696,0.6576244412165995,0.0,541.2944297082229
51.22,8.766538619294515,0.1724534231458037,0.0,457.8551724137931
51.22,8.980205060781435,0.0,0.1473138140970835,450.8945185411267
49.69,9.059376995761012,0.0,0.04080935650371664,447.6873959152394
50.2,9.059216360878928,0.0,0.06717392056062366,451.28700657823146
46.3,9.087834618112726,0.0,0.2814685703673696,406.46813944395683
45.46,9.117532547776257,0.0,0.5233680915428358,390.69071618037134
42.2,9.001354409711979,0.0,1.3355719163432793,323.49602122015915
45.93,8.809385333797724,0.0,2.310711593744675,298.48408488063654
51.51,8.504385839626394,0.0,2.827993266682099,292.3909814323606
50.44,8.020500297197792,0.0,3.0337628966672883,251.53103448275857
49.64,7.276179013898205,0.0,3.05867238259847,209.35702917771889
48.93,6.370184120727281,0.0,2.179202688366538,205.06472148541116
48.34,5.440865134387586,0.0,1.3825096967218036,196.1809018567639
47.54,4.677274085085365,0.0,1.3881494166503532,156.36498673740044
45.03,4.244385910517137,0.0,0.9287360431431315,149.30371352785144
47.24,3.6916031893493244,0.6054790387673865,0.0,202.99416445623342
51.2,4.482624592766012,0.45106240988650814,0.0,250.2051225152128
51.2,5.5561775078823255,0.0,0.516389709473839,258.03713527851454
49.22,6.034016218852248,0.0,0.38414884484694056,278.0864721485412
42.03,6.283931732571306,0.0,0.2627115734201126,253.07188328912466
50.6,6.7418504528664105,0.0,3.2405241929194606,177.1671087533157
50.6,5.5043672982894165,0.0,0.04017631685705503,276.4880636604775
50.6,6.187562878092032,0.5233124534729567,0.0,337.36714634806725
50.6,6.595223628034654,0.7257312791271479,0.0,368.5679316022392
50.6,7.255609537111213,0.6754249456474096,0.0,400.84430161508965
53.3,7.648722229739226,0.6536650381652844,0.0,440.55624626481455
53.0,7.756180568059785,0.49315630196674043,0.0,435.893195222135
50.32,8.098096886342216,0.20429038156229495,0.0,417.77612732095497
46.66,8.42562797449202,0.9642924499111629,0.0,438.1336870026525
46.66,8.66394622906162,0.8055497921585388,0.0,441.8466843501326
46.66,8.82143095700182,0.7011154620963254,0.0,444.32201591511944
46.66,8.938227390343888,0.6638946255712296,0.0,448.03501326259936
50.76,8.968593845824508,0.6865785679685956,0.0,490.0965517241379
48.0,8.972066413847855,0.6831059999452478,0.0,463.44827586206895
46.5,8.970529001494338,0.6581182133597743,0.0,447.7320954907162
46.5,8.939535427850736,0.4769101954914383,0.0,437.8647214854111
46.5,8.813109872871772,0.7359617451653637,0.0,444.0318302387268
45.12,8.747259084987096,0.8018125330500396,0.0,430.85411140583557
44.4,8.741061424897218,0.7019093973839469,0.0,419.2679045092837
44.01,9.466797147021774,0.0,0.2890783141305253,403.91140583554386
44.02,9.31606588569272,0.0,0.03224625704550377,408.6737400530505
37.03,9.262406367966994,0.0,0.21731352977070728,334.9397877984085
26.54,9.053741632613718,0.0,0.8309299615261841,218.23342175066315
23.25,8.879166414663175,0.0,1.505161109623388,171.44562334217505
0.0,8.092858286731044,0.10342818541749654,0.0,0.0
40.06,8.770606844690585,0.645838778651589,0.0,377.2228116710875
43.36,9.182186732497277,0.1281580950889296,0.0,403.69655172413786
26.23,9.71679921060014,0.0,0.6982315713428456,236.55702917771885
43.36,9.88323551752782,0.0,1.5012726528063354,355.3050120361133
43.36,10.061107434283926,0.0,0.3263594236738463,420.1046176614059
43.7,10.159371729063619,0.0,0.3450481216365624,426.76389569649757
44.89,10.222086995947938,0.0,0.434288587459875,437.21151339147895
43.36,10.228019824280596,0.0,0.4667466147315231,420.44832667765866
43.36,10.28951573315544,0.0,0.47519212572838393,422.99728990287576
43.36,10.2938390306022,0.0,0.5060406221141367,421.4386013526747
45.0,10.296639072548443,0.0,0.5088406640603793,437.8202221487707
46.93,10.298990006144166,0.0,0.5111915976561026,457.6237755422203
46.93,10.304395842397373,0.0,0.4635470360313221,460.60727030763604
46.93,10.336116822666128,0.0,0.5217932152390716,459.6991584306453
40.01,10.341190764397162,0.0,0.500341958031111,393.7323607427056
40.22,10.341279220773488,0.0,0.500430414407438,395.7989389920425
3.04,10.316487377722337,0.0,0.4756385713562868,29.91618037135279
0.0,10.204241713014234,0.0,0.36339290664818513,0.0
0.0,9.802919604486789,0.0,0.015121195998725412,0.0
0.0,5.831372945882509,0.6407755952315499,0.0,0.0
0.0,5.7022388101128625,0.10677975752639401,0.0,0.0
0.0,5.882120583943042,0.006473580513191024,0.0,0.0
0.0,9.804559733007057,0.0,0.14938731921395387,0.0
1.59,9.749093037298753,0.0,0.06739542456665504,15.393899204244036
52.03,9.982643892225385,0.0,0.14179508585933398,512.0193633952257
55.09,9.988172849576692,0.0,0.17384924214963604,540.6710875331565
55.09,9.900874749566952,0.0,0.13960154001788183,537.7485411140583
54.26,9.869039311226569,0.0,0.05471570379951274,532.525198938992
54.07,9.891211306193965,0.0,0.15646329558388494,526.3578249336871
54.07,9.889668105820146,0.0,0.15492009521006622,526.357824933687
46.42,9.893137636171083,0.0,0.15838962556100356,451.3373906518232
43.87,9.87251275034406,0.0,0.13776473973397962,426.2299185500736
43.36,9.906920254044016,0.0,0.1721722434339359,420.94856315391434
43.87,9.910859149114312,0.0,0.20263633744322362,424.6210994587439
46.93,9.886646886422044,0.0,0.15189887581196437,456.2441286346832
48.0,9.887341005657268,0.0,0.12606779610819707,468.13139372100375
50.93,9.85856308703595,0.0,0.09728987748687956,497.14164456233414
50.52,9.860241341090656,0.0,0.09896813154158579,493.13952254641913
51.89,9.863370316183177,0.0,0.4734498917799943,487.24297082228117
51.0,9.837268252562577,0.0,0.9248014090612511,454.53580901856765
49.4,9.808789390964034,0.0,1.3207257304865792,419.3103448275862
49.4,9.819295718453407,0.0,0.5354760898061919,458.6206896551724
50.53,9.386753727251559,0.21536828866355862,0.0,482.42558927197757
50.53,9.601595969213637,0.10662684245745169,0.0,489.08184944255356
50.53,9.277745803153383,0.40395180957871446,0.0,483.7749494963276
50.0,8.579298242136696,0.5984205907545518,0.0,453.2847249150998
49.0,9.292570319963136,0.3095516959519813,0.0,469.052181325826
48.46,9.507803673240455,0.0,0.011782453081304212,460.1771883289124
50.91,9.706795077203726,0.0,0.2107738570445754,483.4424403183023
53.73,9.551982486772332,0.0,0.0029108687351957485,513.0716180371353
57.02,9.234846061797414,0.0,0.6937320034419783,487.01432360742695
52.06,8.666284863579834,0.007455189470563895,0.0,451.5549071618037
52.06,8.37620850813582,0.9341363194503866,0.0,484.6965517241379
59.0,8.94940977867069,0.46703584467148396,0.0,553.7021483985023
49.51,9.642790758366935,0.0,0.2793955329027433,462.349563312631
49.51,9.846809223180104,0.0,0.27121240620397735,473.0571912649129
50.53,9.918934515050603,0.0,0.23723690231850725,488.717982876484
50.53,9.938347984961823,0.0,0.25665037222972664,488.67721458967037
50.53,9.946437596460726,0.0,0.2647399837286297,488.32135922635007
50.53,9.948728019336315,0.0,0.21398000872623513,491.0473163414842
50.02,9.893084475127251,0.0,0.13181126557818068,487.69868806293726
50.02,9.81209775804651,0.0,0.1304001453144128,483.84819410932204
49.51,9.597212433057953,0.0,0.2868676054717465,460.09743827343254
48.48,9.135187773461748,0.519984640331355,0.0,468.0827586206896
48.48,8.44854919962368,1.2861988109864004,0.0,471.94058355437664
44.5,8.34892430891907,1.1205717123010892,0.0,421.3925729442971
44.5,8.907594262514351,0.0,1.135710973389684,340.19296571856705
46.09,9.218566495928524,0.0,1.0488052227189746,373.48178583188877
46.09,9.503886010366823,0.1247612044872888,0.0,443.78435013262606
46.09,9.71645553344405,0.0,0.22043431328489937,437.01692812667915
46.09,9.696357552680198,0.0,0.3860127250939911,427.94417454641354
46.09,9.692797008013772,0.0,0.30287658361058867,431.2761357401981
48.4,9.627159434160362,0.0,0.05156261718423494,463.2309791736902
62.99,9.4802454393098,0.0,0.8860809830763774,541.3464190981433
62.99,9.200095083741548,0.0,1.773039380823775,467.8302387267906
49.68,8.97006811107703,0.0,1.967415591183129,334.7297668833138
49.5,8.953278250092648,0.0,2.6668061015515345,295.0195263773828
49.0,8.991985184598306,0.0,2.2015342562163447,319.6990126939154
49.0,8.94513855683892,0.0,2.207738026334942,318.76277515907
48.14,8.950180305072825,0.0,0.32949064990041244,413.3459569374999
7.47,9.173270671036166,0.0,0.39342982222980005,47.45616493223436
0.0,9.395558186038718,0.047412636242448514,0.0,0.0
54.83,9.537125022737726,0.011946595299409779,0.0,523.5755968169761
49.17,9.67908560929378,0.029137202377308213,0.0,477.35331564986745
49.17,9.743821404930532,0.01745180461853835,0.0,479.9618037135278
49.17,9.811679339646105,0.0026442677809512816,0.0,482.57029177718834
51.35,9.821923927259123,0.01892487910692786,0.0,505.32758620689674
50.09,9.863637809989452,0.0,0.02278900362340153,492.92811671087554
46.4,9.89739635068477,0.0,0.05654754431872,456.61538461538476
43.21,9.906641637939986,0.0,0.06579283157393512,425.2230769230771
51.0,9.897983107929056,0.0,0.05713430156300525,501.8832891246686
51.0,9.787798408488063,0.0,0.0,499.17771883289123
51.8,9.556459698360005,0.20481351118906588,0.0,502.50849807389665
53.41,8.815810873705201,0.0,0.11554562171581219,464.68116710875324
53.74,8.623008902905738,0.15683194590062755,0.0,470.77003158002486
54.0,9.028584288851224,0.0,0.9649238113976422,435.4376657824934
55.46,8.976827559427003,0.3865676660371893,0.0,518.2424351526229
60.6,9.48230500835934,0.3054934001287215,0.0,591.1059975095192
62.65,9.617623156699771,0.11712485391030825,0.0,608.9180253170396
59.0,9.701204420964865,0.007018390706223343,0.0,572.7552475441857
61.1,9.704176454635338,0.0,0.04900404084223453,589.9310344827586
61.1,9.731628035446013,0.029645174103057666,0.0,596.2216923752604
59.0,9.754795434458629,0.0,0.020047423848549073,574.3501326259947
49.82,9.694537398848022,0.013685412823067013,0.0,483.6636604774537
49.82,9.509554052533984,0.06604276444214285,0.0,477.0562334217506
49.82,8.938170078389382,0.6109015396477542,0.0,475.73474801061013
65.74,7.893407749891151,0.0,0.43982684803438676,489.99840848806366
65.74,6.872603896698265,0.0,2.4694208728255864,289.4652519893898
63.17,6.389110131630767,0.0,0.9249191501984066,345.17294429708227
59.57,6.285857828747954,0.0,1.670473213363338,274.9384615384615
57.55,6.152766152598863,0.31938238851519607,0.0,371.03492779279566
49.3,6.714459867615466,1.5348770024110587,0.0,406.6923076923077
49.3,7.609412921029727,1.7539823044344651,0.0,461.61538461538464
49.3,7.769998346244157,1.115943298318176,0.0,438.076923076923
54.3,7.87370473239036,1.1183377079279442,0.0,484.7563241063902
53.79,7.537038896648792,0.0,0.13650839267001214,398.0745358090185
50.12,6.124596551194687,0.0,0.3686283814334157,288.4891246684349
50.15,4.23112449093879,0.0,1.6051297959785786,131.69363395225463
50.65,2.5577004257030613,0.0,0.8600876936075723,85.98408488063652
53.03,1.9490437505999272,1.207454923140126,0.0,167.38912466843502
55.94,2.081522417317893,0.0,0.43696008310038603,91.99681697612732
71.91,2.087257158788719,0.0,1.4771775831919023,43.870822281167094
75.02,2.5940796167663422,0.0,1.957474842230533,47.75809018567642
55.33,3.6807116399141817,0.0,1.4791201279778428,94.09534715713286
54.5,4.709492442251348,0.0,0.5715614077685895,216.36654324093521
54.5,5.417744230518483,2.0358366713382807,0.0,406.2201591511937
53.28,5.593195742996056,1.7808095620437312,0.0,392.88700265251987
53.28,5.233730581535455,1.5567203468465083,0.0,361.795225464191
65.83,4.598756814208576,1.130686156613704,0.0,377.1692307692307
80.38,3.9317799311703725,1.8241882385908983,0.0,437.34498873376924
80.38,3.366675611841326,0.983457014153367,0.0,336.8393810128935
73.24,2.9007336731418025,0.0,0.036012187730661394,209.81220159151198
73.7,2.647547850079801,0.0,0.5255319349604375,156.39257294429711
57.89,2.6887837460126303,0.0,0.540242631954275,122.97981667607661
52.5,2.945865882274551,0.0,0.6912239724602274,114.59461737561918
51.74,3.261154014802462,0.0,0.5821089219642652,135.94191315163232
51.74,3.475994790044598,0.0,0.2664457184265614,165.10286437918163
51.9,3.3991573901450396,0.0,0.13655792064901817,169.15684948682573
53.76,3.1642198284235485,0.0,0.5116999345243441,142.59946949602124
53.18,2.638559200411388,0.0,0.012564505451175906,139.65039787798406
53.41,2.0194244334086195,0.47394426685663393,0.0,133.17082228116718
48.81,1.9159113919857054,0.0,0.13872306307323856,86.23822315400018
48.29,1.6263533441271711,0.0,0.5122949886895054,51.76918982887443
48.2,1.1075519834469476,0.0,0.2587456173992023,39.93182095355835
46.0,0.8227024712393571,0.0,0.15957249776455606,29.591224092627584
48.4,0.8011976501623652,0.0,0.35026926819950055,20.301262370334822
51.38,0.797391359486479,0.0,0.2668873807066381,26.38457269479752
52.0,0.9956377135701712,0.0,0.4120833369123462,28.441002569671863
53.95,1.006266585898101,0.0,0.5022878060572522,24.09053940904055
48.5,0.9850270358322961,0.0,0.29537186341850297,30.925800148474952
48.2,0.9874154954067103,0.0,0.005983134664004686,47.262798857070536
47.27,0.8514085458129868,0.0,0.2943793680941539,24.237731923619798
45.5,0.6313436557183254,0.0,0.4191420642063891,6.159527598311815
46.75,0.46240613646386325,0.0,0.40935573858587915,-1.0649145953579549
49.32,0.4053909209123216,0.0,0.3523405230343375,-1.6468747053733068
107.17,0.4078579979434816,0.0,0.3813327990044896,2.842705570291777
52.4,0.4410651261825149,0.0,0.3880147283045308,-1.2244711472963914
49.84,0.5287568323324419,0.0,0.31655524082050557,8.1924663575765
47.78,0.5843401949873287,0.0,0.23951260878043215,14.839990950995167
46.3,0.5826343503476291,0.0,0.3704327588356928,7.120774547502091
45.0,0.633864425287717,0.0,0.2625116401418284,14.663284538458731
45.0,0.6589806140476921,0.0,0.3672034257187796,11.018553776918079
46.5,0.5201701131123995,0.0,0.3610189194784472,5.775945366325768
46.5,0.3890231588431177,0.0,0.2829223630871496,4.019847769881027
46.5,0.2947133590690631,0.0,0.241662961191079,1.6210231371574846
45.67,0.21732001171271484,0.0,0.13774441489573871,3.0226323044942207
45.67,0.16734474348024897,0.0,0.061243947724280795,4.528379692963292
46.18,0.1035561473787426,0.002544648377225567,0.0,4.8997347480106095
45.16,0.0989085426567743,0.0,0.07238334371778227,0.7758830902102094
47.21,0.08785903399011206,0.0,0.06133383505112003,0.9688923239736398
48.9,0.11934198272871928,0.0,0.09281678378972724,0.996355848637994
55.68,0.14282620193302437,0.0,0.08977580405504028,2.953846153846154
56.2,0.16740472168145162,0.0,0.11435432380346755,2.981432360742705
56.2,0.21886634268969424,0.0,0.1923411437507022,1.4907161803713525
56.2,0.26931325541510326,0.0,0.2427880564761112,1.4907161803713525
56.2,0.3473234092561121,0.0,0.3207982103171201,1.4907161803713507
49.5,0.3998285686101729,0.0,0.3202529717931968,2.4850435504992063
49.5,0.4805562748249401,0.0,0.2948798822519958,7.454138925896487
50.29,0.5890297803600048,0.0,0.27072739309210025,13.91470430710098
86.0,0.6992126035421372,0.0,0.46048581309120884,20.53050397877984
86.0,0.8113154883104223,0.0,0.4399627031645337,31.93633952254642
71.84,0.9535353636735548,0.0,0.6617581753446423,20.961273209549084
64.0,1.045862619294092,0.0,0.6479846352092115,25.46419098143236
57.37,1.142730953335854,0.0,0.47960097986105305,38.04376657824933
57.01,1.2145816245597252,0.0,0.3657752585119798,48.39045092838196
49.26,1.2667977557530024,0.2981889816475283,0.0,77.09124668435014
49.26,1.648571993577902,0.36734312578549333,0.0,99.30397877984086
47.21,1.8999057033889897,0.0364338191574296,0.0,91.41458885941645
47.21,1.8975209899708307,0.2775453230265166,0.0,102.68488063660477
47.21,2.545396810879569,0.47847586816552523,0.0,142.7570291777189
52.71,2.940389002827028,0.8261892465098417,0.0,198.53633952254643
55.05,3.4506562761422854,0.9790519466693874,0.0,243.85543766578257
67.5,4.706021631818703,0.386816564467769,0.0,342.9271863044418
92.0,5.151155192446334,2.3024257094104303,0.0,652.8277795833471
87.95,6.367212063483939,2.147376795932506,0.0,744.5633365938113
55.93,7.149220166416651,1.9223978707186262,0.0,507.37559681697604
260.0,7.7876098724853,0.6474033901141727,0.0,2075.437882122612
260.0,8.143456132822408,0.636384715983958,0.0,2165.0274482326226
260.0,8.221418101647537,0.0,1.3513915764485986,1786.2068965517237
90.0,7.954416700094591,0.0,1.2700665674685965,601.5915119363395
53.37,7.6666739242292,0.0,0.5844458075183239,368.07800260949904
52.34,7.462307901901316,0.0,0.008727000044552291,389.92572503218906
52.34,7.198856632531667,0.891329043860905,0.0,423.44031830238725
53.88,7.015623498749656,0.11965501583920181,0.0,384.4488063660477
56.0,6.728576403215711,0.22102571880020513,0.0,389.1777188328913
56.96,6.1547509832688085,0.6356999451131546,0.0,386.7840848806366
68.8,5.501732010588959,0.14813536341634848,0.0,388.7108753315651
61.6,4.82137563454212,0.11231136811039999,0.0,303.9151193633952
57.94,4.195226328504341,0.28753229218531384,0.0,259.73103448275856
51.5,3.7064502684905745,0.007077582968313401,0.0,191.2466843501327
50.32,2.5682460303012142,0.6678282402558153,0.0,162.83925729442973
50.32,2.301394124809356,0.0,0.12632781181200836,108.97813413196774
50.32,1.8946937994295412,0.0,0.35623226096800265,76.27544138028702
52.48,1.6883587255319783,0.0,0.7334515637282648,50.11352785145888
53.44,1.5057367655515876,0.0,1.1874343782836831,17.010079575596812
55.17,1.395447461243557,0.0,1.289346665487589,5.853580901856759
62.33,1.5431852484500164,0.0,0.9065804739142073,39.67957559681699
73.91,1.8129806411126672,0.0,0.14189310795616847,123.51007957559682
54.43,2.16731059309808,0.0,0.3370718663076291,90.9234397484674
53.92,1.9534744997244373,0.0,0.6802649506528193,53.2230498051357
53.92,2.041866316347307,0.0,0.9808583587876254,37.327550138992876
53.92,2.351349463933672,0.0,0.7598375275941491,73.5505459120575
53.92,2.8531317761386434,0.0,0.9433174525312167,95.28915109078304
54.43,3.5456226880015835,0.0,1.6623335633331489,95.15991270577037
105.0,4.34672802060108,0.0,1.0045529542880822,350.9283819628647
105.0,5.147540279342073,0.0,1.1422352395542754,420.55702917771873
99.0,6.003987510069344,0.0,0.8846241148438789,506.816976127321
81.0,6.917125360701297,0.0,0.1797248301973191,545.7294429708221
74.13,7.588943419926091,0.8460698426733817,0.0,625.2875331564989
53.92,7.909990999904522,1.1881522361697492,0.0,490.57188328912474
53.92,7.898781594888347,1.093260845429957,0.0,484.85092838196294
53.92,7.74576370660477,0.8749259485676424,0.0,464.8275862068965
55.23,7.50269631577086,1.3301949309134908,0.0,487.8405835543767
53.3,7.1507469517197855,0.5946111384658934,0.0,412.8275862068966
53.2,6.985816482510978,0.04336123632191313,0.0,373.9522546419098
52.62,6.580353455772171,0.0,0.34693170510904103,328.00265251989384
52.14,6.122368339665969,0.0,1.1621561380744556,258.62546419098146
51.19,5.660413737355705,0.0,1.0715543209100815,234.90371352785144
52.07,5.010990998156998,0.0,0.528232377467344,233.4172413793103
55.68,4.747235490626847,0.0,0.34405246675416834,245.16923076923075
62.43,4.505261116394078,0.24274949368549678,0.0,296.4183023872679
79.48,4.500362210271079,0.2741735987474909,0.0,379.480106100796
87.38,4.372325152983216,0.16348386558442307,0.0,396.33899204244034
83.1,3.8589188004303425,0.0,0.5963193309343211,270.525696584185
85.35,3.3414268940358456,0.0,1.723389758757331,138.0994694960212
85.96,2.887109617489054,0.0,1.5608496705394517,114.0053050397878
77.65,2.6496458357400208,0.0,1.21728509303445,111.22281167108757
76.4,2.4735273907860478,0.0,1.3859942342873743,83.08753315649867
83.53,2.4399443513938976,0.0,1.1136844044442953,110.78249336870027
82.83,2.6003500501529517,0.0,0.5579097318505644,169.17533156498675
292.69,2.818308804297973,0.0,0.32494010403272133,729.7840848806366
300.0,3.2041477349349896,0.0,0.4720522442188093,819.628647214854
300.0,3.7240027955459682,0.0,1.2571592942197083,740.0530503978779
292.69,3.9664676338079383,0.0,1.5791997292986544,698.7294429708222
55.0,3.823763568571495,0.0,0.8794664863433783,159.24517207433567
55.0,3.511600517855168,0.0,0.6468790324440272,155.9101401648805
56.83,3.1409708685504736,0.0,0.43540057677328525,153.75755968169761
54.96,2.829964687248475,0.0,0.38964638486120684,134.11989389920424
55.98,1.859393145040952,0.20957237220042568,0.0,115.82068965517232
55.8,1.5268722276977835,0.3564168969706496,0.0,105.08753315649857
55.57,1.4372813110071212,0.07465502851542477,0.0,84.01830238726788
55.33,1.2699958939392462,0.0,0.18246273744057073,60.1732095490717
55.8,1.0574690643123748,0.0,0.12908710144765156,51.803713527851556
60.05,0.9892136168262644,0.0,0.11388205183952692,52.56366047745358
75.98,1.0913766685782735,0.0,0.24257030253052825,64.49230769230769
155.0,1.200940486040078,0.0,0.37865931893132465,127.45358090185678
155.0,1.3034256596699967,0.0,0.5607200893782195,115.11936339522548
200.0,1.378961715332081,0.0,0.4505797524673595,185.6763925729443
135.0,1.3301400814905224,0.0,0.6139597101377372,96.68435013262601
135.0,1.1372908142638423,0.0,0.6333120344229936,68.03713527851457
61.0,0.8881737077627475,0.0,0.5433461215558509,2.0336688878125813
57.84,0.687406302238618,0.0,0.4486795117876896,-0.805534139243349
57.84,0.5665629180994447,0.0,0.43393692340448453,-5.286268999701413
57.33,0.55633902953929,0.0,0.42371303484432976,-5.51047015256993
59.0,0.5507406440078806,0.0,0.25896345567896806,7.889580072406197
106.82,0.5487663329048655,0.0,0.41614033820990537,14.167108753315645
100.29,0.5761698083482356,0.0,0.5496446094092435,2.660212201591513
73.38,0.600295807872063,0.0,0.600295807872063,0.0
60.35,0.5422576431765999,0.0,0.5157324442376078,1.600795755968175
59.75,0.48210735155663503,0.0,0.4025317547396589,4.754641909814321
58.45,0.3657594454154334,0.0,0.2596586496594653,6.201591511936339
57.19,0.22396997667818752,0.0,0.17091957880020345,3.0339522546419087
58.0,0.0,0.05305039787798408,0.0,3.0408488063660477
58.0,0.02022932493571661,0.13892186869823564,0.0,9.01821877166093
56.7,0.018116842054267,0.3001855452136375,0.0,17.82260619917996
55.52,0.1520502195650991,0.06015137194683723,0.0,11.776620250986959
55.28,0.07867156649115863,0.0,0.05214636755216659,1.4663129973474796
58.98,0.02658056887256155,0.052995027944414574,0.0,4.6933687002652515
69.39,0.025072642632509468,0.24017934675741098,0.0,18.405835543766578
56.35,0.05640925012312049,0.0,0.0033588522451364067,2.894905406768716
56.3,0.08439253242805816,0.3930610484737968,0.0,26.88063660477443
56.04,0.18063425600442096,1.066050094128205,0.0,69.86419098143236
107.15,0.3649065283876891,1.677533789914698,0.0,178.26793772806423
107.15,0.5871865446418509,1.2961025800265822,0.0,164.01303950044775
93.76,0.6588075813972619,0.8266035591862925,0.0,121.12820041697495
93.76,0.5944015273817689,1.0766860057747298,0.0,130.95913843079504
93.76,0.6861761268230497,1.2501633957233695,0.0,150.14708913338123
65.85,0.830663834436737,1.2383016828046407,0.0,135.90703785598745
65.08,1.0857133642844154,1.1424033465909142,0.0,145.00583554376647
70.87,1.564142688340886,0.4252472320835188,0.0,140.9880636604776
71.74,2.100421326014689,0.12769538486064078,0.0,159.84509283819617
57.28,2.744287730006143,0.5448369384288686,0.0,188.40106100795748
55.43,3.5739865532154136,0.6965704759623054,0.0,236.71697612732095
58.7,4.449147622204604,0.8558921655938061,0.0,307.6912635450896
58.7,5.128044467581202,0.1769953202172081,0.0,310.5013894574568
56.5,5.41300783339215,0.0,0.6649972233125752,268.26259946949597
56.5,4.152293055263668,0.0,0.836643187889663,187.33421750663126
56.4,3.2447193004956008,0.12398096475639031,0.0,189.3896678522011
56.0,2.34746033928564,0.4907359471865083,0.0,156.47549758756404
50.85,1.5291309074171844,0.32763301831225866,0.0,94.41644562334217
51.52,1.0939760123341102,0.0,0.1921192484083809,46.46366047745358
52.01,0.7802521958502927,0.04202897125846064,0.0,42.766843501326264
48.5,0.692797899334781,0.3682100582249008,0.0,51.45888594164457
48.5,0.7679433279773965,0.027812640192364735,0.0,38.59416445623342
49.0,0.7152078430041822,0.054022926226587054,0.0,37.69230769230769
49.95,0.7746469056949988,0.0,0.03194133540322164,36.89595458297188
52.0,0.8006102395114048,0.23387251910928497,0.0,53.79310344827587
59.18,1.0030521474805076,0.34973299840808614,0.0,80.05782493368699
59.22,1.4756971705852902,0.0,0.069861626818712,83.25358090185676
59.22,1.792248397815455,0.0,0.015060068902988276,105.24509283819629
56.5,1.6807843848370934,0.0,0.08927244849757088,89.92042440318302
54.1,1.4129056608669128,0.0,0.2457969075512647,63.14058355437656
58.0,1.2941475953255455,0.0,0.7371184176067126,32.30769230769231
58.0,1.4510234240734439,0.0,0.7613682516596507,40.00000000000001
56.2,1.7386694558793307,0.0,0.17368271847880012,87.65352036612629
52.01,2.1601811763436394,0.0,0.30341725061419633,95.62969830028432
51.7,3.0175311877740514,0.0,1.0546664662886405,100.0457597066432
49.0,3.9360607372481358,0.0,1.363116440165908,121.41241233166176
49.0,4.413458273950882,0.0,0.7795060193089718,175.78750290107138
50.14,4.718984230351292,0.0,0.4484272011735726,213.67730224179726
51.48,4.604300726616343,0.0,0.46636969213358487,213.0206896551724
40.46,5.360983846705801,0.0,0.3211960482973142,203.90981432360735
20.83,5.453260687962949,0.8597366595171572,0.0,131.4997347480106
20.06,6.197451443000062,0.0,0.12318088597088296,121.84986737400531
16.78,6.901863348597321,0.0,0.8541179905071363,101.48116710875331
26.58,6.637022631876445,0.0,0.4036008812133156,165.68435013262598
38.61,6.575971539049778,0.4532061797831127,0.0,271.3965517241379
51.46,6.626089745867273,0.3235123761486429,0.0,357.6265251989391
51.45,6.844687407143054,0.0,0.5316900596629477,324.80371352785147
55.55,7.112062018916215,0.0,1.0377914618870374,337.4257294429708
57.05,6.987623239571271,0.0,1.4438566613219344,316.2718832891246
57.05,6.70425359877273,0.16577292642621,0.0,391.2039546570599
55.58,6.348116095976166,0.0,0.7778243187878369,309.59681697612734
55.3,6.01731645374732,0.0,2.1711626075934736,212.69230769230768
55.3,5.736682791203905,0.0,1.5987517567211462,228.8275862068965
55.3,5.565373558301417,0.0,0.1011825768690553,302.16976127320953
53.49,5.528211020447558,0.0,0.46189802310008055,270.99708222811654
54.31,5.3835518913301,0.3989414773701654,0.0,314.0472148541114
51.95,5.294038882227947,0.14362690026542158,0.0,282.4867374005305
50.4,5.28201299257025,0.3678543814350572,0.0,284.75331564986743
50.4,4.912744812491644,0.9758493519645893,0.0,296.7851458885941
48.5,4.541616615277583,1.5061287428126011,0.0,293.3156498673739
48.5,4.279771713810655,0.441713697329928,0.0,228.99204244031827
48.5,3.992460796240635,0.0,0.67681092886663,158.75828145317337
51.02,2.9964377321837965,0.0,0.15824144571164836,144.80477453580903
50.51,2.903036048852192,0.0,1.0197469241837571,95.12493368700262
50.32,2.7534769854844927,0.0,0.5518854735481535,110.78408488063658
50.39,2.9377388412933105,0.0,0.3913197431500744,128.31405835543765
50.97,2.766389370497865,0.0,0.7504742511344696,102.75119363395225
53.57,2.5833996226766747,0.8383510404532988,0.0,183.3031830238727
55.14,2.9171238653789837,0.4250512009340137,0.0,184.28753315649868
64.04,2.576411062881867,0.0,1.4623527074442013,71.34429708222811
52.46,1.9304594503583745,0.0,0.8959766917376848,43.14093500585935
51.43,1.851898936047897,0.0,0.23386180076938223,80.69695827308776
51.43,1.7966322610118315,0.0,0.23164552361130086,78.87733151541075
50.5,1.664443142621091,0.0,0.2586075988545129,69.2361632880015
50.9,1.3198070141031317,0.0,0.15269826078748183,58.48506503121807
50.9,0.926166019322962,0.10831673929772767,0.0,52.6551724137931
52.0,0.6416553607440336,0.0,0.19072697878116893,22.424071986014084
58.0,0.5218912716657257,0.0,0.41579047590975754,6.15384615384615
59.67,0.5161899643186272,0.0,0.43661436750165106,4.748275862068965
61.38,0.5974182921431749,0.0,0.4913174963872066,6.512466843501333
59.64,0.7095767842327179,0.0,0.49737519272078157,12.655702917771876
56.44,1.0093027604934184,0.4495831811511439,0.0,82.33952254641909
55.17,1.76169577402216,1.3948028997178932,0.0,174.14403183023873
56.29,2.856320646203302,0.8572072052555857,0.0,207.74867195073742
56.09,3.8314718707027877,0.5717111531698906,0.0,245.59671192987912
55.55,4.427186922095046,1.3022560487272337,0.0,314.11636023373774
51.31,4.965445456225204,0.36611953051219576,0.0,273.562599469496
50.69,4.7166173709600585,0.40274602426540795,0.0,259.5005305039789
50.59,4.645655827042523,0.6593839607558873,0.0,268.38196286472163
52.8,4.741121357279982,0.9352712156643158,0.0,298.03003966326315
51.56,4.679178679249511,0.068831930830064,0.0,244.80742705570293
54.18,3.862806303957849,0.0,0.6797824312788042,172.45623342175065
56.58,2.855253253249403,0.0,0.4414601498011288,136.57241379310335
67.67,2.1703628942778614,0.747408989011263,0.0,197.44562334217505
51.5,2.625564937598218,0.0,0.13219623733296615,125.5927082084683
51.5,2.66164925062275,0.46832422417831143,0.0,161.19363395225466
52.43,2.713336390073468,0.0,0.007766098296279722,141.71364893345975
52.43,2.988820762171929,0.40640470201905377,0.0,178.01167108753324
55.1,3.233699230882734,0.0,0.07720055714268081,173.2336759477928
54.48,3.3143996161666163,0.31955263847529203,0.0,197.97771883289116
53.0,3.3648755654301716,1.1444082541984741,0.0,238.99204244031824
53.0,3.3354551324986605,0.0,0.5503092439044961,140.45871192473228
70.5,3.202914692679573,0.0,0.6564955945363371,179.52254641909815
71.96,3.2068544205717635,0.5597238287651063,0.0,270.75751166961095
72.82,3.5185843938536943,0.0,0.2825101232966649,235.65092838196284
68.14,3.861720714301889,2.318650638483259,0.0,421.13050397878
58.08,4.1824271265135415,2.634549000807412,0.0,395.929973474801
57.57,4.226757603162431,1.1843829803919452,0.0,309.3519425411082
56.0,3.7439299710446163,0.977555440095967,0.0,262.2818877188644
54.5,3.0656041283506354,0.8070749167422031,0.0,209.55984861241922
51.46,2.7378252799506333,0.0,0.7484353595262289,102.37400530503986
54.07,2.016386152339477,0.0,0.9819033937187869,55.93448275862071
54.58,1.4608588721439015,0.0,0.6385777050351482,44.88010610079576
54.58,1.5096972033069516,0.0,0.6343656383202141,47.775596816976126
54.7,1.738569112873595,0.0,0.3327335691070168,76.89920424403184
56.64,2.3027232373476156,0.0,0.6581609031301088,93.14801061007958
63.85,3.011768047512211,0.0,0.2266221589180466,177.8315649867374
94.0,3.611013247356619,0.0,0.1362121863486614,326.63129973474804
94.0,4.181868018119234,0.30089060257042144,0.0,413.6223506105621
53.8,4.534166781516233,0.39952022113628693,0.0,265.43236074270555
66.09,4.620012651667508,1.507308303239652,0.0,404.9546419098142
63.73,4.948414909073618,1.072805250077575,0.0,383.7323607427055
60.21,5.417550449300332,0.0,0.16556105937990928,316.2222811671087
57.84,6.002971181144719,0.0,1.254960571065144,274.6249336870026
56.97,6.926252478318906,0.12945043945297918,0.0,401.9633952254643
57.68,7.885048503462703,1.292670329428545,0.0,529.3708222811672
61.57,8.628089121212886,0.39047851804440903,0.0,555.2732095490717
68.2,9.139151697798379,0.01204193615387794,0.0,624.1114058355439
62.53,9.396937066699875,0.0,0.16616783593064532,577.1999999999999
59.73,9.539742465790384,0.0889047490637278,0.0,574.9528462624869
56.64,9.570777545919324,0.11092006681277412,0.0,548.1240010361536
56.1,9.466124949314706,0.24209786235638295,0.0,544.0817375871991
55.1,9.436820070858392,0.2183523429347112,0.0,531.3209242134731
53.0,9.38308699877753,0.1394594203206143,0.0,503.8386793714331
47.17,9.416619556186207,0.0,0.13279992753899172,437.91777188328916
45.47,9.166414537441419,0.0,0.20089729606210915,407.66206896551716
45.43,8.968495938470744,0.0,0.45390707905429883,386.8177718832891
46.82,8.827564145907328,0.0,1.8249116260134288,327.86419098143233
45.08,8.102531825418854,0.0,1.9486856715727,277.4153846153846
48.43,7.254295726621069,0.0,1.233075567469875,285.0477302887526
57.36,6.848830274718216,0.0,0.45625733042113303,366.6779840848807
69.07,6.334573115698791,0.0,0.07462616609667005,432.3745358090185
53.5,5.596621852720886,0.39807310749131636,0.0,320.7161803713528
53.5,4.533791147571405,0.4794714518980907,0.0,268.209549071618
