Forward price,Forward bid,Power sold,Power bought,hydrogen produced,Objective values
28.32,0.0,0.0,2.9708222811671092,10.0,267.8663129973474
10.07,0.0,0.0,0.9814323607427049,10.0,342.1169761273209
0.0,0.0,0.0,2.7851458885941653,10.0,351.99999999999994
0.0,0.0,0.0,4.323607427055704,10.0,351.99999999999994
0.0,0.0,0.0,4.482758620689655,10.0,351.99999999999994
0.0,0.0,0.0,4.482758620689655,10.0,351.99999999999994
0.0,0.0,0.0,4.482758620689655,10.0,351.99999999999994
0.0,0.0,0.0,4.429708222811671,10.0,351.99999999999994
0.0,0.0,0.0,0.21220159151193663,10.0,351.99999999999994
0.0,0.0,0.0,0.21220159151193663,10.0,351.99999999999994
0.0,0.0,0.0,0.7161803713527846,10.0,351.99999999999994
0.45,0.0,0.0,0.9549071618037139,10.0,351.5702917771883
0.12,0.0,0.0,1.3262599469496017,10.0,351.840848806366
0.0,0.0,0.0,1.3527851458885944,10.0,351.99999999999994
0.0,0.0,0.0,1.8832891246684351,10.0,351.99999999999994
0.0,0.0,0.0,1.3262599469496017,10.0,351.99999999999994
1.97,0.0,0.0,1.4058355437665782,10.0,349.2305039787798
54.28,9.686314001483465,0.0,3.1080646646134404,0.0,357.067374005305
54.28,9.723815927244036,0.0,0.0686435134509118,0.0,524.0827586206908
51.0,9.631171078003069,0.0,0.0,0.13010213154600336,495.76932000857585
0.0,0.0,0.0,0.2387267904509276,10.0,351.99999999999994
0.0,0.0,0.0,4.164456233421751,10.0,351.99999999999994
0.0,0.0,0.0,0.2917771883289113,10.0,351.99999999999994
43.0,6.032579280294263,0.0,0.4622875031059248,0.0,239.52254641909852
0.0,0.0,0.0,4.482758620689655,10.0,351.99999999999994
0.0,0.0,0.0,4.482758620689655,10.0,351.99999999999994
0.0,0.0,0.0,4.535809018567639,10.0,351.99999999999994
0.0,0.0,0.0,5.384615384615384,10.0,351.99999999999994
0.0,0.0,0.0,5.092838196286472,10.0,351.99999999999994
0.0,0.0,0.0,4.482758620689655,10.0,351.99999999999994
0.0,0.0,0.0,0.42440318302387325,10.0,351.99999999999994
37.43,9.462396696121388,0.1132001208547529,0.0,0.0,358.414588859417
45.44,9.255037878938822,0.32055893803731195,0.0,0.0,435.11511936339554
44.94,9.140677325927925,0.3818690931702238,0.0,0.0,427.94323607427077
44.99,9.217218342732165,0.19922728061001943,0.0,0.0,423.6458885941649
45.44,9.480152434327954,0.04239398477020197,0.0,0.0,432.70450928382013
44.44,9.611011485646527,0.0,0.03541466867039311,0.0,425.3447418687322
44.44,9.552554262417452,0.0,0.003482644380294886,0.0,424.3509216484188
45.0,9.310915346418302,0.21163107267984682,0.0,0.0,428.51458885941673
48.2,8.672897078027567,0.21304456653477288,0.0,0.0,428.3023872679048
47.82,7.874586306588526,0.0,0.28837941003679646,0.0,360.41058642490236
48.43,7.361463343144357,0.17169315552938264,0.0,0.0,364.8307692307692
49.0,6.7864766064851505,1.4893854624803802,0.0,0.0,405.517241379311
49.0,5.890703846175671,2.305582625972871,0.0,0.0,401.6180371352786
48.93,4.991067259193414,0.39354812542197615,0.0,0.0,263.46923076923105
48.93,4.523601947285879,0.0,0.4121961117420909,0.0,199.61298623077244
48.43,4.546434464031737,0.0,0.7002806178778691,0.0,183.7062037077988
46.1,4.893897724383013,0.0,0.4907147005103276,0.0,200.70000689615267
51.98,4.763176605412692,0.9927915643485807,0.0,0.0,290.1906059755493
51.98,5.273248065470309,1.702879255484608,0.0,0.0,351.1076343761606
51.98,5.435254599720524,0.34723876897974115,0.0,0.0,299.2996390228841
48.4,5.413421700833704,0.766949651951446,0.0,0.0,299.12997347480126
48.79,5.398600998639703,0.0,0.25271240447522914,0.0,251.06790450928472
45.92,5.068335162912874,0.0,0.08159776238234784,0.0,228.99098143236174
51.07,4.348317492197488,0.02834033273620662,0.0,0.0,223.5159151193638
51.0,4.0347720156358875,1.4028937668574888,0.0,0.0,277.3209549071622
51.0,3.9792314589224596,0.34437596813325666,0.0,0.0,220.50397877984153
50.47,3.8961494164706956,0.0,0.4743987533407008,0.0,168.16050388623376
49.5,3.6019186706326405,0.0,0.578045991587528,0.0,144.65847794583746
51.0,3.042170363665605,0.0,0.3366000718884088,0.0,134.45988212796536
62.0,2.567285249351446,0.0,0.2861181405981306,0.0,141.43236074270558
52.99,2.100352935008406,0.2338645716229008,0.0,0.0,123.69018567639293
50.97,1.6406339467714446,0.18960478001901393,0.0,0.0,93.28726790450966
50.47,1.2398057206958821,0.7495841997285349,0.0,0.0,100.40450928382032
50.6,0.8982936019593044,1.3298231089160346,0.0,0.0,112.74270557029217
51.48,0.6132284681288755,0.7660818766987187,0.0,0.0,71.00689655172455
65.67,0.4358275147630888,1.3148356152103933,0.0,0.0,114.96604774535857
61.51,0.3686046718384226,0.5067268931483149,0.0,0.0,53.841644562334224
57.6,0.4384995316458564,0.33073123758492795,0.0,0.0,44.30769230769318
54.44,0.5899584985770989,0.2588478674706529,0.0,0.0,46.20901856763961
48.0,0.874788509438158,0.0,0.6625869179262001,0.0,7.475695898255822
45.42,1.3767082064007639,0.0,0.28917504990208265,0.0,48.0771177406166
46.78,2.6438401397587654,0.0,0.15047143949351408,0.0,116.1748310503735
47.97,3.5633064490625443,0.8664017737491272,0.0,0.0,212.49310344827586
47.07,4.977107073760198,1.3093650747809242,0.0,0.0,295.9042440318306
48.29,7.121788144851558,1.7641534997107913,0.0,0.0,426.7205147913063
48.43,8.539045802002152,0.0,0.28970893197562836,0.0,399.5153846153845
46.91,8.872545171086175,0.0,0.22533031697476608,0.0,405.64084880636614
52.5,9.004808678205356,0.25248575150287617,0.0,0.0,485.5964057847325
53.99,9.031913515611913,0.0,0.039871075293591574,0.0,485.4803713527862
54.44,8.673240990899645,0.0,0.4239041208730985,0.0,449.09389920424513
48.79,8.60456453779472,0.22832670888963413,0.0,0.0,430.95676392572966
48.79,8.339739619970294,0.5196768256530631,0.0,0.0,432.25092838196355
48.29,7.7613571245199715,0.8593325306524418,0.0,0.0,416.2931034482758
46.78,7.153270543337122,0.804289138360496,0.0,0.0,372.2546419098146
45.78,6.757297165047126,0.0,1.9297109581505563,0.0,209.7759787752887
45.0,6.2569902393848125,0.0,3.3126931571566907,0.0,111.2590055628911
45.0,6.343287841906282,0.0,2.072730812728544,0.0,178.30849717584425
46.78,6.908056676499097,0.0,1.0725129099208477,0.0,266.7554373938904
46.78,7.522646601561147,0.9123666610383303,0.0,0.0,394.58992042440354
46.28,8.005627239211385,0.8007388085339784,0.0,0.0,407.5586206896554
46.28,8.061148632155389,0.3473394315050965,0.0,0.0,389.14482758620727
44.5,7.954297240000104,0.4011404257823996,0.0,0.0,371.8169761273214
44.27,7.9461663335621475,0.5949477247933004,0.0,0.0,378.1151193633957
43.96,7.80721597514571,1.2113516641116004,0.0,0.0,396.4562334217514
31.41,0.0,0.0,1.591511936339522,10.0,302.01061007957554
26.9,0.0,0.0,1.4058355437665782,10.0,314.183023872679
25.12,0.0,0.0,1.8302387267904514,10.0,306.0244031830238
24.12,0.0,0.0,3.0769230769230766,10.0,277.78461538461534
22.04,0.0,0.0,2.7851458885941653,10.0,290.6153846153845
18.37,0.0,0.0,2.838196286472149,10.0,299.86233421750654
22.09,0.0,0.0,2.8912466843501328,10.0,288.1323607427055
23.35,0.0,0.0,3.023872679045093,10.0,281.392572944297
45.6,5.341145971931912,0.2556710041954099,0.0,0.0,255.21485411140588
45.6,4.515947434051695,0.0,0.48411719532490416,0.0,181.72618439846534
46.11,3.5864263713919406,0.0,1.3317844615775982,0.0,97.80869424905084
46.11,3.446935609104994,0.0,1.0861929035346976,0.0,103.61839635880912
46.11,3.062735891058754,0.0,1.1794467663903134,0.0,81.04737791548534
51.36,2.492376549996809,0.0,0.7947638179012966,0.0,87.18938992042551
47.12,2.031553991369581,0.11698712268878181,0.0,0.0,101.23925729443003
47.12,1.596444068609662,0.49904664757072426,0.0,0.0,98.73952254641978
47.12,1.2943036592488877,0.721611460114508,0.0,0.0,94.98992042440321
48.0,1.1021817248302224,0.5689058083262906,0.0,0.0,80.21220159151262
50.0,0.9376185969590463,0.1764397584786188,0.0,6.661338147750939e-16,55.70291777188328
60.16,0.7993654458384434,0.0,0.0831850744856375,0.0,43.085411140584796
58.01,0.6887188278671648,0.0,0.18474004802630795,0.0,29.235809018568105
47.63,0.6307084330576309,0.0,0.2858808468507128,0.0,14.960427995159861
46.62,0.5735603206966022,0.0,0.44093432600163496,0.0,3.8548906313907416
45.1,0.48912754183691476,0.0,0.409551945019917,0.0,1.1192611879765018
44.59,0.35252443867439176,0.0,0.35252443867439176,0.0,-1.9811873453500795
43.76,0.10590593265088621,0.0,0.07938073371188636,0.0,0.6423865144320149
43.25,0.055306124115285016,0.0,0.028780925176270955,0.0,0.980861106593512
42.4,0.03313724081687219,0.0,0.03313724081687219,0.0,-0.2124097136361507
41.0,0.05028625016823085,0.0,0.05028625016823085,0.0,-0.3851926762886482
41.0,0.03179426930408091,0.0,0.03179426930408091,0.0,-0.21683691665383176
41.0,0.07673029925730113,0.0,0.07673029925730113,0.0,-0.5923579102663648
41.0,0.04127095888602028,0.0,0.04127095888602028,0.0,-0.34585063546485006
43.25,0.057128306106502436,0.0,0.057128306106502436,0.0,-0.3656211590816154
43.76,0.06394544664674484,0.0,0.06394544664674484,0.0,-0.42715558360025563
44.9,0.1415972070674556,0.0,0.1415972070674556,0.0,-1.2035762600733726
48.0,0.2502883184180398,0.0,0.22376311947902572,0.0,0.2998399793389126
97.65,0.3350040933842955,0.0,0.3084788944452814,0.0,2.5901856763947215
93.74,0.3913850210560419,0.0,0.3913850210560419,0.0,0.0
73.66,0.4418685687733106,0.0,0.30924257407835115,0.0,9.769230769230713
46.38,0.46564253344527806,0.0,0.41259213556727303,0.0,0.3397538767660926
47.0,0.49031496308538536,0.0,0.49031496308538536,0.0,-2.2407393813002123
48.85,0.4885055519583954,0.0,0.46198035301938134,0.0,-0.8062546380673474
61.91,0.4855104888589725,0.0,0.35288449416399104,0.0,8.210875331566303
61.36,0.5100203619593202,0.020483616820527573,0.0,0.0,32.55172413793146
93.74,0.5898034848634595,0.2855280801232789,0.0,0.0,72.01155832392114
93.61,0.7531675651589733,0.2282647955837459,0.0,0.0,82.3623719051071
71.29,1.1570760555920074,0.0,0.3082696895442556,0.0,60.51140583554424
47.32,1.5590811248713266,0.0,0.6306991620066059,0.0,41.79296432355618
47.32,1.7978850371081396,0.0,0.630776283792482,0.0,53.39202722106079
48.62,1.2263347924389851,0.12645035344961647,0.0,0.0,65.77241379310381
47.98,1.4707715443762481,0.0,1.0198431624133786,0.0,21.635543766578486
44.0,1.2617283255410108,0.0,0.7842747446391325,0.0,17.996342540268373
44.0,1.0498753809878938,0.7007877489855814,0.0,0.0,77.02917771883291
44.0,1.3389532552542924,0.491285471536159,0.0,0.0,80.53050397877986
45.5,1.757302670609226,0.0,0.11274033639172079,0.0,74.33491093686467
53.51,2.142579934835986,0.0,0.7367443910694007,0.0,75.22625994694998
49.86,2.372827700799995,0.0,1.126143350667365,0.0,42.891368967694305
133.92,2.350772595985264,0.0,0.7592606596457347,0.0,213.13527851458974
93.74,2.4461557268884437,0.0,0.9342193873658975,0.0,141.7289124668435
93.74,2.9141345055502974,0.0,1.0308453808818445,0.0,176.53952254642076
69.52,3.4926458710265518,0.0,0.9462267728832945,0.0,177.02705570291923
67.13,3.7026087334573035,0.0,1.3949164257649773,0.0,154.91538461538585
65.15,3.3783895762904024,0.0,0.22189090255034927,0.0,205.6458885941645
49.4,3.164370913636816,0.0,1.2810817889683754,0.0,78.19955564236717
49.86,3.751283935380288,0.0,1.2579152351150178,0.0,120.05503074818645
53.26,5.521671487689072,0.0,0.13705610307368765,0.0,286.78461538461534
53.0,7.93187115539133,0.5296673061471433,0.0,0.0,448.4615384615391
51.32,9.233143680779014,0.5811799266480495,0.0,0.0,503.6710875331569
50.89,9.469967637222204,0.37088116914385705,0.0,0.0,500.80079575596886
50.6,9.592931203455347,0.24791760291070197,0.0,0.0,497.94694960212206
50.03,9.622436142506473,0.21841266385958857,0.0,0.0,492.33766578249407
21.15,0.0,0.0,0.26525198938992034,10.0,346.3899204244031
14.38,0.0,0.0,0.4509283819628642,10.0,345.51564986737395
17.94,0.0,0.0,0.18567639257294388,10.0,348.6689655172413
0.0,0.0,0.0,0.2387267904509276,10.0,347.00822281167103
7.78,0.0,0.0,0.37135278514588776,10.0,349.11087533156496
14.33,0.0,0.0,0.21220159151193663,10.0,348.9591511936339
18.56,0.0,0.0,0.318302387267904,10.0,346.09230769230766
50.83,9.509007431336332,0.0,0.0,0.19921538033476527,490.3552291226095
35.81,9.59078878810528,0.197009620382799,0.0,0.0,350.5010610079581
43.87,9.63871504344011,0.06950776823098614,0.0,0.0,425.8997347480109
46.93,9.659026874810262,0.0,0.08343005783411428,0.0,449.3827586206906
53.57,9.712245016161077,0.0,0.21622379600191977,0.0,508.70185676392606
53.96,9.712566347188679,0.0,0.08391913233456627,0.0,519.561803713528
53.96,9.729778318054938,0.0,0.04808070532283715,0.0,522.4244031830242
43.94,9.708903726501296,0.05236948304778544,0.0,0.0,428.91034482758664
43.21,9.68126383718426,0.13305977024281118,0.0,0.0,424.0769230769237
43.81,9.681697612732096,0.0,0.0,0.0,424.15517241379314
3.35,0.0,0.0,0.0,9.814323607427056,345.46419098143235
6.7,0.0,0.0,0.0,9.787798408488063,344.5305039787798
52.94,9.772680219955182,0.0,0.03793220934508135,0.0,515.3575596816987
52.94,9.777187564256419,0.0,0.0954899515243035,0.0,512.5490716180382
37.94,9.789803629252871,0.024519978174199167,0.0,0.0,372.355437665783
51.81,9.793230236647252,0.04761856971880188,0.0,0.0,509.2696206216784
51.8,9.82013512500445,0.0,0.005811517577372527,0.0,508.3819628647226
51.8,9.79237715139659,0.0,0.2963559312374322,0.0,491.89389920424435
50.39,9.766438535435835,0.0,0.48261890678861263,0.0,467.81167108753357
20.04,0.0,0.0,0.7161803713527845,10.0,337.64774535809016
7.24,0.0,0.0,0.7161803713527846,10.0,346.8148541114058
3.43,0.0,0.0,0.7161803713527846,10.0,349.5435013262599
10.04,0.0,0.0,0.7161803713527846,10.0,344.809549071618
14.2,0.0,0.0,0.8222811671087538,10.0,340.32360742705566
25.41,0.0,0.0,0.8488063660477448,10.0,330.4318302387268
36.98,9.245266336061936,0.0,0.04102230423167619,0.0,340.372944297083
43.89,9.266309076440805,0.0,0.11511544248853056,0.0,401.64588859416534
50.98,9.263441077149373,0.0,0.006146647441127584,0.0,471.9368700265263
47.07,9.262198763164147,0.0,0.1110051292118861,0.0,430.38813778277853
47.07,9.236499865325914,0.020794564382317304,0.0,0.0,435.7408488063665
45.8,9.210731392522062,0.0,0.0064873606918087745,0.0,421.55437665782557
43.64,9.133249276855857,0.0,0.08815643865954925,0.0,394.72785145888685
43.49,9.027792153604414,0.0,0.38057729949298924,0.0,376.06737400530585
93.76,8.843005853881468,0.0,0.03663980613610641,0.0,825.6848806366053
47.58,8.655308993271808,0.28368304916851095,0.0,0.0,425.31724137931036
53.82,8.386502644979098,0.4994389995832498,0.0,0.0,478.24137931034556
55.94,8.008537651192409,0.7978283965529624,0.0,0.0,492.62811671087604
54.19,7.603154769048843,0.32787971370978414,0.0,0.0,429.78275862069
49.63,7.028115739332215,0.0,1.5108743600218641,0.0,266.931102573473
48.09,6.197026437825404,0.0,2.2978221937935572,0.0,176.27638156784099
48.09,5.305959048723737,0.0,1.7781075898377896,0.0,163.27097041030754
54.0,4.788960382103621,0.0,1.4467853157906188,0.0,180.47745358090214
52.8,4.518175998321386,0.0,1.494303319276277,0.0,159.66047745358173
52.5,2.9756987300578075,0.0,1.0128340085723782,0.0,103.05039787798503
53.5,1.8685523947964455,0.0,0.6483932436028106,0.0,65.27851458885948
53.5,1.6241434592464952,0.0,0.16525751760191199,0.0,78.0503978779852
51.48,1.4290116102352997,0.0,0.44757924949258765,0.0,50.524137931034815
51.44,0.9493715539508276,0.0,0.23319118259802174,0.0,36.84031830238834
53.0,0.683357707827156,0.0,0.0467529332913409,0.0,33.7400530503982
59.0,0.5721258458009668,0.1440545255518249,0.0,0.0,41.962211222944504
90.0,0.43327721803104424,0.22985275544377093,0.0,0.0,55.68225966801175
90.0,0.2978433527782798,0.3652866206965354,0.0,0.0,56.45621675198296
81.79,0.2154113587712505,0.5803446093985176,0.0,0.0,65.08488063660533
71.45,0.13264934542596407,0.2917538375979235,0.0,0.0,30.323607427056768
71.56,0.13327755942023423,0.0,0.13327755942023423,0.0,-1.124862601506777
76.39,0.08796760434481676,0.0,0.08796760434481676,0.0,0.0
75.0,0.10427192045666445,0.0,0.10427192045666445,0.0,0.0
76.06,0.17975930838786525,0.0,0.17975930838786525,0.0,0.0
75.4,0.36149234758285864,0.0,0.36149234758285864,0.0,0.0
76.78,0.5709851929718948,0.0,0.491409596154897,0.0,6.109814323609093
83.45,0.8346608360007064,0.0,0.38373245403782086,0.0,37.6299734748028
85.15,1.0940375849780146,0.0,0.1126052242352884,0.0,83.56896551724314
78.16,1.4058355437665782,0.0,0.0,0.0,109.88010610079574
49.11,1.8793250133622905,0.37531689645204125,0.0,0.0,110.72546419098182
48.64,2.5659580678277205,0.590540605912347,0.0,0.0,153.5320954907169
44.5,3.508735634001921,0.8413969919927902,0.0,0.0,193.58090185676463
42.97,4.714027965595026,1.4132929893121435,0.0,0.0,263.2909814323611
42.0,6.464640669220711,1.1746166252090124,0.0,0.0,320.8488063660484
46.58,7.135780842326827,0.5300016510418821,0.0,0.0,357.0721485411145
42.52,7.33898507572153,0.0,0.17718136219366976,0.0,303.949369912941
42.52,6.755287795660997,0.11473872953794739,0.0,0.0,292.1135278514591
44.05,6.472897268471563,0.15840246627646343,0.0,0.0,292.1087533156505
44.05,6.4914763927367956,0.8560037133640077,0.0,0.0,323.6564986737404
46.61,7.187151349010551,0.7704083326870728,0.0,0.0,370.9018567639262
60.53,7.797197626267692,0.5582400395148106,0.0,0.0,505.75464190981484
60.02,8.223879566444547,0.7946880728127561,0.0,0.0,541.2944297082233
51.22,8.621969288626802,0.3170227538135233,0.0,0.0,457.85517241379347
51.22,8.831681750538372,0.0,0.0,0.001209496145968103,452.40131352691355
49.69,8.909388578448858,0.10917906080844375,0.0,0.0,448.13262599469533
50.2,8.909230916176972,0.08281152414133075,0.0,0.0,451.4005305039788
46.3,8.937319581567534,0.0,0.13095353382217034,0.0,407.14545710841054
45.46,8.966467939634786,0.0,0.37230348340134256,0.0,390.69071618037236
42.2,8.852439722642863,0.0,1.1866572292741555,0.0,323.4960212201595
45.93,8.664023108219434,0.0,2.165349368166366,0.0,298.4840848806374
51.51,8.364667746847118,0.0,2.6882751739028166,0.0,292.39098143236095
50.44,7.8897366922559815,0.0,2.9029992917254717,0.0,251.53103448275888
49.64,7.159189360219792,0.0,2.941682728920039,0.0,209.35702917771977
48.93,6.269960250566577,0.0,2.0789788182058277,0.0,205.06472148541144
48.34,5.357838669048154,0.0,1.2994832313823537,0.0,196.1809018567648
47.54,4.608378165431299,0.0,1.3192534969962662,0.0,156.36498673740147
45.03,4.183500752818677,0.0,0.8678508854446498,0.0,149.30371352785244
47.24,3.640947488246354,0.6561347398703639,0.0,0.0,202.99416445623376
51.2,4.4173307367379735,0.5163562659145529,0.0,0.0,249.85775920114395
51.2,5.471017142776462,0.0,0.43122934436796356,0.0,258.0371352785151
49.22,5.940013264847827,0.0,0.29014589084251696,0.0,278.0864721485413
42.03,6.185303995985534,0.0,0.16408383683431893,0.0,253.07188328912557
50.6,6.63474875446138,0.0,3.1334224945144253,0.0,177.16710875331586
50.6,5.420165701013911,0.04402528041845599,0.0,0.0,276.20013832654104
50.6,6.090718484176541,0.620156847388451,0.0,0.0,336.9594314496833
50.6,6.490835315346859,0.83011959181496,0.0,0.0,368.2986097555055
50.6,7.13900052950209,0.7920339532565426,0.0,0.0,400.76384139983986
53.3,7.524838520746749,0.7775487471577698,0.0,0.0,440.1845951378375
53.0,7.630308301238742,0.6190285687877977,0.0,0.0,435.5558575470553
50.32,7.965897326711132,0.33648994119339204,0.0,0.0,417.77612732095565
46.66,8.287367326260293,1.1025530981428968,0.0,0.0,438.1336870026528
46.66,8.521275409983954,0.9482206112362062,0.0,0.0,441.8466843501326
46.66,8.675845822539053,0.8467005965590908,0.0,0.0,444.3220159151193
46.66,8.790480893017145,0.8116411228979907,0.0,0.0,448.0350132626002
50.76,8.820285405574436,0.8348870082186814,0.0,0.0,490.09655172413864
48.0,8.823693712392595,0.8314787014005085,0.0,0.0,463.44827586206895
46.5,8.822184750445246,0.8064624644088738,0.0,0.0,447.7320954907165
46.5,8.791764724787472,0.6246808985547203,0.0,0.0,437.8647214854119
46.5,8.667678723267208,0.8813928947699352,0.0,0.0,444.0318302387272
45.12,8.603046529507585,0.9460250885295505,0.0,0.0,430.8541114058355
44.4,8.596963559498375,0.8460072627828077,0.0,0.0,419.2679045092845
44.01,9.309269263308344,0.0,0.13155043041709114,0.0,403.91140583554403
44.02,9.161327341870544,0.12249228677667823,0.0,0.0,408.6737400530508
37.03,9.108660814132548,0.0,0.06356797593624108,0.0,334.93978779840927
26.54,0.0,0.0,1.777188328912466,10.0,304.8334217506631
23.25,0.0,0.0,2.6259946949602124,10.0,290.945623342175
0.0,0.0,0.0,1.8037135278514587,10.0,315.90769230769223
40.06,8.625962229949192,0.7904833933929929,0.0,0.0,377.2228116710879
43.36,9.029925673831947,0.2804191537542664,0.0,0.0,403.6965517241382
26.23,0.0,0.0,0.9814323607427049,10.0,326.2570291777188
43.36,9.718001281801815,0.0,1.3360384170803226,0.0,356.20058159374855
43.36,9.892581610412456,0.0,0.15783359980236966,0.0,421.1343104452609
43.7,9.989027486671015,0.0,0.17470387924395858,0.0,427.81151278721205
44.89,10.050582183450839,0.0,0.26278377496276845,0.0,438.0656073577149
43.36,10.056405222516226,0.0,0.2951320129671302,0.0,421.47801428824596
43.36,10.116763125974934,0.0,0.3024395185478728,0.0,423.92497140343534
43.36,10.121006419141734,0.0,0.3332080106536619,0.0,422.4496721297189
45.0,10.123754645236183,0.0,0.33595623674809616,0.0,438.7140346379762
46.93,10.126062073902654,0.0,0.33826366541458164,0.0,458.2048133945522
46.93,10.131367873079451,0.0,0.290519066713383,0.0,461.06406414663627
46.93,10.162501844423362,0.0,0.3481782369962847,0.0,459.9943038936591
40.01,10.167481890913612,0.0,0.32663308454754336,0.0,393.73236074270636
40.22,10.167568710370714,0.0,0.3267199040046602,0.0,395.7989389920427
3.04,0.0,0.0,0.15915119363395114,10.0,351.51618037135273
0.0,0.0,0.0,0.15915119363395114,10.0,351.99999999999994
0.0,0.0,0.0,0.21220159151193663,10.0,351.99999999999994
0.0,0.0,0.0,3.527851458885941,10.0,351.99999999999994
0.0,0.0,0.0,4.1909814323607435,10.0,351.99999999999994
0.0,0.0,0.0,4.111405835543767,10.0,351.99999999999994
0.0,0.0,0.0,0.3448275862068968,10.0,351.99999999999994
1.59,0.0,0.0,0.31830238726790405,10.0,351.493899204244
52.03,9.81557006633989,0.025278740026172045,0.0,0.0,511.9192595847225
55.09,9.820996708211572,0.0,0.006673100784494679,0.0,540.6710875331578
55.09,9.73531409307631,0.02595911647277839,0.0,0.0,537.6595013445577
54.26,9.704067781751354,0.11025582567571673,0.0,0.0,532.1304830830737
54.07,9.725829475434955,0.008918535175132192,0.0,0.0,526.3268776166296
54.07,9.724314832576843,0.010433178033244062,0.0,0.0,526.3181788571611
46.42,9.727720157935886,0.007027852674207583,0.0,0.0,451.88700265252055
43.87,9.707476943543723,0.02727106706636384,0.0,0.0,427.0633952254645
43.36,9.741247723170767,0.0,0.006499712560666282,0.0,422.0552556601487
43.87,9.74511372747474,0.0,0.03689091580365301,0.0,425.6669530692895
46.93,9.721349522004244,0.013398488605849586,0.0,0.0,456.85172413793174
48.0,9.722030796296387,0.03924241325268518,0.0,0.0,468.54111405835545
50.93,9.69378542411361,0.06748778543547118,0.0,0.0,497.1416445623347
50.52,9.695432621432367,0.06584058811672125,0.0,0.0,493.13952254642
51.89,9.698503693638868,0.0,0.3085832692356636,0.0,487.2429708222823
51.0,9.672884658732148,0.0,0.760417815230815,0.0,454.535809018568
49.4,9.644932809407063,0.0,1.1568691489296106,0.0,419.31034482758616
49.4,9.655244713270452,0.0,0.37142508462323676,0.0,458.62068965517244
50.53,9.230707077768036,0.37141493814709936,0.0,0.0,480.41882935962013
50.53,9.44157358151531,0.2666492301557781,0.0,0.0,486.86873982068573
50.53,9.123716387178481,0.5579812255536204,0.0,0.0,481.70017326314587
50.0,8.438193866572886,0.7395249663183652,0.0,0.0,451.9639879598227
49.0,9.138266570610131,0.46385544530500433,0.0,0.0,468.32849674136116
48.46,9.349516948007523,0.14650427215163475,0.0,0.0,460.1771883289128
50.91,9.544825939601937,0.0,0.04880471944277964,0.0,483.44244031830266
53.73,9.392878215624597,0.15619340241253887,0.0,0.0,513.0716180371353
57.02,9.081610522015371,0.0,0.5404964636599097,0.0,487.01432360742837
52.06,8.52357076717207,0.15016928587834327,0.0,0.0,451.5549071618045
52.06,8.238862386112501,1.0714824414737127,0.0,0.0,484.6965517241383
59.0,8.80145634695247,0.6149892763897216,0.0,0.0,553.1103346716304
49.51,9.482006045271184,0.0,0.11861081980698707,0.0,463.05862389738354
49.51,9.682249070023426,0.0,0.10665225304729198,0.0,473.68251984690863
50.53,9.753039655662391,0.0,0.07134204293028823,0.0,489.0663620811996
50.53,9.772093871855613,0.0,0.09039625912349791,0.0,489.02634822719443
50.53,9.780033781986269,0.0,0.09833616925415356,0.0,488.88380411927477
50.53,9.782281819706727,0.0,0.047533809096625745,0.0,491.7081077540148
50.02,9.727667980657591,0.03360522889149743,0.0,0.0,488.2588859416454
50.02,9.648179953885837,0.03351765884626447,0.0,0.0,484.2785145888597
49.51,9.437271164380036,0.0,0.12692633679380805,0.0,460.5756626667806
48.48,8.983796448587068,0.6713759652060498,0.0,0.0,468.0827586206903
48.48,8.309864385316168,1.4248836252939197,0.0,0.0,471.940583554377
44.5,8.21208309148293,1.2574129297372298,0.0,0.0,421.39257294429706
44.5,8.760414642985188,0.0,0.9885313538605001,0.0,340.9259202238233
46.09,9.065632215766348,0.0,0.8958709425567779,0.0,373.92835392996335
46.09,9.345671782990259,0.28297543186386787,0.0,0.0,443.78435013262674
46.09,9.554307625388665,0.0,0.058286405229493354,0.0,437.49850741360467
46.09,9.53458156547908,0.0,0.22423673789285203,0.0,428.43435578763393
46.09,9.531086910059418,0.0,0.14116648565621404,0.0,432.0798349270323
48.4,9.46666398472351,0.10893283225262357,0.0,0.0,463.45888594164484
62.99,9.322468689781692,0.0,0.7283042335482488,0.0,541.3464190981446
62.99,9.04750262415731,0.0,1.6204469212395196,0.0,467.83023872679166
49.68,8.82173238898215,0.0,1.8190798690882453,0.0,335.7221328641288
49.5,8.80525323082477,0.0,2.518781082283651,0.0,295.9165579941464
49.0,8.843243878638917,0.0,2.0527929502569564,0.0,320.5795612251949
49.0,8.7972641657214,0.0,2.0598636352174022,0.0,319.5243282733262
48.14,8.802212614467553,0.0,0.1815229592951333,0.0,414.08875474433876
7.47,0.0,0.0,0.0,8.779840848806366,309.05039787798404
0.0,0.0,0.0,0.0,9.442970822281167,332.392572944297
54.83,9.378295694669145,0.17077592336800512,0.0,0.0,523.5755968169768
49.17,9.517629246039697,0.1905935656313994,0.0,0.0,477.3533156498678
49.17,9.581167080911246,0.1801061286378421,0.0,0.0,479.9618037135287
49.17,9.647769278478657,0.1665543289484131,0.0,0.0,482.5702917771891
51.35,9.657824286062645,0.18302452030341604,0.0,0.0,505.32758620689725
50.09,9.698766237369508,0.14208256899654614,0.0,0.0,492.9281167108757
46.4,9.731900063301598,0.10894874306445601,0.0,0.0,456.6153846153849
43.21,9.740974262964766,0.09987454340128293,0.0,0.0,425.223076923077
51.0,9.732475962377688,0.0,0.0,0.10837284398836292,500.17099818965244
51.0,9.62433027312507,0.0,0.0,0.16346813536299365,496.59492229415594
51.8,9.397272574692009,0.3640006348570727,0.0,0.0,500.07930256672347
53.41,8.670329741042682,0.02993551094671433,0.0,0.0,464.24470735915054
53.74,8.481095644773832,0.2987452040325477,0.0,0.0,469.8121170876352
54.0,8.879165702408828,0.0,0.8155052249552259,0.0,435.4376657824945
55.46,8.828366751143903,0.535028474320292,0.0,0.0,517.8386217540931
60.6,9.32449014571483,0.4633082627732501,0.0,0.0,590.0549505243077
62.65,9.457304179740495,0.2774438308695989,0.0,0.0,607.5986001366656
59.0,9.539338740604315,0.16888407106678124,0.0,0.0,572.0656997458502
61.1,9.54225577565007,0.11291663814304087,0.0,0.0,589.2196596624578
61.1,9.569199354412874,0.192073855136215,0.0,0.0,595.1691545221667
59.0,9.591938031807475,0.1428099788026192,0.0,0.0,573.6974910228676
49.82,9.532795094292744,0.17542771737835144,0.0,0.0,483.66366047745396
49.82,9.351234935859853,0.22436188111628041,0.0,0.0,477.05623342175096
49.82,8.790424641642371,0.7586469763947719,0.0,0.0,475.7347480106104
65.74,7.764996041357277,0.0,0.3114151395004914,0.0,489.998408488065
65.74,6.7630825555888405,0.0,2.3598995317161577,0.0,289.46525198939014
63.17,6.288536028368249,0.0,0.8243450469358882,0.0,345.1729442970822
59.57,6.187194449012562,0.0,1.5718098336279276,0.0,274.93846153846266
57.55,6.05656568545508,0.415582855658986,0.0,0.0,370.60202569064904
49.3,6.607865042512043,1.6414718275144908,0.0,0.0,406.69230769230813
49.3,7.486256645894794,1.8771385795694018,0.0,0.0,461.6153846153848
49.3,7.6438703761299935,1.2420712684323552,0.0,0.0,438.0769230769238
54.3,7.745657635763854,1.2463848045544617,0.0,0.0,484.35425622298345
53.79,7.415221930636041,0.0,0.01469142665726331,0.0,398.0745358090184
50.12,6.02891737334567,0.0,0.272949203584389,0.0,288.4891246684354
50.15,4.170484740903733,0.0,1.544490045943503,0.0,131.69363395225554
50.65,2.5280280308071355,0.0,0.8304152987116378,0.0,85.98408488063696
53.03,1.9306347812799132,1.225863892460147,0.0,0.0,167.3891246684354
55.94,2.060661879381268,0.0,0.41609954516375325,0.0,91.99681697612776
71.91,2.06629049725829,0.0,1.4562109216614745,0.0,43.87082228116701
75.02,2.5637340109654616,0.0,1.9271292364296522,0.0,47.75809018567642
55.33,3.630257491117277,0.0,1.42866597918092,0.0,95.0408579055882
54.5,4.640000309521895,0.0,0.5020692750391298,0.0,217.47911228593424
54.5,5.335145626386575,2.1184352754701967,0.0,0.0,406.2201591511941
53.28,5.507350341229608,1.8666549638101815,0.0,0.0,392.88700265252
53.28,5.154537220663093,1.6359137077188768,0.0,0.0,361.79522546419133
65.83,4.531313886812903,1.1981290840093863,0.0,0.0,377.1692307692313
80.38,3.8766796672009747,1.879288502560307,0.0,0.0,436.5801970698747
80.38,3.3220328203744867,1.0280998056202244,0.0,0.0,336.25723901216713
73.24,2.864713316232752,8.169178396855164e-6,0.0,0.0,209.81220159151252
73.7,2.616212794082717,0.0,0.4941968789633471,0.0,156.39257294429757
57.89,2.6566856039213746,0.0,0.5081444898630126,0.0,123.06295086409338
52.5,2.9090103364988753,0.0,0.6543684266845293,0.0,114.79584865555564
51.74,3.2184639410228097,0.0,0.5394188481845923,0.0,136.13786059028212
51.74,3.4293290051923595,0.0,0.21977993357430314,0.0,165.27086120465074
51.9,3.3539135108934737,0.0,0.09131404139743182,0.0,169.21385677468382
53.76,3.123323558998141,0.0,0.47080366509893834,0.0,142.59946949602113
53.18,2.6073904828292243,0.0,0.0,0.01860421213097574,139.3158941438685
53.41,1.999713042517918,0.49365565774734166,0.0,0.0,133.1708222811675
48.81,1.8981155496889706,0.0,0.12092722077650442,0.0,86.30317797838323
48.29,1.613915884733915,0.0,0.49985752929624283,6.661338147750939e-16,51.8184421680721
48.2,1.10471514252011,0.0,0.2559087764723582,0.0,39.9425725806714
46.0,0.8251368799550889,0.0,0.16200690648026672,0.0,29.577299274774695
48.4,0.804030013852767,0.0,0.35310163188989563,0.0,20.288941588281926
51.38,0.8002941600479474,0.0,0.26979018126810717,0.0,26.375080536961484
52.0,0.9948718891970021,0.0,0.4113175125391709,0.0,28.44454067827625
53.95,1.005304070159637,0.0,0.5013252903187659,0.0,24.09647813114821
48.5,0.9844575661265438,0.0,0.2948023937127431,0.0,30.930663419762503
48.2,0.9868018263390539,0.0,0.005369465596327672,0.0,47.26713136068933
47.27,0.8533117375918771,0.0,0.29628255987303653,0.0,24.224200230072302
45.5,0.6373192328218842,0.0,0.42511764130992624,0.0,6.109691285269303
46.75,0.47150796725515143,0.0,0.4184575693771464,0.0,-1.143736450009353
49.32,0.4155478401686299,0.0,0.36249744229062486,0.0,-1.7697734283733517
107.17,0.41796926299165094,0.0,0.3914440640526369,0.0,2.842705570294136
52.4,0.4505618805667755,0.0,0.39751148268878467,0.0,-1.32247765254154
49.84,0.5366308180094066,0.0,0.3244292264974701,0.0,8.13317524542897
47.78,0.5911855891871429,0.0,0.24635800298023902,0.0,14.793236908610835
46.3,0.5895113118577662,0.0,0.37730972034580823,0.0,7.070572728479249
45.0,0.6397933545820926,0.0,0.26844056943618355,0.0,14.617038889963677
45.0,0.6644447586211886,0.0,0.37266757029225417,0.0,10.987134945621584
46.5,0.528202999326945,0.0,0.3690518056929923,0.0,5.739797378360336
46.5,0.3994829698238611,0.0,0.29338217406787237,0.0,3.986062580414252
46.5,0.306918409121824,0.0,0.2538680112438332,0.0,1.578305461973157
45.67,0.2309572553873913,0.0,0.15138165857039354,0.0,2.962082942579741
45.67,0.18190679869055337,0.0,0.07580600293456463,0.0,4.452948246974961
46.18,0.11929863506300187,0.0,0.013197839307027337,7.355227538141662e-16,4.834669400227284
45.16,0.1147370360516966,0.0,0.08821183711268255,0.0,0.6836029737189353
47.21,0.10389200278735622,0.0,0.07736680384835637,0.0,0.8948200081307762
48.9,0.13479234746601954,0.0,0.10826714852701969,0.0,0.9462966668895492
55.68,0.15784198217296108,0.0,0.10479158429495605,0.0,2.9538461538473193
56.2,0.18196566697210415,0.0,0.12891526909409912,0.0,2.9814323607438826
56.2,0.23247497091564995,0.0,0.20594977197665795,0.0,1.4907161803713507
56.2,0.2819883441429152,0.0,0.255463145203924,0.0,1.4907161803713045
56.2,0.3585548901210771,0.0,0.33202969118206305,0.0,1.4907161803725906
49.5,0.4100884213324978,0.0,0.3305128245155,0.0,2.4384638191410204
49.5,0.4893222303338476,0.0,0.3036458377608966,0.0,7.402507447949393
50.29,0.5957883919810882,0.0,0.27748600471316287,0.0,13.862460239271215
86.0,0.7039322396957353,0.0,0.4652054492448008,0.0,20.530503978780366
86.0,0.8139606175193315,0.0,0.4426078323734224,0.0,31.936339522548188
71.84,0.9535486594579865,0.0,0.6617714711290666,0.0,20.96127320954961
64.0,1.044167363747622,0.0,0.6462893796627203,0.0,25.464190981433717
57.37,1.1392431120579332,0.0,0.4761131385831324,0.0,38.04376657824931
57.01,1.2097641590108275,0.0,0.3609577929630756,0.0,48.390450928382336
49.26,1.261014010638604,0.3039727267619342,0.0,0.0,77.09124668435051
49.26,1.6357233695417168,0.3801917498216858,0.0,0.0,99.3039787798412
47.21,1.8824060525079993,0.053933470038426634,0.0,0.0,91.41458885941677
47.21,1.8800654691276826,0.29500084386967274,0.0,0.0,102.68488063660516
47.21,2.5159520991021367,0.5079205799429689,0.0,0.0,142.75702917771943
52.71,2.903634808809361,0.8629434405275096,0.0,0.0,198.53633952254646
55.05,3.404459390223085,1.025248832588599,0.0,0.0,243.8554376657832
67.5,4.636593727769547,0.4562444685169247,0.0,0.0,342.77652775265517
92.0,5.073489920868727,2.3800909809880517,0.0,0.0,651.7179428525044
87.95,6.267043192384178,2.2475456670322744,0.0,0.0,744.3629988516125
55.93,7.034579934979554,2.0370381021557336,0.0,0.0,507.37559681697667
260.0,7.661155994312933,0.7738572682865432,0.0,0.0,2052.4548897647846
260.0,8.010417182911372,0.7694236658950087,0.0,0.0,2140.4152424990825
260.0,8.08693643555588,0.0,1.2169099103569376,0.0,1786.2068965517253
90.0,7.8248759975018505,0.0,1.1405258648758512,0.0,601.5915119363399
53.37,7.542458012234405,0.0,0.460229895523522,0.0,370.18222015869134
52.34,7.341873861652765,0.11170704020400635,0.0,0.0,390.1204244031834
52.34,7.0832978592222675,1.006887817170313,0.0,0.0,423.4403183023877
53.88,6.903455524966189,0.23182298962268721,0.0,0.0,384.44880636604864
56.0,6.6217203461984235,0.32788177581749167,0.0,0.0,389.1777188328913
56.96,6.058513786071046,0.7319371423109298,0.0,0.0,386.78408488063735
68.8,5.417579180324643,0.23228819368066678,0.0,0.0,388.7108753315653
61.6,4.7498130603616655,0.1838739422908544,0.0,0.0,303.91511936339526
57.94,4.135250887754683,0.34750773293498594,0.0,0.0,259.7310344827594
51.5,3.6555198164848903,0.05800803497400156,0.0,0.0,191.2466843501329
50.32,2.538378484941319,0.697695785615718,0.0,0.0,162.8392572944301
50.32,2.276464776466339,0.0,0.10139846346898373,0.0,109.0711206012876
50.32,1.877290596833367,0.0,0.33882905837180743,0.0,76.3311316285959
52.48,1.674773832737717,0.0,0.7198666709339818,0.0,50.11352785146002
53.44,1.495531362277287,0.0,1.1772289750093652,0.0,17.01007957559775
55.17,1.3872830039108788,0.0,1.2811822081548936,0.0,5.853580901857711
62.33,1.5322868466146051,0.0,0.8956820720787757,0.0,39.679575596818246
73.91,1.7970895718996012,0.0,0.12600203874309604,0.0,123.5100795755973
54.43,2.1448625120148535,0.0,0.3146237852243807,0.0,91.5026002404164
53.92,1.9349835376898916,0.0,0.6617739886182523,0.0,53.64242482408083
53.92,2.021739629792229,0.0,0.9607316722325414,0.0,37.73551807546477
53.92,2.3254956728508276,0.0,0.7339837365112842,0.0,73.96782610013605
53.92,2.8179923106189406,0.0,0.9081779870115056,0.0,95.57553773476913
54.43,3.497668412151505,0.0,1.614379287483052,0.0,95.37187060502879
105.0,4.283948982842867,0.0,0.9417739165298631,0.0,350.92838196286544
105.0,5.069941903120057,0.0,1.0646368633322538,0.0,420.5570291777194
99.0,5.910540248855871,0.0,0.791176853630386,0.0,506.8169761273231
81.0,6.806780132798478,0.0,0.06937960229449125,0.0,545.7294429708229
74.13,7.466165940772024,0.9688473218274471,0.0,0.0,625.2875331564987
53.92,7.781272411959033,1.3168708241152456,0.0,0.0,490.57188328912514
53.92,7.770270441288547,1.2217719990297629,0.0,0.0,484.8509283819633
53.92,7.620084207806379,1.0006054473660488,0.0,0.0,464.8275862068973
55.23,7.381514872409263,1.4513763742751,0.0,0.0,487.84058355437736
53.3,7.036078466534169,0.709279623651508,0.0,0.0,412.82758620689657
53.2,6.874200099012768,0.1549776198201372,0.0,0.0,373.9522546419106
52.62,6.476240321334169,0.0,0.2428185706710409,0.0,328.0026525198938
52.14,6.026730395727214,0.0,1.066518194135698,0.0,258.6254641909817
51.19,5.5733244407832006,0.0,0.9844650243375703,0.0,234.90371352785178
52.07,4.935919518835952,0.0,0.45316089814629823,0.0,233.41724137931027
55.68,4.677044908288979,0.0,0.27386188441630127,0.0,245.16923076923067
62.43,4.439548362800942,0.30846224727863375,0.0,0.0,296.4183023872679
79.48,4.434740112817561,0.3397956962010058,0.0,0.0,379.4801061007957
87.38,4.309072430457654,0.22673658810999353,0.0,0.0,396.338992042441
83.1,3.8051668596734167,0.0,0.5425673901773749,0.0,270.5794485249437
85.35,3.2972513397907797,0.0,1.6792142045122471,0.0,138.09946949602275
85.96,2.8513413789632622,0.0,1.5250814320136428,0.0,114.00530503978928
77.65,2.6182719557123946,0.0,1.1859112130068237,0.0,111.22281167108757
76.4,2.4454126502346263,0.0,1.3578794937359542,0.0,83.08753315649857
83.53,2.412451077886672,0.0,1.0861911309370658,0.0,110.78249336870063
82.83,2.5698884075735915,0.0,0.5274480892711981,0.0,169.17533156498723
292.69,2.7838137512487204,0.0,0.2904450509834686,0.0,729.7840848806366
300.0,3.1625125842620925,0.0,0.4304170935459055,0.0,819.6286472148561
300.0,3.6727475272846775,0.0,1.2059040259584002,0.0,740.0530503978832
292.69,3.9107254605766553,0.0,1.5234575560673713,0.0,698.7294429708222
55.0,3.7706621888842875,0.0,0.8263651066561497,0.0,159.40766229617978
55.0,3.464275835332577,0.0,0.59955434992143,0.0,156.03081810531344
56.83,3.100504830058135,0.0,0.39493453828093905,0.0,153.75755968169804
54.96,2.7952539376078516,0.0,0.3549356352205759,0.0,134.11989389920467
55.98,1.8426431946142703,0.22632232262710983,0.0,0.0,115.82068965517246
55.8,1.5162757045777084,0.3670134200907338,0.0,0.0,105.08753315649906
55.57,1.4283427022149429,0.08359363730760987,0.0,0.0,84.01830238726825
55.33,1.2641529660492115,0.0,0.1766198095505305,0.0,60.17320954907201
55.8,1.0555590270424595,0.0,0.12717706417773147,0.0,51.803713527851826
60.05,0.988566672831027,0.0,0.11323510784428262,0.0,52.56366047745399
75.98,1.0888391580664987,0.0,0.24003279201875466,0.0,64.49230769230759
155.0,1.196375454999453,0.0,0.3740942878906779,0.0,127.45358090186014
155.0,1.2969641011237467,0.0,0.5542585308319481,0.0,115.11936339522879
200.0,1.3711023330601595,0.0,0.4427203701954384,0.0,185.6763925729442
135.0,1.3231841623066813,0.0,0.6070037909538755,0.0,96.6843501326288
135.0,1.133903644849168,0.0,0.6299248650082969,0.0,68.0371352785176
61.0,0.8893965460971653,0.0,0.5445689598902472,0.0,1.9909062312600625
57.84,0.6923444185329899,0.0,0.453617628082041,0.0,-0.9663685869491871
57.84,0.5737372876368492,0.0,0.4411112929418892,0.0,-5.500495674088327
57.33,0.5637025960618001,0.0,0.4310766013668186,0.0,-5.738372536439748
59.0,0.5582078108051558,0.0,0.2664306224762429,0.0,7.620687396036352
106.82,0.5562700350874934,0.0,0.42364404039253317,0.0,14.167108753315652
100.29,0.5831663986912936,0.0,0.5566411997522795,0.0,2.6602122015937226
73.38,0.606845937326419,0.0,0.606845937326419,0.0,0.0
60.35,0.5498817911628304,0.0,0.5233565922238164,0.0,1.6007957559694965
59.75,0.4908446037948089,0.0,0.4112690069778324,0.0,4.754641909814342
58.45,0.37664976034944075,0.0,0.2705489645934662,0.0,6.20159151193671
57.19,0.23748416019672902,0.0,0.184433762318724,0.0,3.0339522546431077
58.0,0.017658833970498833,0.0,0.0,0.035391563907492,2.2699954198326506
58.0,0.037513807477594696,0.12163738615637248,0.0,0.0,9.044664029950846
56.7,0.03544041690333444,0.2828619703645767,0.0,0.0,17.835598880317132
55.52,0.1668953058155349,0.04530628569640884,0.0,0.0,11.777807857887407
55.28,0.09487455290365077,0.0,0.06834935396465096,0.0,1.4663129973479094
58.98,0.0437475192056862,0.0,0.0,0.035828077611297374,3.84137701466904
69.39,0.04226749771994598,0.22298449166998147,0.0,0.0,18.405835543767065
56.35,0.07302420925162068,0.0,0.019973811373629875,0.0,2.4275266064845735
56.3,0.10048965016829392,0.3769639307335704,0.0,0.0,26.88063660477496
56.04,0.1949503836805686,1.0517339664520713,0.0,0.0,69.86419098143314
107.15,0.37581262687892547,1.6666276914234617,0.0,0.0,178.53175625056724
107.15,0.5939792660479402,1.2893098586205096,0.0,0.0,164.21104732943655
93.76,0.6642749280064226,0.8211362125771466,0.0,0.0,121.2482086750471
93.76,0.6010607327607662,1.0700268003957394,0.0,0.0,131.11822684729975
93.76,0.6911370079860344,1.245202514560392,0.0,0.0,150.2717064681959
65.85,0.8329509150683041,1.2360146021730896,0.0,0.0,135.90765536775905
65.08,1.0832806553940433,1.1448360554812957,0.0,0.0,145.00583554376703
70.87,1.5528564610299185,0.4365334593944914,0.0,0.0,140.98806366047793
71.74,2.079211056512996,0.1489056543623502,0.0,0.0,159.84509283819733
57.28,2.711162465370357,0.577962203064657,0.0,0.0,188.4010610079576
55.43,3.5255073931441494,0.745049636033585,0.0,0.0,236.7169761273218
58.7,4.384473270376304,0.9205665174221043,0.0,0.0,307.4105768581547
58.7,5.050806868844742,0.2542329189536795,0.0,0.0,310.106705327914
56.5,5.330496878108455,0.0,0.5824862680288732,0.0,268.26259946949637
56.5,4.093112111227276,0.0,0.7774622438532486,0.0,187.33421750663254
56.4,3.2023333574172597,0.16636690783474256,0.0,0.0,189.1828244499794
56.0,2.321678517948337,0.5165177685238174,0.0,0.0,156.3460728444511
50.85,1.5184925865612762,0.3382713391681734,0.0,0.0,94.41644562334251
51.52,1.0913903999676489,0.0,0.1895336360418991,0.0,46.46366047745463
52.01,0.7834721632185122,0.03880900389025578,0.0,0.0,42.766843501327024
48.5,0.6976362420538162,0.3633717155058722,0.0,0.0,51.458885941644894
48.5,0.7713910756738063,0.024364892495961854,0.0,0.0,38.594164456233756
49.0,0.7196314811072888,0.0,0.0,0.0495992881234807,37.007837516203665
49.95,0.7779706011107006,0.0,0.03526503081891619,0.0,36.874915590990895
52.0,0.8034534734615448,0.23102928515915283,0.0,0.0,53.79310344827628
59.18,1.002149116159723,0.35063602972887875,0.0,0.0,80.05782493368744
59.22,1.4660476615549438,0.0,0.060212117788344344,0.0,83.25358090185802
59.22,1.7767409867284751,0.0004473421839978897,0.0,0.0,105.24372397111362
56.5,1.6673396581269202,0.0,0.07582772178737684,0.0,89.9204244031842
54.1,1.4044181328439915,0.0,0.23730937952831965,0.0,63.140583554377855
58.0,1.287857730923971,0.0,0.7308285532051381,0.0,32.307692307692314
58.0,1.4418305122002195,0.0,0.7521753397864046,0.0,40.000000000001265
56.2,1.7241535436941433,0.0,0.15916680629359092,0.0,87.67848773508608
52.01,2.1378650278560727,0.0,0.2811011021266237,0.0,95.6988783605961
51.7,2.979349447991332,0.0,1.0164847265059151,0.0,100.097686872748
49.0,3.8808812553178846,0.0,1.30793695823564,0.0,121.60112615986411
49.0,4.349444367221356,0.0,0.7154921125794367,0.0,175.97442350872208
50.14,4.649316448436974,0.0,0.3787594192592323,0.0,213.74697002371272
51.48,4.536755206991984,0.0,0.39882417250921876,0.0,213.02068965517273
40.46,5.279435615279698,0.0,0.2396478168712015,0.0,203.90981432360778
20.83,0.0,0.0,3.687002652519894,10.0,275.19973474801054
20.06,0.0,0.0,3.925729442970823,10.0,273.24986737400525
16.78,0.0,0.0,3.952254641909814,10.0,285.68116710875324
26.58,0.0,0.0,3.7665782493368707,10.0,251.8843501326259
38.61,6.471939493663949,0.5572382251689483,0.0,0.0,271.39655172413813
51.46,6.521130243812392,0.4284718782035368,0.0,0.0,357.6265251989397
51.45,6.735682671396402,0.0,0.4226853239162889,0.0,324.80371352785187
55.55,6.998109413272162,0.0,0.9238388562429627,0.0,337.42572944297194
57.05,6.875973421339632,0.0,1.3322068430902967,0.0,316.27188328912456
57.05,6.597847644594772,0.27217888060418016,0.0,0.0,390.73470439913575
55.58,6.248300603090464,0.0,0.6780088259021113,0.0,309.59681697612865
55.3,5.9236225353110425,0.0,2.0774686891571914,0.0,212.69230769230793
55.3,5.648182106492728,0.0,1.510251072009952,0.0,228.82758620689748
55.3,5.480043016750071,0.0,0.015852035317688973,0.0,302.1697612732107
53.49,5.443568185934434,0.0,0.37725518858693263,0.0,270.99708222811785
54.31,5.301586029569168,0.48090733913111117,0.0,0.0,314.0472148541122
51.95,5.213729493085058,0.2239362894083179,0.0,0.0,282.4867374005309
50.4,5.201926147134978,0.44794122687033244,0.0,0.0,284.75331564986766
50.4,4.8394914165756155,1.0491027478806179,0.0,0.0,296.7851458885942
48.5,4.475231089212379,1.572514268877815,0.0,0.0,293.3156498673744
48.5,4.218231728229508,0.5032536829110761,0.0,0.0,228.99204244031833
48.5,3.936237609553789,0.0,0.6205877421797616,0.0,158.92863770883565
51.02,2.9586463348993988,0.0,0.12045004842724485,0.0,144.80477453580932
50.51,2.866973085596211,0.0,0.9836839609277686,0.0,95.124933687003
50.32,2.7201816701462125,0.0,0.518590158209852,0.0,110.78408488063766
50.39,2.901033689532831,0.0,0.35461459138959533,0.0,128.31405835543762
50.97,2.732855106514881,0.0,0.7169399871514788,0.0,102.75119363395262
53.57,2.5532516542689265,0.8684990088610616,0.0,0.0,183.30318302387346
55.14,2.8808002016666236,0.46137486464638044,0.0,0.0,184.28753315649905
64.04,2.546392420457636,0.0,1.4323340650199705,0.0,71.3442970822281
52.46,1.9123943906531125,0.0,0.877911632032415,0.0,43.36530304739921
51.43,1.8352876688373794,0.0,0.21725053355885748,0.0,80.87586162094549
51.43,1.781043724852431,0.0,0.2160569874518785,0.0,78.98567184171985
50.5,1.6513008168752812,0.0,0.24546527310868171,0.0,69.32553110307424
50.9,1.3130423123005315,0.0,0.1459335589848596,0.0,58.52585618308899
50.9,0.9266857953379812,0.10779696328270921,0.0,0.0,52.65517241379314
52.0,0.6474401157850593,0.0,0.1965117338221738,0.0,22.393007851444978
58.0,0.5298923071800932,0.0,0.42379151142410443,0.0,6.153846153847347
59.67,0.5242965047154957,0.0,0.44472090789851915,0.0,4.74827586206899
61.38,0.6040216711314326,0.0,0.4979208753754438,0.0,6.51246684350259
59.64,0.7141046272414474,0.0,0.5019030357295033,0.0,12.655702917772341
56.44,1.0082840591777842,0.4506018824667848,0.0,0.0,82.33952254641947
55.17,1.746753750974646,1.4097449227654146,0.0,0.0,174.14403183023916
56.29,2.8211221694181123,0.8924056820407795,0.0,0.0,207.69587423555987
56.09,3.7782278459236522,0.6249551779490332,0.0,0.0,245.46839383016177
55.55,4.362918961458032,1.3665240093642663,0.0,0.0,313.9113454393067
51.31,4.891216814653003,0.4403481720844056,0.0,0.0,273.56259946949643
50.69,4.646993388687955,0.4723700065375225,0.0,0.0,259.5005305039794
50.59,4.577345015399052,0.7276947723993692,0.0,0.0,268.38196286472214
52.8,4.671043919328319,1.0053486536159828,0.0,0.0,297.9039002749504
51.56,4.610247514348826,0.13776309573076345,0.0,0.0,244.80742705570364
54.18,3.8089824234548413,0.0,0.6259585507757759,0.0,172.45623342175176
56.58,2.820074528980843,0.0,0.4062814255325673,0.0,136.57241379310346
67.67,2.1478583291888214,0.769913554100317,0.0,0.0,197.44562334217602
51.5,2.5946366838408945,0.0,0.10126798357562095,0.0,126.25148001350085
51.5,2.630053242791849,0.4999202320092275,0.0,0.0,161.19363395225545
52.43,2.6807838918724656,0.024786399904737536,0.0,0.0,141.85305039787877
52.43,2.9511703198435058,0.44405514434748383,0.0,0.0,178.01167108753359
55.1,3.191517218425716,0.0,0.03501854468564147,0.0,173.61036131903532
54.48,3.270724212080502,0.3632280425614085,0.0,0.0,197.97771883289127
53.0,3.320266084513621,1.1890177351150353,0.0,0.0,238.9920424403188
53.0,3.2913900879947704,0.0,0.5062441994005837,0.0,141.03155750328432
70.5,3.1613023599272605,0.0,0.6148832617840103,0.0,179.52254641909911
71.96,3.1651691816414385,0.6014090676954391,0.0,0.0,270.73625219775704
72.82,3.4711304720230363,0.0,0.23505620146598538,0.0,235.65092838196443
68.14,3.8079169230524723,2.372454429732687,0.0,0.0,421.1305039787808
58.08,4.122688539913279,2.6942875874076764,0.0,0.0,395.92997347480105
57.57,4.166198664063126,1.2449419194912594,0.0,0.0,309.241119682557
56.0,3.6923059427461027,1.0291794683944961,0.0,0.0,262.1698635774575
54.5,3.0265327803363,0.8461462647565381,0.0,0.0,209.48717590511254
51.46,2.704819605435544,0.0,0.7154296850111201,0.0,102.37400530504084
54.07,1.9967309860070532,0.0,0.9622482273863564,0.0,55.93448275862108
54.58,1.4514839515260434,0.0,0.6292027844172683,0.0,44.880106100796944
54.58,1.499418510610667,0.0,0.6240869456239228,0.0,47.775596816976496
54.7,1.7240550575742741,0.0,0.31821951380767466,0.0,76.899204244033
56.64,2.2777692932665268,0.0,0.6332069590489979,0.0,93.14801061008083
63.85,2.9736929568538315,0.0,0.18854706825964485,0.0,177.83156498673884
94.0,3.561848894087218,0.0,0.08704783307923769,0.0,326.63129973475014
94.0,4.122139778034576,0.360618842655086,0.0,0.0,412.0825565811801
53.8,4.467919117486485,0.4657678851660414,0.0,0.0,265.4323607427059
66.09,4.552176376834659,1.5751445780725106,0.0,0.0,404.9546419098148
63.73,4.874501424318396,1.146718734832806,0.0,0.0,383.7323607427061
60.21,5.334955431164303,0.0,0.0829660412438713,0.0,316.2222811671092
57.84,5.909542727488399,0.0,1.1615321174088074,0.0,274.6249336870036
56.97,6.815738349598576,0.23996456817331346,0.0,0.0,401.9633952254646
57.68,7.7567914859950235,1.4209273468962302,0.0,0.0,529.3708222811675
61.57,8.486081851689743,0.5324857875675523,0.0,0.0,555.2732095490717
68.2,8.987687018981187,0.16350661497106778,0.0,0.0,624.1114058355439
62.53,9.240701970608137,0.0,0.009932739838882654,0.0,577.2000000000015
59.73,9.380864700932676,0.24778251392143602,0.0,0.0,574.655744842203
56.64,9.411325464982331,0.270372147749777,0.0,0.0,547.7684228956647
56.1,9.308609504878056,0.39961330679303964,0.0,0.0,543.7241775283283
55.1,9.279846924454452,0.37532548933866594,0.0,0.0,530.8327377281576
53.0,9.227108203512918,0.2954382155852251,0.0,0.0,502.8809695685083
47.17,9.260020228065896,0.023799400581326693,0.0,0.0,437.9177718832895
45.47,9.014445349304166,0.0,0.04892810792483537,0.0,407.66206896551813
45.43,8.820189310033864,0.0,0.3056004506173977,0.0,386.8177718832901
46.82,8.681865514427926,0.0,1.6792129945340264,0.0,327.8641909814324
45.08,7.970250195536564,0.0,1.8164040416904061,0.0,277.41538461538477
48.43,7.137711031579741,0.0,1.116490872428546,0.0,285.6679608663725
57.36,6.739748873615687,0.0,0.34717592931860614,0.0,366.67798408488056
69.07,6.235008240865383,0.0,0.0,0.0249387087367392,431.5298617441052
53.5,5.510713049477909,0.48398191073429886,0.0,0.0,320.7161803713531
53.5,4.467550434792097,0.5457121646774061,0.0,0.0,268.2095490716184
68.9,3.510447084644646,0.0,0.3008980130265897,0.0,221.1379310344841
68.8,2.9504611298734034,0.0,0.24489083809620737,0.0,186.14323607427107
267.8,2.4708019245184136,0.0,0.16310961682610525,0.0,618.0000000000002
267.8,2.017612787462525,0.34312991810777405,0.0,0.0,562.4931910897697
267.8,1.667985605955412,0.7458074974928783,0.0,0.0,494.8433353879745
267.8,1.3676896817134079,0.0,0.0,0.01162066311417842,366.67634410446976
93.78,1.1712854756184168,0.0,0.4816303032046234,0.0,64.67586206896554
66.68,1.1318917641304118,0.0,0.7870641779234937,0.0,22.99310344827731
65.37,1.295281267814861,0.0,0.8443528858519964,0.0,29.47718832891247
52.55,1.5380168907979197,0.0,0.2117569438483114,0.0,68.8436972979317
52.55,1.7377553384114872,0.0,0.49107098827885487,0.0,63.976210406157
52.92,2.0237692247776984,0.0,0.7770848746450518,0.0,64.91770037950239
52.62,2.2317696097796436,0.0,1.0381356575249843,0.0,62.809018567640166
51.46,2.4685895722834683,0.0,0.5057248507980576,0.0,101.00901856763923
48.66,1.7400486544587643,0.0,0.5729399011430925,0.0,55.27322119831139
48.66,1.8623752226946895,0.0,1.0666192545249107,0.0,36.79090456045134
48.66,1.7057952356273258,0.0,0.8039384717015761,0.0,42.78295442639581
48.66,2.3719251330751145,0.0,0.833463594613576,0.0,73.66135088529491
48.66,2.904969156900746,0.0,0.27897446194052655,0.0,127.20621446516678
48.66,3.8535197405737023,0.0,0.8296470615285898,0.0,143.90602102237366
50.0,4.391740003829382,0.0,1.1026153353943489,0.0,160.06782438688214
50.21,4.5674839209907,0.0,0.16430089711800022,0.0,220.2491710712888
52.28,5.03735849576649,1.036912061262687,0.0,0.0,317.5628647214854
52.28,5.843385463097106,2.0611238207225284,0.0,0.0,413.2477453580905
62.12,6.426975930151329,1.4510081547293159,0.0,0.0,480.340590548822
62.12,6.506678537336412,0.9469023645203585,0.0,0.0,457.7232614056737
56.05,6.158877473986029,0.8703002448468706,0.0,0.0,393.98541114058395
55.64,5.678983211454417,0.0,0.05564103638810548,0.0,312.8827586206896
55.66,5.413773941978267,0.0,0.3474609446307646,0.0,281.990981432362
55.59,5.229346563485256,0.0,1.5688691099043481,0.0,203.4859416445627
85.4,4.8634037921917415,0.0,1.17640113967183,0.0,314.87002652520044
73.0,4.495011205854725,0.0,0.7549581554568388,0.0,273.02387267904567
73.0,4.016793747962721,0.0,1.4703746498194796,0.0,185.8885941644566
61.0,3.483200878274678,0.0,1.759062947240178,0.0,105.1724137931045
56.94,3.02716505025791,0.0,1.939631893759218,0.0,61.92413793103552
54.5,2.728365625254412,0.0,1.8265088613286657,0.0,49.15119363395317
52.71,2.6391017119289444,0.0,2.135122932088077,0.0,26.56472148541212
49.19,2.75950802430787,0.0,1.990277255077082,0.0,34.395281887179095
52.5,0.9698933729470873,0.0,0.2802382005332933,0.0,36.206896551724185
52.5,0.8458247199534839,0.0,0.42142153692961093,0.0,22.28116710875333
52.5,0.8839196083809551,0.0,0.37994082854009825,0.0,26.45888594164498
52.3,1.0320789361676201,0.0,0.3954741616317907,0.0,33.29442970822388
52.23,1.1840070514475212,0.0,0.28215028752178384,0.0,47.103978779841256
52.23,1.6177920139248592,0.10634591710963023,0.0,0.0,89.71567103986494
52.23,2.2097590402132123,0.0,0.0,0.018357670662128463,116.061904677643
52.23,2.0079506807702856,0.0,0.36338834655275676,0.0,85.89549071618151
52.47,1.5816040019779596,0.0,0.016617264577407198,0.0,82.11485411140698
56.85,1.8047709877357825,0.0,0.2928346482132156,0.0,85.95358090185793
56.85,2.081980376354643,0.0,0.35784244532013965,0.0,98.01724137931153
56.85,2.143920944744881,0.0,0.7380854009782816,0.0,79.92175066313118
56.85,2.073901807836531,0.0,0.2436630810460727,0.0,104.04907161803756
55.0,2.1092792673792733,1.1533202021167543,0.0,0.0,176.1444750442276
53.26,2.271440302178293,1.0707347641347114,0.0,0.0,175.55226142196213
52.3,2.3519423720545483,0.1679515271496968,0.0,0.0,131.58051151944488
52.75,2.4333271425847407,0.0,0.603088415794268,0.0,96.54509283819743
57.92,2.430304109349578,0.0,0.9979433666439856,0.0,82.9623342175079
57.92,2.317019321937938,0.0,0.9642341760493363,0.0,78.3533156498678
54.72,2.1780131092415402,0.0,0.719127167596957,0.0,79.83023872679159
54.3,1.9384815075985422,0.0,0.4265451680759901,0.0,82.09814323607458
53.0,1.7536889927005461,0.20917572878487978,0.0,0.0,103.38338547949445
51.71,1.7254795746516116,0.05170875426086144,0.0,0.0,91.78206379097703
51.71,1.8081681041410338,0.0,0.906311340215284,0.0,46.635013262600516
50.5,1.4570646942485617,0.0,0.42258193562786417,0.0,52.24137931034522
51.63,1.5962336018121768,0.4462067164902168,0.0,0.0,103.63067023067251
51.63,1.7126313189333864,0.3563341983079997,0.0,0.0,105.20649573683752
51.63,2.2437852962877116,0.8596629795743707,0.0,0.0,156.02728251264062
51.63,3.111011593314256,0.0,0.1401893121471396,0.0,153.38355437665822
51.63,3.336912201694293,0.0,1.2679466844528964,0.0,106.82068965517333
51.63,3.5896219868075416,0.0,1.4410808727491808,0.0,110.92917771883317
51.5,3.360464136904575,0.0,0.20396546316451586,0.0,162.55968169761306
51.5,3.3210303608766623,0.0,0.8541868595503814,0.0,127.04244031830348
51.41,3.1919249808615486,0.0,1.1229594636201692,0.0,106.36551724137932
52.8,3.0702290316091325,0.0,1.4256666973916259,0.0,86.83289124668434
54.0,3.235664294791368,0.0,0.7688207934650872,0.0,133.20954907161916
54.0,3.371556290577802,0.0,0.453784407288671,0.0,157.55968169761306
54.0,3.546666511652951,0.0,0.7084702251807968,0.0,153.26259946949637
50.28,3.7363126801446533,0.0,0.6328644042825644,0.0,156.04137931034583
48.01,3.707065097094709,0.0,1.2667467947074353,0.0,113.90414243521491
48.01,3.3881743201569776,0.0,1.637511190183485,0.0,78.15429658536684
55.6,2.8343214518707427,0.0,2.012040284761971,0.0,45.718832891247715
59.0,2.288884750783014,0.0,1.8114311698811392,0.0,28.16976127321061
57.94,1.8552873415191318,0.0,1.6430857500071774,0.0,12.29496021220264
55.24,1.5591366552073076,0.0,1.3469350636953656,0.0,11.72201591511967
48.5,1.4294503533077823,0.0,1.0846227671008852,0.0,12.993035612207457
46.98,1.3034741783210784,0.0,0.9321213931751697,0.0,13.661740989863596
46.98,1.3125044251315696,0.0,0.7554752474127149,0.0,24.295652155648256
50.18,1.0570648972517755,0.0,0.0491073375700708,0.0,50.579310344827945
46.47,1.1888747571785245,0.0,0.10134160067984357,0.0,50.17486285205986
45.95,1.3913690440827562,0.0,0.330361086523068,0.0,47.4748182450234
45.95,1.6354968539820067,0.0,0.3357621059713969,0.0,58.36297514190336
46.98,1.857903930325941,0.0,0.47859358549833253,0.0,63.08663496391701
46.98,2.3818273271631725,0.0,0.6046389982506852,0.0,80.37841685131761
48.01,3.033779677962672,0.0,0.6199865745143747,0.0,112.38948261629167
49.56,4.438483353582807,0.6543548427036721,0.0,0.0,252.40106100795794
48.01,5.769394138060724,1.5780859680400718,0.0,0.0,352.7525198938992
48.01,7.067188781973842,1.7391772657715219,0.0,0.0,422.7936339522549
48.53,8.194404901696519,1.195515522706664,0.0,0.0,455.6928381962865
48.01,8.753421235593269,0.7425999845658888,0.0,0.0,455.90397877984117
47.5,9.046785982369213,0.3961848399119534,0.0,0.0,448.54111405835545
47.5,9.184811898565805,0.25815892371536187,0.0,0.0,448.5411140583554
48.1,9.351807797326249,0.276839417527878,0.0,0.0,463.13793103448353
48.1,9.490753953576165,0.2970444549119141,0.0,0.0,470.79310344827667
48.1,9.605137149101385,0.1826612593866948,0.0,0.0,470.79310344827667
49.5,9.693063034895188,0.0947353735928847,0.0,0.0,484.49602122015955
55.9,9.751979302923155,0.03581910556491685,0.0,0.0,547.0770385550228
48.1,9.811930444204352,0.0,0.02413203571626532,0.0,470.6758217546959
48.1,9.844649371167117,0.0,0.08337616161803753,0.0,469.1770666399091
48.01,9.877886528184977,0.0,0.14313851757489005,0.0,466.84279640024187
38.52,9.878567560509044,0.0,0.14381954989894297,0.0,374.9824933687011
32.51,0.0,0.0,0.2917771883289113,10.0,342.51432360742706
34.49,0.0,0.0,0.318302387267904,10.0,341.0217506631299
36.71,9.673906867384458,0.0,0.01873445359135495,0.0,354.44137931034487
38.42,9.617182662682303,0.03798975111080695,0.0,0.0,370.9517241379313
39.39,9.532496389642947,0.09615082521117918,0.0,0.0,379.2724137931041
39.82,9.455477611869851,0.0,0.03903198852766643,0.0,374.96286472148574
41.72,9.457433929262447,0.0,0.17361430061522398,0.0,387.3209549071621
47.47,9.43135661941998,0.0,0.014910996077794891,0.0,446.9403717453893
55.25,9.543412644278883,0.13828496845321334,0.0,0.0,534.9137931034484
55.07,9.570156376920387,0.1645916336897067,0.0,0.0,536.0925729442979
54.83,9.558476559545287,0.2293218489427763,0.0,0.0,536.6649867374005
54.55,9.580770906776111,0.12745190489498454,0.0,0.0,529.5835543766583
54.09,9.557589713385585,0.0,0.03504329428742281,0.0,515.0745358090197
53.49,9.528648241712759,0.1265241720803445,0.0,0.0,516.4551724137931
50.05,9.476748576727868,0.23147423494322084,0.0,0.0,485.8965517241379
50.05,9.394564532320487,0.28713308041162133,0.0,0.0,484.56896551724196
48.6,9.284048766063412,0.45069924454667487,0.0,0.0,473.10875331565023
49.53,9.219451328731902,0.46224628400019974,0.0,0.0,479.534482758621
49.53,9.118683924406316,0.45691289256981804,0.0,0.0,474.27931034482793
63.63,8.933462752620361,0.032054488758962676,0.0,0.0,570.2521217374289
50.7,8.578105981684205,0.0,0.6205462999865734,0.0,400.66202297513024
50.05,7.898903852366747,0.5095842112937383,0.0,0.0,420.84482758620726
49.0,7.168115043231472,0.9220706331611077,0.0,0.0,396.4190981432364
49.3,6.530383652683721,0.313117673576226,0.0,0.0,337.38461538461536
49.58,5.7767629488970735,1.5176667593257465,0.0,0.0,361.6578249336874
45.5,5.010727801240127,0.10863559398534406,0.0,0.0,232.93103448275892
45.5,4.172470120924066,0.0,0.5915682641601183,0.0,160.8427985102744
45.5,3.1330151677434674,0.0,1.2762512420140197,0.0,80.11797937300193
47.3,2.283218675262173,0.0,0.4529799484717145,0.0,85.78663646633261
49.65,2.2566306128778812,0.0,0.18766509563648093,0.0,102.72413793103551
51.17,2.516283244737547,0.056661052344679816,0.0,0.0,131.65755968169756
48.8,3.2416413931376606,1.2145920286130014,0.0,0.0,217.4641909814323
60.05,5.090758063201137,0.21428172459728512,0.0,0.0,318.56763925729524
63.88,6.030285289617867,0.0,0.6456699050024621,0.0,343.96923076923207
54.84,6.778284357062547,0.3039437596483294,0.0,0.0,388.38938992042443
53.73,7.25444128770521,0.46439160354148257,0.0,0.0,414.7328912466848
53.32,7.6638344101536955,0.3467756694219074,0.0,0.0,427.12572944297114
53.19,7.9577911936095385,0.0,0.3715842970578161,0.0,403.5103448275861
52.81,7.953763673673311,0.0,0.341031578182573,0.0,402.02838196286586
52.93,7.784291634691961,0.0,1.152991899943931,0.0,350.9946949602132
50.5,7.452525423037088,0.1602066724536364,0.0,0.0,384.44297082228155
50.5,7.019384893959509,0.5402968036532307,0.0,0.0,381.7639257294433
60.27,6.705865943070951,1.1721181418097015,0.0,0.0,474.806100795757
60.9,6.41041810741245,0.3535076220305271,0.0,0.0,411.92307692307736
57.06,5.907434883911312,0.0,1.1063738759537483,0.0,273.9485411140586
55.83,5.246769944710846,0.0,0.6844357272041925,0.0,254.71511936339647
51.63,4.559429920709041,0.0,1.3498808490910008,0.0,165.70901856763942
50.2,3.979830758723402,0.0,1.5129872573971248,0.0,123.83554376657911
45.9,3.535202292786906,0.0,0.9357327967656848,0.0,117.19153641871593
47.39,2.9701407321096376,0.0,0.7420240212342843,0.0,105.590450928383
46.32,2.5273561762661583,0.46999130383994925,0.0,0.0,138.8371352785149
48.47,2.6890288463785037,0.0,0.16913494717423738,0.0,122.13925729443078
48.47,2.9835876118959135,0.43816305123405996,0.0,0.0,164.7524653833123
49.5,3.766984713702037,0.0,0.29218365269407975,0.0,172.00265251989387
49.5,4.778412082044493,0.07569932379105992,0.0,0.0,240.23839394725064
50.34,5.013437863682072,0.0,1.3264352111621598,0.0,185.6037135278524
48.98,5.164824332378816,0.0,0.4698641201772179,0.0,227.93403683567047
47.43,6.468307005973854,0.0,0.26141045424969356,0.0,292.9265907999361
47.43,7.783419071527223,0.0,0.7807665516333167,0.0,328.5833212086364
51.47,9.080536050529165,0.0,0.43332119641775435,0.0,445.0721485411143
51.35,9.463576184082129,0.0,0.8163613299707253,0.0,444.0344827586206
51.09,9.599915568700302,0.08178204403180625,0.0,0.0,494.6379310344835
53.71,9.59833994386169,0.1629332656873821,0.0,0.0,523.8038482817304
53.71,9.5156953660865,0.29862824134056976,0.0,0.0,526.2284499484729
50.69,9.43222640692857,0.32904680262051056,0.0,0.0,494.79893899204296
50.76,9.479478255488077,0.2552697551220168,0.0,0.0,494.13580901856835
51.37,9.534989789494908,0.17323302217618064,0.0,0.0,498.7114058355438
51.4,9.62891126280593,0.18541234462113293,0.0,0.0,504.45623342175105
50.41,9.779038240410136,0.06181056595591805,0.0,0.0,496.07718832891277
49.72,9.811228260664738,0.029620545701323678,0.0,0.0,489.2870026525205
48.82,9.814147474649252,0.00017613277781158843,0.0,0.0,479.13527851458923
38.71,9.821652827378065,0.0,0.0603796178289695,0.0,377.8588859416455
33.68,0.0,0.0,0.21220159151193663,10.0,344.8530503978779
32.73,0.0,0.0,0.5039787798408497,10.0,335.5047745358089
33.24,0.0,0.0,0.5570291777188334,10.0,333.48435013262593
32.57,0.0,0.0,0.2387267904509276,10.0,344.22466843501326
31.16,0.0,0.0,0.18567639257294388,10.0,346.214323607427
35.71,9.610999280252635,0.0,0.035402463276486884,0.0,341.94456233421823
38.99,9.593203161293692,0.0,0.2563331347684876,0.0,364.04456233421774
49.96,9.420083511484675,0.0,0.16278908177644524,0.0,462.4944297082232
52.23,9.366287609693769,0.0,0.055942782107555544,0.0,486.2793103448279
47.9,9.256247294057449,0.0,0.21115445586114134,0.0,432.2252901158835
47.9,9.197751090569035,0.0,0.20570865025071328,0.0,429.72320302403415
46.24,9.281348111209132,0.40034950152296944,0.0,0.0,447.6816976127324
45.0,9.277943778893768,0.1385018444484239,0.0,0.0,423.7400530503986
43.8,9.273283787572554,0.2227374325866034,0.0,0.0,415.92572944297103
43.9,9.38178670251064,0.0,0.15101747174138502,0.0,404.33523562334386
44.18,9.49043659035463,0.0,0.020940569134463516,0.0,418.2423447563665
44.18,9.543191842581741,0.1915561680283454,0.0,0.0,430.0811671087537
44.18,9.600359323285383,0.24048948308067075,0.0,0.0,434.7687002652523
45.0,9.68665645138617,0.15419235497989098,0.0,0.0,442.83819628647274
47.26,9.719637061494456,0.12121174487159792,0.0,0.0,465.07851458885966
46.7,9.751131111940365,0.0897176944256888,0.0,0.0,459.5676392572948
39.08,9.812856217568903,0.027992588797150844,0.0,0.0,384.5803713527854
33.96,0.0,0.0,0.18567639257294388,10.0,345.69442970822274
27.56,0.0,0.0,0.15915119363395117,10.0,347.61379310344824
24.47,0.0,0.0,0.21220159151193663,10.0,346.8074270557029
0.02,0.0,0.0,0.2387267904509276,10.0,351.9952254641909
0.08,0.0,0.0,0.31830238726790405,10.0,351.9745358090185
0.0,0.0,0.0,3.1299734748010613,10.0,351.99999999999994
0.0,0.0,0.0,4.058355437665782,10.0,351.99999999999994
0.06,0.0,0.0,0.4509283819628642,10.0,351.97294429708217
0.09,0.0,0.0,0.2387267904509276,10.0,351.97851458885935
0.05,0.0,0.0,0.21220159151193663,10.0,351.98938992042434
6.37,0.0,0.0,0.21220159151193663,10.0,350.6482758620689
12.08,0.0,0.0,0.21220159151193663,10.0,349.43660477453574
11.18,0.0,0.0,0.2387267904509276,10.0,349.3310344827586
25.29,0.0,0.0,0.2387267904509276,10.0,345.962599469496
11.56,0.0,0.0,0.31830238726790405,10.0,348.320424403183
11.22,0.0,0.0,0.47745358090185697,10.0,346.6429708222811
11.07,0.0,0.0,0.37135278514588776,10.0,347.889124668435
4.92,0.0,0.0,0.2387267904509276,10.0,350.8254641909814
4.96,0.0,0.0,0.2387267904509276,10.0,350.81591511936335
11.61,0.0,0.0,0.3978779840848805,10.0,347.3806366047745
36.27,9.855420383272232,0.0,0.09414717372313675,0.0,354.0413793103457
36.17,9.855895949682852,0.0,0.09462274013377048,0.0,353.0652519893903
25.97,0.0,0.0,0.26525198938992034,10.0,345.11140583554374
16.96,0.0,0.0,0.21220159151193663,10.0,348.4010610079575
0.09,0.0,0.0,0.21220159151193663,10.0,351.98090185676386
49.6,9.828249831914158,0.0,0.040451423426072,0.0,485.4748010610091
49.6,9.79960171600097,0.0,0.011803307512897376,0.0,485.47480106100835
49.5,9.778279463605779,0.0,0.043531452995678066,0.0,481.8700265252
49.5,9.691111006482647,0.0,0.699068566164339,0.0,445.1061007957562
48.51,9.533597430509456,0.0,1.8412897382017572,0.0,373.1538461538465
12.45,0.0,0.0,2.73209549071618,10.0,317.9854111405835
0.0,0.0,0.0,3.7135278514588856,10.0,314.1591511936339
0.0,0.0,0.0,3.315649867374005,10.0,303.88992042440316
0.0,0.0,0.0,3.4217506631299734,10.0,328.01352785145883
10.98,0.0,0.0,0.5305039787798407,10.0,346.1750663129973
20.62,0.0,0.0,0.3978779840848805,10.0,343.7957559681697
43.5,8.079527338721809,0.0,0.14849285596316797,0.0,344.781715501735
45.67,7.644431115399208,0.0,0.32347620823739476,0.0,334.34801061008005
43.91,6.90325530867531,0.5768507921204604,0.0,0.0,328.45145888594226
43.91,6.381972231192123,0.0,0.2546512762849389,0.0,268.39875586268505
44.0,5.911040934735805,0.0,2.436239873727841,0.0,146.0210502404379
44.0,5.289541562954016,0.0,2.6900720669327782,0.0,106.5754488308294
44.0,4.949569160788968,0.0,2.6153516541576636,4.440892098500626e-16,94.75490126313814
44.0,5.555658732154065,0.0,4.308974382021436,0.0,36.71332925752543
44.0,6.704497419658524,0.0,6.120943043000694,0.0,-7.43790928968923
47.49,7.148940763886348,0.0,6.883688774496427,0.0,-2.822645878744652
44.42,5.956166278385116,0.0,4.019826755838679,0.0,65.67187820696904
42.6,4.844797655349696,0.0,0.7068666208669168,0.0,172.3598209893637
42.4,5.431343454559443,0.7225026992867252,0.0,0.0,260.92307692307753
42.4,6.59884358101294,0.0,0.15322023883785188,0.0,272.647840300328
30.58,0.0,0.0,4.562334217506631,10.0,212.48381962864715
31.57,0.0,0.0,3.5013262599469495,10.0,241.46312997347474
5.68,0.0,0.0,1.2201591511936343,10.0,345.0694960212201
0.0,0.0,0.0,3.4217506631299734,10.0,351.99999999999994
0.0,0.0,0.0,2.86472148541114,10.0,351.99999999999994
5.09,0.0,0.0,1.087533156498674,10.0,346.4644562334217
45.0,9.287018753661945,0.0,0.08277472183168477,0.0,414.06599160239585
44.5,9.464792642463332,0.0842789755738114,0.0,0.0,424.93368700265285
46.6,9.35950143879204,0.24262057712308777,0.0,0.0,447.458885941645
45.6,9.234550531210962,0.447147081521134,0.0,0.0,441.4854111405836
45.6,9.23277597274464,0.47544683892645545,0.0,0.0,442.694960212202
46.6,9.314118524669066,0.39410428700203703,0.0,0.0,452.40318302387345
45.95,9.423273810674186,0.33799939887490293,0.0,0.0,448.53050397878064
45.95,9.557928167003576,0.20334504254551267,0.0,0.0,448.53050397878064
47.71,9.610383683673339,0.1508895258757495,0.0,0.0,465.710344827587
45.95,9.496879271262184,0.29091913722589535,0.0,0.0,449.74933687002726
45.95,9.241581092180834,0.493166918429246,0.0,0.0,447.31167108753317
45.95,8.887465291346928,0.0,0.6911788191983792,0.0,375.4305358262046
46.47,8.623683497187702,0.0,2.3637365475855603,0.0,286.83410788616436
51.06,8.626985071689719,0.0,1.0407781751379908,0.0,387.3517241379312
45.44,8.765073336165946,0.0,0.11785848205453497,0.0,392.5416885648631
43.4,8.834855061030854,0.0,1.0099213740281847,0.0,334.99688055034727
43.4,8.908997543144913,0.0,0.5800850763013905,0.0,359.35168968174577
43.91,9.094257328085922,0.3487134941952609,0.0,0.0,414.6408488063667
41.87,9.234423473223117,0.3676985426920184,0.0,0.0,402.04084880636674
40.69,9.57536883676387,0.0,0.13239801448268018,0.0,384.2344827586216
38.01,9.248708450425477,0.008585979282754511,0.0,0.0,351.86976127320986
38.02,8.698869537782755,0.0,0.1312302804883032,0.0,325.7416445623351
38.02,8.189098716013357,0.4581161380980543,0.0,0.0,328.7671087533158
42.8,7.700262962100682,0.0,0.22015686130490586,0.0,320.0362611147937
46.31,6.67842480814892,0.05897572235506665,0.0,0.0,312.0090185676396
47.9,6.005143169646323,0.0,0.11654900519009195,0.0,282.0636604774535
57.57,5.230966127165566,0.0,0.4829555170859692,0.0,273.3429708222824
57.06,4.689592228756549,0.0,0.41903519957880775,0.0,243.6779840848819
57.33,4.203897426888565,0.0,0.3842687796736879,0.0,218.9793103448289
55.66,3.6256917706926224,0.0,1.026222274671385,0.0,144.68647214854207
87.09,3.1955098397232877,0.0,1.5244223065667715,0.0,145.53501326260104
44.84,2.85635673569001,0.0,0.7608660195096171,0.0,90.02051773246902
42.8,2.6059120133328797,0.31185986995625836,0.0,0.0,124.8806366047751
43.31,2.4426668251975805,1.058659434749384,0.0,0.0,151.64244031830304
43.0,2.3506912699777303,0.5405554143724096,0.0,0.0,124.32360742705602
44.33,2.420255425031545,0.2322644688676655,0.0,0.0,117.586206896552
45.35,2.836787583894523,0.0,1.0595992549820394,0.0,68.33592733603896
45.35,3.5825318731824076,0.0,1.7522931463919384,0.0,56.50665388650167
44.0,4.5614813984542195,0.0,2.015062300310966,0.0,100.49613333752134
40.76,5.77643501889539,0.0,1.4528275918396887,0.0,165.81346489329982
39.4,7.288722505021967,0.0,0.2595447861890552,0.0,274.88103017608995
38.9,8.474535888910516,0.0,0.7026525997858286,0.0,296.7331452526551
34.2,0.0,0.0,0.0,8.673740053050398,305.31564986737396
34.14,0.0,0.0,0.47745358090185697,10.0,335.69973474801054
33.0,0.0,0.0,0.0,9.628647214854112,338.9283819628647
32.71,0.0,0.0,0.0,9.442970822281167,332.392572944297
33.31,0.0,0.0,0.4509283819628642,10.0,336.9795755968169
32.71,0.0,0.0,0.0,9.549071618037136,336.12732095490713
30.62,0.0,0.0,0.0,9.549071618037136,336.12732095490713
38.8,9.541623912911561,0.06049810300355851,0.0,0.0,372.5623342175066
40.32,9.517933969846295,0.031137648190840764,0.0,0.0,385.01856763925736
39.3,9.398608152320804,0.09741306783835313,0.0,0.0,373.19363395225486
38.79,9.220215790466144,0.0,0.042496957574892136,0.0,355.6407895101621
38.79,9.016144503634282,0.0,0.28935405270587644,0.0,336.1481789809058
37.6,8.897427638130925,0.12114000112637774,0.0,0.0,339.0981432360746
37.6,8.840588098144467,0.0,0.034222050399110415,0.0,330.82710708481704
36.0,8.821520625482885,0.0,0.7578601480292821,0.0,282.5994966858325
37.0,8.880911449118004,0.0,1.3212297515052676,0.0,267.42078612267227
39.0,8.854951050148024,0.26971738486524544,0.0,0.0,355.8620689655175
40.32,8.797910848199656,0.6450599740815193,0.0,0.0,380.740583554377
88.86,8.60326844298336,0.49487479309092586,0.0,0.0,788.5274512918585
95.98,8.356139330827915,0.39717631903947415,0.0,0.0,823.2791295678559
40.0,8.141305763141562,1.0098878708107066,0.0,0.0,366.0477453580907
39.7,8.003967668854951,0.13926840541560637,0.0,0.0,323.2864721485412
40.32,7.963856158545705,0.0,1.5712832142486057,0.0,248.16371350714255
40.32,7.9032333285481675,0.0,1.2984587927391475,0.0,258.9682171048435
41.85,7.664936620343563,0.0,0.7418596972666194,0.0,288.4176775666082
40.94,7.826333929335745,0.0,0.21360183384502207,0.0,311.49223450397574
39.15,7.104692301164924,0.0,0.5794933621728742,0.0,255.46153846153874
39.5,6.502532378682919,0.0,1.1709673919454993,0.0,210.18697838894718
39.5,5.535730993094394,0.6446403596907511,0.0,0.0,244.12466843501323
39.41,4.746009087929689,0.5590306998687249,0.0,0.0,209.0716180371355
39.41,4.978568706474178,0.9365506569210478,0.0,0.0,233.11485411140583
40.94,4.116568155729755,0.0,0.8539686862337135,0.0,124.72370669178667
40.94,3.302416322957626,0.17238473805034005,0.0,0.0,142.25835543766613
40.94,3.2171696492685324,0.0,0.8299017447592281,0.0,78.87108135223366
40.94,2.98588798073002,0.0,0.38641848470879303,0.0,100.22026448753289
53.01,2.6249910411474744,0.0,1.0600043037469256,0.0,82.9599469496031
52.71,2.273916659505103,0.0,1.0272323093724598,0.0,65.71273209549162
48.1,2.079913285993463,0.0,1.0984809252507404,0.0,47.20689655172496
38.89,1.9973914085306301,0.0,1.2812110371778453,0.0,20.472479067765413
39.5,1.9998009032147817,0.0,1.6019229191298967,0.0,6.601238961503853
74.12,2.1366330415141466,0.0,2.004007046819181,0.0,9.830238726790839
80.41,2.456316462550367,0.0,2.0849636774044797,0.0,29.860477453580813
107.21,2.8014479446019003,0.0,2.191368369005078,0.0,65.40663129973532
113.91,3.1757173597130652,0.0,1.7433566170074766,0.0,163.16021220159362
42.0,3.4702759095576106,0.0,0.8973316124753634,0.0,91.13998626616903
42.0,3.5777249429748057,0.0,0.7395286565026566,0.0,117.00044863545234
42.0,3.473128863962664,0.0,0.3166301902226048,0.0,131.84469485957052
43.84,3.2881848958932114,0.0,1.5109965669807384,0.0,77.91193633952284
42.76,3.0771871749081363,0.0,1.5122004375075875,0.0,66.91883289124748
39.5,2.3908418994216127,0.0,0.6136535705091397,0.0,68.23524756641343
38.94,2.404198640998054,0.0,0.4413339195126209,0.0,75.44536427493448
38.94,2.3947511193941544,0.0,0.6175627904816672,0.0,68.3329499932731
38.59,2.0156082990120634,0.0,1.166801932964314,0.0,31.58863573281834
38.94,1.2363037748637176,0.0,0.8384257907788304,0.0,13.682368992183228
40.2,0.7614562331881434,0.0,0.6553554374321688,0.0,1.9911686215005524
46.41,0.4352563322866736,0.0,0.4352563322866736,0.0,0.0
82.9,0.32028105493685466,0.0,0.2672306570588711,0.0,4.397877984084836
68.45,0.43180263992366896,0.0,0.24612624735070376,0.0,12.70954907161947
56.8,0.5109573240504943,0.0,0.2722305335995454,0.0,13.559681697613897
80.41,0.5968194017249342,0.0,0.3315674123350069,0.0,21.32891246684405
40.5,0.6827016052867663,0.0,0.17872282544589524,0.0,19.67301531446373
40.99,0.7696158157105089,0.10571574927623573,0.0,0.0,35.879840848806666
38.9,0.9143207836477245,0.2262627707289404,0.0,0.0,44.36870026525226
38.9,1.1464131371707325,0.23289720765686905,0.0,0.0,53.6551724137937
39.5,1.46516357500691,0.36507515178354855,0.0,0.0,72.29442970822312
41.2,1.9492312907446259,0.0,0.012891768198199927,0.0,79.70202932031725
41.36,2.6429080842501342,0.0,0.0,0.0361370085880708,110.58270106688565
42.0,3.462359908388027,0.09201674943691174,0.0,0.0,149.28381962864742
40.48,4.354946097453393,0.6052661041381189,0.0,0.0,200.78938992042438
39.45,5.161867705958714,1.9468856096911695,0.0,0.0,280.44031830238794
37.92,5.642791693049151,1.9699404024415808,0.0,0.0,288.67480106100857
37.92,5.748613334604876,2.633349530116609,0.0,0.0,317.84403183023875
36.0,5.589611195218252,2.5536248790523137,0.0,0.0,293.1564986737404
35.42,7.1646025258397845,0.0,0.2150004038238631,0.0,246.15490716180395
34.8,0.0,0.0,3.4482758620689666,10.0,230.65517241379303
34.29,0.0,0.0,0.0,5.278514588859417,185.80371352785144
33.78,0.0,0.0,0.0,4.058355437665782,142.8541114058355
33.78,0.0,0.0,0.0,4.588859416445623,161.52785145888592
32.75,0.0,0.0,0.0,5.623342175066313,197.94164456233418
32.75,0.0,0.0,0.0,6.445623342175066,226.8859416445623
35.82,6.0013733388703185,0.23204841179281743,0.0,0.0,223.28116710875355
38.0,6.080203944750505,1.2938013602892835,0.0,0.0,280.212201591512
36.08,6.099916034458224,1.6189168567884664,0.0,0.0,278.4954907161806
0.0,0.0,0.0,4.641909814323607,10.0,207.683023872679
0.0,0.0,0.0,6.870026525198939,10.0,110.2437665782493
35.62,4.553278701439769,0.0,1.1315280383097779,0.0,121.88275862069028
35.31,4.255799529533455,0.9431394625089915,0.0,0.0,183.57453580901878
35.31,4.499146987684373,0.08971242876126342,0.0,0.0,162.03262599469542
37.36,5.017877876289591,0.0,0.42901845984396747,0.0,170.47449626375956
38.89,5.456773087761248,0.0,0.81486327343762,0.0,177.80222934576426
43.75,5.859615715782194,0.0,1.7482098802384218,0.0,179.87400530504004
52.0,6.076685247056628,0.0,2.4162077934757065,0.0,190.34482758620794
50.9,5.943074248952454,0.0,0.6380344611540263,0.0,270.02652519894
45.3,5.726150349456158,0.0,0.9781397393765623,0.0,215.08488063660567
45.03,5.506401019624082,0.0,1.1297431946903895,0.0,197.0809018567642
44.5,5.257216252427903,0.0,0.42963004553134354,0.0,214.8275862068969
43.9,4.97706819574487,0.0,0.5738851718721847,0.0,193.2997347480109
43.8,4.260769113811449,0.0,2.430530387020997,0.0,80.1644562334218
43.8,3.408546595687934,0.0,1.206955083751577,0.0,96.42970822281242
43.8,2.5749958861495816,0.0,0.3999295731522269,0.0,95.26790450928414
43.8,2.044712671658294,0.0,0.6123519289527017,0.0,62.737400530504935
43.8,1.6747800844287823,0.0,0.13631854596723691,0.0,67.38461538461569
43.8,1.2060297379250997,0.7833601824993175,0.0,0.0,81.60475562614428
43.0,1.2373209687658466,0.8846949463535307,0.0,0.0,86.31008654948053
40.62,1.2685270240582547,0.8004384931831257,0.0,0.0,84.04137931034487
41.58,1.097666663180913,0.042916891195751816,0.0,0.0,47.42546419098172
42.47,0.9199303667857137,0.2737035854689279,0.0,0.0,50.69363395225463
43.05,0.8628224530779356,0.0,0.1466420817251297,0.0,30.831564986738293
43.3,0.8624021871733785,0.0,0.22579741263757014,0.0,27.564986737400503
43.21,0.9184181381778345,0.0,0.0,0.0630142225648711,41.902948384947685
39.5,0.9512697562265799,0.003637405577141097,0.0,0.0,37.71883289124698
39.5,0.8547139093908029,0.25934444604686924,0.0,0.0,44.005305039788055
40.0,0.844868472711827,0.0,0.34088969287097043,0.0,19.13307321809264
40.0,1.1044824345230335,0.0,0.8392304451330919,0.0,7.4713577107999
50.0,1.7099647548483645,0.0,0.5428560015326926,0.0,58.3554376657836
50.0,2.4213496547912072,0.0,0.08713214815990078,0.0,116.71087533156532
41.7,3.053598700927937,0.3681519622020435,0.0,0.0,142.6870026525202
40.5,3.52438174959633,1.064477666849307,0.0,0.0,185.84880636604828
37.35,3.7551296230750424,0.6745785997366287,0.0,0.0,165.44960212201593
37.35,3.635230958786982,0.8475276619026801,0.0,0.0,167.43103448275892
35.81,3.375129414512319,2.036011169042074,0.0,0.0,193.77294429708283
33.0,0.0,0.0,0.0,4.3766578249336865,154.05835543766574
29.67,0.0,0.0,0.0,3.4482758620689657,121.37931034482757
28.99,0.0,0.0,0.0,3.9257294429708223,138.18567639257293
29.67,0.0,0.0,0.0,4.058355437665782,142.8541114058355
32.3,0.0,0.0,0.0,3.0503978779840852,107.37400530503979
38.0,2.6653702063397535,0.0,0.41072829652542175,0.0,83.35167041461072
80.43,2.0861657898674206,0.0,0.17635146625998566,0.0,153.606366047746
105.65,1.7836493508845432,0.0,0.16561221560600714,0.0,170.94562334217736
39.91,1.6756098167561255,0.04852811427837092,0.0,0.0,68.81034482758675
39.4,1.7156082832085744,0.0,0.2036719436860217,0.0,57.13641205014062
39.4,1.6228657056339593,0.0,0.057878968233429764,0.0,61.17660927914938
39.4,1.4495361106259868,0.0,0.5742045456392498,0.0,31.220839795790095
38.5,1.3334882719220023,0.0,1.227387476166017,0.0,-2.8498586037325637
38.5,1.3566244140222299,0.0,0.6404440426694382,0.0,24.069715383680652
38.9,1.4934392435033068,0.49595067692109596,0.0,0.0,77.38726790450927
46.65,1.7447825489101092,0.2976577693922914,0.0,0.0,95.27984084880698
49.68,2.060615488685208,0.0,0.9200319343085439,0.0,56.664190981432675
42.27,2.4877398725122912,0.0,1.4797823128305942,0.0,26.817088769842897
52.74,3.0632757526826833,0.0,1.4982890152821469,0.0,82.53740053050429
50.65,3.5767185128537573,0.0,0.8446230221375768,0.0,138.38063660477454
41.0,3.7139705929553095,0.0,0.6105223170932206,0.0,124.92139450539142
39.0,3.5266183107224105,1.4601190898081011,0.0,0.0,194.48275862068994
37.35,3.2286926772571007,2.235498304175266,0.0,0.0,204.08753315649892
35.81,2.9768946687315143,0.948834774239316,0.0,0.0,140.58037135278545
35.0,0.0,0.0,0.0,2.7586206896551726,97.10344827586206
34.43,0.0,0.0,0.0,1.5915119363395225,56.021220159151184
35.42,1.890312810958779,0.0,1.0415064449110165,0.0,30.064721485411745
33.2,0.0,0.0,0.0,2.1750663129973473,76.56233421750662
32.8,0.0,0.0,0.0,2.625994694960212,92.43501326259945
33.82,0.0,0.0,0.0,5.676392572944296,199.8090185676392
38.95,5.964144016269327,2.20561725694023,0.0,0.0,318.21220159151227
39.46,7.218454200804104,0.0,1.5951120257377918,0.0,209.04047930067009
38.0,7.067157656642627,0.0,0.17060593250467448,0.0,260.7655361929065
37.92,7.529121329075117,0.5610643473174548,0.0,0.0,306.7798408488063
37.92,7.990562935999238,0.25877393402730153,0.0,0.0,312.81485411140636
36.9,8.265232885846672,0.4615575650817192,0.0,0.0,322.01856763925764
36.9,8.407019635989293,0.8767999926579293,0.0,0.0,342.5729442970825
37.92,8.464561512563552,0.7131573203277066,0.0,0.0,348.01909814323653
38.0,8.462035727726791,0.7687335030424414,0.0,0.0,350.76923076923083
38.43,8.459867058296583,0.13429739793683915,0.0,0.0,330.2737400530504
38.95,8.436671435803373,1.0328245854167946,0.0,0.0,368.83687002652556
38.95,8.648165452488255,1.1131077570608265,0.0,0.0,380.2015915119367
39.46,8.624499445628713,1.1367737639203686,0.0,0.0,385.17984084880675
37.92,8.577719803732977,1.1570282068771096,0.0,0.0,369.1416445623345
37.92,8.582482350054896,1.1787908594941765,0.0,0.0,370.14748010610083
36.9,8.612183450419872,0.9634133665562619,0.0,0.0,353.33952254641935
36.9,8.612715798235898,1.0689818144962029,0.0,0.0,357.2546419098145
35.36,8.608834330718427,1.072863282013682,0.0,0.0,342.3448275862074
35.2,9.521734331898237,0.0,10.0257131117391,10.0,334.2599469496015
34.05,0.0,0.0,0.318302387267904,10.0,341.16180371352783
32.95,0.0,0.0,0.5039787798408497,10.0,335.39389920424395
35.06,0.0,0.0,1.5119363395225456,10.0,298.9915119363395
35.4,8.50949958109722,0.0,0.525414700460594,0.0,282.2898310722326
36.94,7.32477069742865,0.6858393821469522,0.0,0.0,295.91193633952275
43.42,7.563673679050313,0.0,0.21619357294949637,0.0,319.02758620689747
93.81,7.032909381764224,0.0,1.8074451907827846,0.0,490.2007957559688
93.81,6.641949262208441,0.0,1.8939386521288615,0.0,445.4108753315653
96.9,6.152816445905586,0.0,2.147511406117781,0.0,388.11405835543826
96.9,5.5549723843676775,0.0,1.178314559433985,0.0,424.0981432360748
80.41,5.262287305539119,0.0,1.9996878360430923,0.0,262.3456233421755
40.3,5.189571670572871,0.0,1.8473966042598562,0.0,128.33461085376058
40.01,5.20542627079465,0.0,1.7836756076646711,0.0,127.91451896920051
39.5,5.094118154654236,0.0,1.6988926904632358,0.0,123.78213827752805
39.5,4.88312724090418,0.0,1.2226497873232596,0.0,136.62940930097196
40.5,4.543545498023082,0.0,0.7239168508082052,0.0,147.9697726681943
42.0,4.067067397546959,0.0,0.9901443206238607,0.0,119.36893179735645
54.25,3.7272244038461295,0.0,1.1542801067638973,0.0,139.58222811671112
54.34,3.8431522295401574,0.0,1.5089347229088594,0.0,126.84137931034475
50.75,4.444674176181907,0.0,0.6250455289670303,0.0,193.846153846155
44.06,5.1301392175117995,0.0,0.037301021225307096,0.0,224.39045092838285
45.14,5.575077368564832,0.28699159695240883,0.0,0.0,264.07711881714727
44.0,5.854556669146756,0.9358942592352197,0.0,0.0,295.15793006556663
43.0,6.47906963875382,0.0,0.961828259443454,0.0,237.24137931034568
43.0,6.022205572490796,0.0,1.4068209571061612,0.0,198.46153846153928
35.49,6.373717566420018,0.0,1.068677778621611,0.0,188.27586206896547
35.36,6.287668732585179,0.0,0.45212496600690955,0.0,206.34482758620763
36.08,6.337974375705859,0.0,0.3167542165546422,0.0,217.24562334217592
37.9,6.43776333482001,0.0,0.9735723533876293,0.0,207.09283819628723
40.07,6.5727432289363605,0.0,1.5594806294668473,0.0,192.64737463715846
40.58,6.7036183712211646,0.0,0.49672181949700445,0.0,247.30602132959396
40.58,7.462488908903668,0.4685455738549571,0.0,0.0,321.841379310345
41.1,8.204903354950307,0.17705950977117807,0.0,0.0,344.49867374005305
48.29,8.469911085863295,0.0,2.077338141566207,0.0,308.6973474801064
50.0,8.523589251141784,0.0,1.9983903121497253,0.0,326.259946949603
49.83,8.593701199907049,0.0,1.7236746747080929,0.0,342.33342175066394
47.26,8.693573904805747,0.0,2.301000960508647,0.0,302.1129973474809
46.0,8.783653200412912,0.0,0.1364383463014871,0.0,397.7718832891256
42.89,8.758574465278,0.0,0.37661160055650633,0.0,359.50238726790485
46.3,8.517658000569014,0.31523324611534786,0.0,0.0,408.9628647214859
61.4,8.022500568911699,0.0,0.22409208084803822,0.0,478.8222811671087
124.36,7.053309175088512,0.13501973737833245,0.0,0.0,884.3190770687968
67.01,6.112795485818988,1.3938358139157754,0.0,0.0,482.01425767951577
49.21,5.3375999222232355,1.0284478231348673,0.0,0.0,313.27320954907225
46.13,4.753072320410405,0.6845934620829706,0.0,0.0,250.83952254641943
41.61,4.197793675781821,0.0,1.1208705988587435,0.0,125.35188849949685
42.69,3.671130621327519,0.0,1.3634383136351929,0.0,98.5153846153854
42.25,3.7511413513703573,0.9438188608312434,0.0,0.0,198.36206896551764
41.2,4.71439043607125,3.4288456381993058,0.0,0.0,335.50132625994695
40.82,6.780916125489768,2.07850032013359,0.0,0.0,361.6413793103455
40.56,7.967711899193005,0.04289818038258987,0.0,0.0,324.9103448275862
39.35,7.774914926272388,0.0,0.3478592233545932,0.0,292.25464190981523
39.0,6.905765846693502,0.5212898562242785,0.0,0.0,289.6551724137934
40.0,6.3892550752973785,2.0457581873020922,0.0,0.0,337.4005305039788
55.03,7.020101049028793,0.9109334337298347,0.0,0.0,436.4448275862073
57.95,6.473240900748616,0.0254328393044414,0.0,0.0,376.5981432360747
55.62,5.555223072743524,0.17421989807877486,0.0,0.0,318.6716180371362
54.14,4.732651635047439,0.0,0.2233678154187828,0.0,244.13262599469547
53.06,4.03249603068439,0.0,0.0,0.02585940698139312,214.8744905138588
38.35,3.277002796920515,0.5426258502943553,0.0,0.0,146.48275862069028
38.8,2.6031144180771015,1.0308378365648085,0.0,0.0,140.9973474801061
45.88,2.1439121107606596,1.3308889502473065,0.0,0.0,159.4238726790455
40.4,1.9199203602854897,1.6875066954174356,0.0,0.0,145.74005305039816
40.4,1.842110745949439,1.0756611373396923,0.0,0.0,117.87798408488091
50.63,2.0133431227176253,0.7718027658765472,0.0,0.0,140.8498577586889
52.4,2.267156279891692,0.17316202249557655,0.0,0.0,127.87267904509287
47.05,2.367992566517856,0.15190133268639633,0.0,0.0,118.5594889442332
45.51,2.387531189736647,0.1854131073455818,0.0,0.0,116.62930806077482
37.8,2.3755586047316193,0.0,0.1739670927952588,0.0,82.47384032310275
37.8,2.4369116381177562,0.0,0.0,0.029931863208505063,93.16886150579055
37.8,2.6806090456510017,0.0,0.7442695231045763,0.0,71.85394881066662
38.04,2.933031158685367,0.32956831081066085,0.0,0.0,124.1092838196289
36.54,2.8250998230517084,0.27834845281037357,0.0,0.0,113.40000000000047
36.06,2.4829023010715296,0.0,0.25478559019619823,0.0,80.34588859416446
39.4,2.2019400976079613,0.45057979629125655,0.0,0.0,102.98181831020182
39.4,1.981141059978416,0.0,0.36310392469987995,0.0,63.75066312997431
39.4,1.66515009567604,0.0,0.25931455190944064,0.0,55.38992042440402
39.4,1.4412523211933017,0.0,0.618971154084548,0.0,32.3978779840849
41.1,1.6384870607196742,0.3774280586437355,0.0,0.0,82.67294593768715
41.57,2.69481311598477,0.35558476199932276,0.0,0.0,126.80503978779873
43.0,2.831728397561591,0.0,1.1871660633440662,0.0,70.71618037135356
43.0,2.525828390102813,0.0,0.48338807180042664,8.881784197001252e-16,87.82493368700264
42.98,2.192455270404439,0.0,0.3622165436139664,0.0,78.66366047745451
40.02,1.8924298804295212,0.0,0.5396447345409054,0.0,54.13846153846241
36.5,1.5980468740782126,0.0,0.351362523945566,0.0,44.51665008755455
36.5,1.3595585510492256,0.0,0.6168529807574487,0.0,25.689991459907727
39.33,1.2365928747909791,0.0,0.86524008964507,0.0,14.605305039788604
41.44,1.2043536692493308,0.0,0.9656268787984018,0.0,9.892838196286505
38.8,1.3585396327340078,0.0,1.2259136380390423,0.0,-4.833048419473144
39.3,1.663034770953539,0.0,1.21210638899067,0.0,3.9398357683168257
36.84,2.0391280758969312,0.0,0.6332925321303465,0.0,48.21921155114583
36.0,2.540894916878031,0.0,0.12710181342973392,0.0,86.15809018811194
36.1,3.011484813492972,0.0,0.12023812914283916,0.0,103.86299325618273
36.1,3.2162229938087634,0.5238300565891143,0.0,0.0,135.0159151193634
36.2,2.996820890084038,0.0,0.07904900679491433,0.0,105.40200495604053
36.0,2.477054869941849,0.0,0.3815641537614708,0.0,74.74321902264774
35.96,1.5336799171867384,0.0,0.0,0.004781621274808858,55.319442890908384
35.0,0.0,0.0,0.0,1.3793103448275863,48.55172413793103
34.0,0.0,0.0,0.0,1.220159151193634,42.94960212201591
34.73,0.0,0.0,0.0,0.7427055702917772,26.143236074270554
36.04,1.238322816908445,0.0,0.4425668487386769,0.0,28.236478244099764
34.73,0.0,0.0,0.0,1.0079575596816976,35.48010610079575
34.0,0.0,0.0,0.0,0.610079575596817,21.474801061007955
34.0,0.0,0.0,0.0,0.3713527851458886,13.071618037135277
35.75,0.6747397796737182,0.06796579061806621,0.0,0.0,26.551724137931295
38.58,0.6117176199183998,0.15751314931237742,0.0,0.0,29.676923076923384
37.97,0.6622678069505028,0.16001336015826523,0.0,0.0,31.22201591511992
37.67,0.769425606867765,0.0,0.3184972249048936,0.0,16.986472148541367
36.1,0.9105076577862352,0.0,0.43305407688435693,0.0,17.236074270557808
35.39,1.0844697963193415,0.0,0.5539658175394795,0.0,18.774535809019316
35.86,1.343025105639306,0.0,0.7064203311034909,0.0,22.828647214854332
38.0,1.7060820278951727,0.0,0.6450740703354905,0.0,40.31830238726793
37.7,2.216881785082066,0.0,0.9436722360104266,0.0,44.49897600440214
37.8,2.6639436889143653,0.0,1.01938135469684,0.0,51.8890921780783
43.3,2.840629686737868,0.0,1.2225925514593357,0.0,70.06100795756046
43.3,2.7297666842320005,0.0,0.7934271616855604,0.0,83.84350132626085
43.3,2.4327248329312123,0.1136942652120379,0.0,0.0,110.13829408582585
43.3,2.0574253305635786,0.17069138031175335,0.0,0.0,96.23848564846541
42.9,1.760019863380169,0.0,0.2746087227966072,0.0,63.7241379310348
42.9,1.4784978646764664,0.0,0.20528831560482708,0.0,54.62068965517332
42.6,1.2609787988925483,0.7018859225928704,0.0,0.0,79.70151368721062
42.3,1.7025916404808896,0.2337478820655292,0.0,4.440892098500626e-16,80.66829802876622
42.1,1.6413421402711048,0.0,0.739485376345355,0.0,37.96816976127407
41.9,1.532589135324411,0.0,1.1347111512395127,0.0,16.671087533157234
43.6,1.1660428413736756,0.0,0.8742656530447637,0.0,12.721485411140563
46.48,0.7970676216607977,0.0,0.6644416269658162,0.0,6.164456233422737
64.1,0.7105923164714163,0.0,0.5514411228374565,0.0,10.201591511936826
40.86,0.8181266044626554,0.0,0.49982421719474457,0.0,5.643424824488243
40.86,1.042593342307086,0.0,0.6447153582221841,0.0,9.900400997638357
53.48,1.196452329372999,0.0,0.5333223558981982,0.0,35.46419098143234
41.85,1.3821656029473104,0.0,0.4537836400825679,0.0,38.85278514588947
41.07,1.5433988674309251,0.0,0.21713892048131633,0.0,54.46949602122043
42.5,1.7071876917303648,0.0,0.380927744780756,0.0,56.36604774535837
43.3,2.0677919985803346,0.10727431441702073,0.0,0.0,93.937931402203
44.8,2.6485655768065772,0.057004714970611686,0.0,0.0,121.04822572825123
39.0,3.3087563764577084,0.3251958781842178,0.0,0.0,141.7241379310351
39.0,4.121187470108724,0.0,0.14240762925989792,0.0,153.61732248158614
39.33,4.793248864342804,0.4322153266386304,0.0,0.0,205.5175066312998
39.0,5.329060622686285,0.0,0.47494921685071745,0.0,187.32505710115112
38.0,5.785910260826683,0.0,0.9583240539301237,0.0,179.66289584904527
37.0,6.002058132288878,0.0,0.29914036040558223,0.0,209.45841049278104
35.8,5.950921887810785,0.0,1.4416380681821324,0.0,152.94111252111298
35.75,5.735393856066165,0.0,2.6849959780820813,0.0,96.5664928398493
41.07,4.318805583122261,0.0,1.0827313125652136,0.0,132.90557029177793
41.07,3.7611843047829794,0.0,0.4190092384699753,0.0,137.26312997347506
42.0,3.2011677692187703,0.03490650133826634,0.0,0.0,135.7350018164901
42.0,3.0348159634400496,0.0,0.5149220642357832,0.0,105.83554376657919
41.07,2.6445934631892065,0.0,0.31037595655790007,0.0,95.86631299734776
37.48,1.4057236179736918,0.13273792048786076,0.0,0.0,57.66153846153899
37.6,1.3150534578922581,0.0,0.12141950563759529,0.0,43.668869938512124
38.6,1.155511309766121,0.0,0.09450335220643247,0.0,39.59027875594309
40.05,1.0685492280327757,0.0,0.0605916683510781,0.0,39.65190082865873
40.05,0.9886922422629834,0.0,0.537763860300112,0.0,12.751952396450886
57.12,0.7153384972672789,0.0,0.18483451848743115,0.0,30.302387267904905
38.6,0.5410914379752843,0.0,0.0,0.015937739743534962,21.4471379448184
37.48,0.3231361686526242,0.0,0.24356057183564062,0.0,1.830451863917963
35.43,0.1396912965020629,0.0,0.1396912965020629,0.0,-0.9387255124938623
36.97,0.19801304799088015,0.0,0.06538705329589867,0.0,4.565131958333669
37.5,0.34126001053738264,0.0,0.0,0.056617973547498104,14.790203064023782
36.97,0.5865074569638722,0.0,0.13557907500100855,0.0,15.465524304408103
36.97,1.0186713314543496,0.0,0.8860453367593824,0.0,-9.707704579289278
36.97,1.4751472400939534,0.0,1.3425212453989808,0.0,-23.558267378585263
35.94,1.7467411687068868,0.0,1.0570859962930754,0.0,4.701572966983946
34.91,0.0,0.0,0.0,0.9549071618037135,33.61273209549071
34.91,0.0,0.0,0.0,1.0610079575596818,37.3474801061008
34.0,0.0,0.0,0.0,1.246684350132626,43.88328912466843
30.8,0.0,0.0,0.0,1.6180371352785148,56.95490716180371
34.74,0.0,0.0,0.0,1.5384615384615385,54.15384615384615
34.74,0.0,0.0,0.0,1.29973474801061,45.75066312997347
34.74,0.0,0.0,0.0,1.5384615384615385,54.15384615384615
34.74,0.0,0.0,0.0,1.5119363395225462,53.22015915119362
34.74,0.0,0.0,0.0,2.1750663129973473,76.56233421750662
35.76,3.2794414564186845,0.0,0.5473459657024833,0.0,94.78238075081711
37.0,3.2451848638733036,0.09699020243969336,0.0,0.0,123.66047745358088
39.0,3.901175055670345,0.0,0.2672228010284119,0.0,138.29299716583057
39.0,4.511632277308923,0.0,1.1959824099349117,0.0,116.35785532799133
38.32,4.724965390630544,0.0,1.1440635338666187,0.0,125.67655809447945
38.32,4.350128763335157,0.0,0.5039749171812886,0.0,144.65307133349364
38.32,4.072513441939847,0.0,1.6056699406135824,0.0,90.04962383651058
41.38,3.864636929382849,0.0,1.344743030178586,0.0,104.27320954907239
41.38,3.772949703354236,0.0,1.0408542126380382,0.0,113.05411140583625
42.8,3.7179356041697424,0.0,1.3837180975384253,0.0,99.90450928382037
42.8,3.774717142434433,0.0,2.024054012460959,0.0,74.92838196286469
42.59,4.0942062320949475,0.0,3.086248672413232,0.0,42.92891246684425
43.34,4.912108855176465,0.0,3.47974811247089,0.0,62.078514588859605
43.42,6.173241504380845,0.0,4.077750788200469,0.0,90.98620689655189
42.56,7.456903773356333,0.0,2.8149939590327087,0.0,197.55968169761343
41.32,8.340089053561044,0.0,2.504545286982795,0.0,241.12466843501323
41.23,8.738987795239677,0.0,4.654107158634899,0.0,168.41962864721498
36.27,8.871283345900336,0.0,3.8049703485528497,0.0,165.94791118256603
35.0,0.0,0.0,0.0,6.843501326259947,240.8912466843501
34.05,0.0,0.0,1.9363395225464188,10.0,286.0676392572944
30.41,0.0,0.0,1.750663129973475,10.0,298.7623342175066
29.8,0.0,0.0,1.750663129973475,10.0,299.8302387267904
27.61,0.0,0.0,1.6180371352785148,10.0,307.3259946949602
28.96,0.0,0.0,2.228116710875332,10.0,287.47374005305034
33.95,0.0,0.0,2.360742705570292,10.0,271.8527851458885
37.56,7.311108128603522,0.06289717643628026,0.0,0.0,276.967639257295
38.2,6.130319541000262,1.0845345704055802,0.0,0.0,275.6074270557032
40.13,5.155347887498338,0.0,0.24818608378480178,0.0,195.38564946355845
37.6,4.117114686137178,1.2940258974172072,0.0,0.0,203.4588859416449
36.53,3.1101008886882724,0.4177505701976829,0.0,0.0,128.87241379310393
35.8,2.3350568491437294,0.0,0.21304093402436536,0.0,74.75596684667458
34.47,0.0,0.0,0.0,2.6790450928381966,94.3023872679045
34.0,0.0,0.0,0.0,3.209549071618037,112.97612732095489
34.0,0.0,0.0,0.0,3.713527851458886,130.71618037135278
35.3,1.9838382126350833,1.093084864288008,0.0,0.0,108.61538461538511
36.02,1.612707902247445,0.16448042666502793,0.0,0.0,64.01432360742729
37.56,1.1569312941347825,0.1693286528148264,0.0,0.0,49.81432360742731
50.96,0.8297328395414372,0.31085071483523496,0.0,0.0,58.124137931035214
50.97,0.6377374771666631,0.0,0.0,0.051917695247139434,34.33298208388412
48.88,0.6085525759411556,1.3277869466052703,0.0,0.0,94.1968283002235
45.52,0.7410277762869981,1.354462939893374,0.0,0.0,93.5988463198713
43.21,0.8219479344366114,1.087866389170824,0.0,0.0,82.52307692307728
37.56,0.7437272593178896,1.431339053679459,0.0,0.0,81.69549071618042
41.46,1.358305929971257,0.41888239894122337,0.0,0.0,73.68222811671143
38.03,1.3942867950956153,0.38290153381685776,0.0,0.0,67.58647214854135
38.03,1.1470251778652667,0.1261843712063584,0.0,0.0,48.42015915119391
38.03,1.0511278241741682,0.1159809291414895,0.0,0.0,44.385145888594465
39.0,0.9817911990451034,0.0,0.00035883830239158426,0.0,38.27481426112278
39.0,0.950867964531481,0.0,0.0,0.05708959515021664,39.093404366015385
41.0,1.0430447303295622,0.09753882404710268,0.0,0.0,46.76392572944326
42.0,0.999627787763604,0.0,0.04472062595988314,0.0,39.838671452516174
42.0,0.9466891826508714,0.0,0.36313480599303993,0.0,21.607836719744533
42.0,0.7172618668144093,0.0,0.637686269997426,0.0,-1.9378672492653841
43.68,0.46741510634375416,0.0,0.2021631169538125,0.0,10.076048412907674
43.37,0.317034734966434,0.0,0.0,0.0543180501794627,15.661791821811327
43.16,0.25072589558284086,0.2267276853190232,0.0,0.0,20.606896551724454
43.12,0.1871478941221909,0.0,0.027996700488216675,0.0,6.742773591407401
46.91,0.12567599732109613,0.0,0.12567599732109613,0.0,0.0
41.62,0.1255408652732939,0.0,0.09901566633427983,0.0,0.6732606312876479
41.62,0.13096917471041714,0.0,0.10444397577141734,0.0,0.5493812684949448
63.66,0.16193057135110678,0.0,0.13540537241210698,0.0,1.6885941644567257
78.93,0.19035620061465153,0.0,0.1373058027366465,0.0,4.187267904510936
78.76,0.21790004898934257,0.0,0.16484965111135175,0.0,4.178249336870557
79.74,0.2971091822472509,0.0,0.1910083864912765,0.0,8.4604774535814
63.0,0.4026901836018819,0.0,0.16396339315095323,0.0,15.039787798408504
60.31,0.4829029018612552,0.0,0.11155011671534609,0.0,22.39628647214978
40.08,0.5114481706248224,0.0,0.033994589722958324,0.0,18.9891429490463
39.06,0.6178175152446457,0.0,0.007737939647827763,0.0,23.790012592418353
39.3,0.6948691681264751,0.0,0.005213995712674558,0.0,27.08269657292592
42.3,0.7846106787781899,0.22334688090351484,0.0,0.0,42.36635504864286
42.3,0.838676680196901,0.0,0.0,0.06318008372882856,37.69996251958368
39.59,0.6629089400859041,0.0,0.37113175175696966,0.0,11.551458885942514
39.97,0.4724328411482386,0.0,0.23370605069731099,0.0,9.541909814323574
38.04,0.3618557384462697,0.0,0.017028152239351613,0.0,13.059686224742155
38.04,0.5559986166115252,0.0,0.02549463783168416,0.0,20.03046288233485
47.29,0.7226678111141833,0.0,0.3247898270293026,0.0,18.815649867374006
48.83,0.9002834167277616,0.0,0.6350314273378199,0.0,12.952254641910852
51.4,1.0799094944026137,0.0,0.8146575050126934,0.0,13.633952254641905
80.42,1.3172442357122307,0.0,0.3358118749695258,6.661338147750939e-16,78.92679045092835
43.9,1.510977575930669,0.0,0.7152216077609084,0.0,34.93368700265249
40.21,1.5301715763607984,0.0,0.9466171997029669,0.0,23.464721485411403
37.01,1.394996270953106,0.0,0.09526152294247403,0.0,47.88884459725292
37.01,1.3406879334578097,0.0,0.279679975898107,0.0,38.6609989615857
38.04,1.6355183014509471,1.2822535818381913,0.0,0.0,110.99204244031881
43.78,2.247033539547626,1.5195447097892512,0.0,0.0,164.9007957559685
44.88,3.1448848172991486,0.8604202224886497,0.0,0.0,179.7580901856764
40.61,4.2080251621341365,0.0,0.3088209181022865,0.0,157.54066175388644
